{
"type": "FeatureCollection",
"name": "spk",
"features": [
{ "type": "Feature", "properties": { "Plang": "20", "Rawang": "5838III1214", "Rai": 3.0, "NGan": 2.0, "Wa": 97.0, "CardID": "3330500078990", "Name": "นางสาวสวิด ปรือปรัก", "ADD": "3 ถ. ซ. ม.11 บ. ต.ปรือใหญ่ อ.ขุขันธ์ จ.ศรีสะเกษ" }, "geometry": { "type": "MultiPolygon", "coordinates": [ [ [ [ 104.192848856520186, 14.612197352985746, 0.0 ], [ 104.192845177401139, 14.611976406242848, 0.0 ], [ 104.192012471963352, 14.612079626662586, 0.0 ], [ 104.191959170531916, 14.611860111431657, 0.0 ], [ 104.191760036254109, 14.611888253576755, 0.0 ], [ 104.191272183158134, 14.611984492984339, 0.0 ], [ 104.191319663393898, 14.612204336293535, 0.0 ], [ 104.191361280615453, 14.612420141238561, 0.0 ], [ 104.191774870221082, 14.612347162832329, 0.0 ], [ 104.192848848641461, 14.612197358319957, 0.0 ], [ 104.192848856520186, 14.612197352985746, 0.0 ] ] ] ] } },
{ "type": "Feature", "properties": { "Plang": "21", "Rawang": "5838III1214", "Rai": 1.0, "NGan": 1.0, "Wa": 64.0, "CardID": "3330500078965", "Name": "นายบุญมา ปรือปรัง", "ADD": "68 ถ. ซ. ม.11 บ. ต.ปรือใหญ่ อ.ขุขันธ์ จ.ศรีสะเกษ" }, "geometry": { "type": "MultiPolygon", "coordinates": [ [ [ [ 104.192822173302616, 14.611758171216595, 0.0 ], [ 104.191959170531916, 14.611860111431657, 0.0 ], [ 104.192012471963352, 14.612079626662586, 0.0 ], [ 104.192845177401139, 14.611976406242848, 0.0 ], [ 104.192822173302616, 14.611758171216595, 0.0 ] ] ] ] } },
{ "type": "Feature", "properties": { "Plang": "22", "Rawang": "5838III1214", "Rai": 1.0, "NGan": 1.0, "Wa": 47.0, "CardID": "5330590008127", "Name": "นายเศรษฐา ปรือปรัก", "ADD": "3 ถ. ซ. ม.11 บ. ต.ปรือใหญ่ อ.ขุขันธ์ จ.ศรีสะเกษ" }, "geometry": { "type": "MultiPolygon", "coordinates": [ [ [ [ 104.190450859027109, 14.612593069519082, 0.0 ], [ 104.191361280615453, 14.612420141238561, 0.0 ], [ 104.191319663393898, 14.612204336293535, 0.0 ], [ 104.190445619211346, 14.612407027785576, 0.0 ], [ 104.190450859027109, 14.612593069519082, 0.0 ] ] ] ] } },
{ "type": "Feature", "properties": { "Plang": "14", "Rawang": "596", "Rai": 11.0, "NGan": 0.0, "Wa": 1.0, "CardID": "3330500080439", "Name": "นางนาค บุตะเคียน", "ADD": "47 ถ. ซ. ม.7 บ. ต.ปรือใหญ่ อ.ขุขันธ์ จ.ศรีสะเกษ" }, "geometry": { "type": "MultiPolygon", "coordinates": [ [ [ [ 104.188559112499263, 14.617510396961336, 0.0 ], [ 104.188414574708418, 14.616255213908905, 0.0 ], [ 104.187811062815214, 14.616326015538245, 0.0 ], [ 104.188447735992483, 14.619336906343005, 0.0 ], [ 104.188858905496659, 14.619303347104745, 0.0 ], [ 104.188732357086707, 14.618532849107172, 0.0 ], [ 104.188559112499263, 14.617510396961336, 0.0 ] ] ] ] } },
{ "type": "Feature", "properties": { "Plang": "10", "Rawang": "507", "Rai": 16.0, "NGan": 3.0, "Wa": 69.0, "CardID": "3330500183882", "Name": "นายพิน บุญสม", "ADD": "13/1 ถ. ซ. ม.13 บ.สมบูรณ์เหนือ ต.ห้วยใต้ อ.ขุขันธ์ จ.ศรีสะเกษ" }, "geometry": { "type": "MultiPolygon", "coordinates": [ [ [ [ 104.149830631842505, 14.635178915574388, 0.0 ], [ 104.147857404463139, 14.635443498600955, 0.0 ], [ 104.147834898774164, 14.636262919682219, 0.0 ], [ 104.150479204248228, 14.635975923681777, 0.0 ], [ 104.15052741764876, 14.635779261966356, 0.0 ], [ 104.150502465107905, 14.635509065213892, 0.0 ], [ 104.150435335015658, 14.63510904723528, 0.0 ], [ 104.149830631842505, 14.635178915574388, 0.0 ] ] ] ] } },
{ "type": "Feature", "properties": { "Plang": "11", "Rawang": "507", "Rai": 17.0, "NGan": 0.0, "Wa": 21.0, "CardID": "3330501434421", "Name": "นายเคลือบ บุญขาว", "ADD": "22 ถ. ซ. ม.6 บ. ต.ห้วยตึ๊กชู อ.ภูสิงห์ จ.ศรีสะเกษ" }, "geometry": { "type": "MultiPolygon", "coordinates": [ [ [ [ 104.145124736048871, 14.636776016224266, 0.0 ], [ 104.146375466050642, 14.636572152905405, 0.0 ], [ 104.146994553033892, 14.636421488728827, 0.0 ], [ 104.147197160261925, 14.63638953236897, 0.0 ], [ 104.147751786925099, 14.636254325389626, 0.0 ], [ 104.147834898774164, 14.636262919682219, 0.0 ], [ 104.147857404463139, 14.635443498600955, 0.0 ], [ 104.146676797943556, 14.635514837075497, 0.0 ], [ 104.146682653525744, 14.635747767618414, 0.0 ], [ 104.145497812377997, 14.635710986237974, 0.0 ], [ 104.145124736048871, 14.636776016224266, 0.0 ] ] ] ] } },
{ "type": "Feature", "properties": { "Plang": "12", "Rawang": "507", "Rai": 5.0, "NGan": 0.0, "Wa": 49.0, "CardID": "3330500171221", "Name": "นายสมบูรณ์ บุญขาว", "ADD": "147 ถ. ซ. ม.3 บ.แขว ต.ห้วยใต้ อ.ขุขันธ์ จ.ศรีสะเกษ" }, "geometry": { "type": "MultiPolygon", "coordinates": [ [ [ [ 104.146676797943556, 14.635514837075497, 0.0 ], [ 104.146742409497378, 14.634642192455042, 0.0 ], [ 104.146340213380839, 14.634972104306405, 0.0 ], [ 104.146189276025325, 14.635049793090678, 0.0 ], [ 104.145775660624707, 14.635446613533588, 0.0 ], [ 104.145616949651469, 14.63555570120195, 0.0 ], [ 104.145535121685782, 14.635649159098932, 0.0 ], [ 104.145497812377997, 14.635710986237974, 0.0 ], [ 104.146682653525744, 14.635747767618414, 0.0 ], [ 104.146676797943556, 14.635514837075497, 0.0 ] ] ] ] } },
{ "type": "Feature", "properties": { "Plang": "13", "Rawang": "507", "Rai": 23.0, "NGan": 0.0, "Wa": 2.0, "CardID": "3330500169481", "Name": "นายรอด บุญขาว", "ADD": "120 ถ. ซ. ม.3 บ.แขว ต.ห้วยใต้ อ.ขุขันธ์ จ.ศรีสะเกษ" }, "geometry": { "type": "MultiPolygon", "coordinates": [ [ [ [ 104.149830631842505, 14.635178915574388, 0.0 ], [ 104.149761273080244, 14.634508492803619, 0.0 ], [ 104.149750732532524, 14.634275707626957, 0.0 ], [ 104.146863234870068, 14.634420856857911, 0.0 ], [ 104.146742409497378, 14.634642192455042, 0.0 ], [ 104.146676797943556, 14.635514837075497, 0.0 ], [ 104.147857404463139, 14.635443498600955, 0.0 ], [ 104.149830631842505, 14.635178915574388, 0.0 ] ] ] ] } },
{ "type": "Feature", "properties": { "Plang": "14", "Rawang": "507", "Rai": 10.0, "NGan": 3.0, "Wa": 97.0, "CardID": "3330501433246", "Name": "นายลิม บุญขาว", "ADD": "298 ถ. ซ. ม.17 บ.นกยูง ต.โสน อ.ขุขันธ์ จ.ศรีสะเกษ" }, "geometry": { "type": "MultiPolygon", "coordinates": [ [ [ [ 104.150435335015658, 14.63510904723528, 0.0 ], [ 104.152540271075992, 14.635077852180311, 0.0 ], [ 104.152467915392904, 14.634816890743062, 0.0 ], [ 104.152451264304091, 14.634600265990775, 0.0 ], [ 104.149761273080244, 14.634508492803619, 0.0 ], [ 104.149830631842505, 14.635178915574388, 0.0 ], [ 104.150435335015658, 14.63510904723528, 0.0 ] ] ] ] } },
{ "type": "Feature", "properties": { "Plang": "15", "Rawang": "507", "Rai": 15.0, "NGan": 3.0, "Wa": 40.0, "CardID": "3330501433238", "Name": "นางสิม ปราถนา", "ADD": "15 ถ. ซ. ม.6 บ.นกยูง ต.ห้วยติ๊กชู อ.ภูสิงห์ จ.ศรีสะเกษ" }, "geometry": { "type": "MultiPolygon", "coordinates": [ [ [ [ 104.152451264304091, 14.634600265990775, 0.0 ], [ 104.152434905394912, 14.634300284337426, 0.0 ], [ 104.152433393551718, 14.634158789621999, 0.0 ], [ 104.150038083947351, 14.634022857355504, 0.0 ], [ 104.146904702623004, 14.634094402700415, 0.0 ], [ 104.146863234870068, 14.634420856857911, 0.0 ], [ 104.149750732532524, 14.634275707626957, 0.0 ], [ 104.149761273080244, 14.634508492803619, 0.0 ], [ 104.152451264304091, 14.634600265990775, 0.0 ] ] ] ] } },
{ "type": "Feature", "properties": { "Plang": "16", "Rawang": "507", "Rai": 4.0, "NGan": 2.0, "Wa": 33.0, "CardID": "3330500164021", "Name": "นายทูล บุญขาว", "ADD": "36 ถ. ซ. ม.3 บ.แขว ต.ห้วยใต้ อ.ขุขันธ์ จ.ศรีสะเกษ" }, "geometry": { "type": "MultiPolygon", "coordinates": [ [ [ [ 104.146965961613276, 14.633930037977059, 0.0 ], [ 104.146904702623004, 14.634094402700415, 0.0 ], [ 104.150038083947351, 14.634022857355504, 0.0 ], [ 104.152433393551718, 14.634158789621999, 0.0 ], [ 104.152429921027775, 14.633982069834483, 0.0 ], [ 104.146965961613276, 14.633930037977059, 0.0 ] ] ] ] } },
{ "type": "Feature", "properties": { "Plang": "17", "Rawang": "507", "Rai": 15.0, "NGan": 0.0, "Wa": 27.0, "CardID": "3330501429028", "Name": "นายชันยะ พลแก้ว", "ADD": "8 ถ. ซ. ม.6 บ.นกยูง ต.ห้วยตึ๊กชู อ.ภูสิงห์ จ.ศรีสะเกษ" }, "geometry": { "type": "MultiPolygon", "coordinates": [ [ [ [ 104.146965961613276, 14.633930037977059, 0.0 ], [ 104.152429921027775, 14.633982069834483, 0.0 ], [ 104.152456770281646, 14.633698955948054, 0.0 ], [ 104.152455237187624, 14.633561875540687, 0.0 ], [ 104.147073783952209, 14.633597909153702, 0.0 ], [ 104.146965961613276, 14.633930037977059, 0.0 ] ] ] ] } },
{ "type": "Feature", "properties": { "Plang": "18", "Rawang": "507", "Rai": 15.0, "NGan": 0.0, "Wa": 88.0, "CardID": "3330501429010", "Name": "นายชาญชัย พลแก้ว", "ADD": "111 ถ. ซ. ม.6 บ.นกยูง ต.ห้วยตึ๊กชู อ.ภูสิงห์ จ.ศรีสะเกษ" }, "geometry": { "type": "MultiPolygon", "coordinates": [ [ [ [ 104.147599659574055, 14.633241828537741, 0.0 ], [ 104.14715983602872, 14.633264825587254, 0.0 ], [ 104.147073783952209, 14.633597909153702, 0.0 ], [ 104.152455237187624, 14.633561875540687, 0.0 ], [ 104.15246520916503, 14.633464690288953, 0.0 ], [ 104.152476503308776, 14.633354619287928, 0.0 ], [ 104.152498089176248, 14.633144246323431, 0.0 ], [ 104.147599659574055, 14.633241828537741, 0.0 ] ] ] ] } },
{ "type": "Feature", "properties": { "Plang": "19", "Rawang": "507", "Rai": 2.0, "NGan": 2.0, "Wa": 14.0, "CardID": "0000000000000", "Name": "นางแสวง บุญขาว", "ADD": "120 ถ. ซ. ม.3 บ.แขว ต.ห้วยใต้ อ.ขุขันธ์ จ.ศรีสะเกษ" }, "geometry": { "type": "MultiPolygon", "coordinates": [ [ [ [ 104.147287062096083, 14.632342135635595, 0.0 ], [ 104.14726761217041, 14.632765480599303, 0.0 ], [ 104.147266174357739, 14.632796775768259, 0.0 ], [ 104.14715983602872, 14.633264825587254, 0.0 ], [ 104.147599659574055, 14.633241828537741, 0.0 ], [ 104.147626181074159, 14.632808993820436, 0.0 ], [ 104.147606441114988, 14.632366114189882, 0.0 ], [ 104.147287062096083, 14.632342135635595, 0.0 ] ] ] ] } },
{ "type": "Feature", "properties": { "Plang": "20", "Rawang": "507", "Rai": 17.0, "NGan": 3.0, "Wa": 2.0, "CardID": "0000000000000", "Name": "นายสมร บุญขาว", "ADD": "41 ถ. ซ. ม.6 บ.นกยูง ต.ห้วยตึ๊กชู อ.ขุขันธ์ จ.ศรีสะเกษ" }, "geometry": { "type": "MultiPolygon", "coordinates": [ [ [ [ 104.147599659574055, 14.633241828537741, 0.0 ], [ 104.152498089176248, 14.633144246323431, 0.0 ], [ 104.152512903214728, 14.633038242199349, 0.0 ], [ 104.152527990814704, 14.632773469340078, 0.0 ], [ 104.152538283897783, 14.63261467692791, 0.0 ], [ 104.148487872750422, 14.63277673723463, 0.0 ], [ 104.147938076024332, 14.632766171511534, 0.0 ], [ 104.14792390528433, 14.632800763185825, 0.0 ], [ 104.147626181074159, 14.632808993820436, 0.0 ], [ 104.147599659574055, 14.633241828537741, 0.0 ] ] ] ] } },
{ "type": "Feature", "properties": { "Plang": "21", "Rawang": "507", "Rai": 2.0, "NGan": 3.0, "Wa": 5.0, "CardID": "3330500167534", "Name": "นางเลียน ธงชัย", "ADD": "32 ถ. ซ. ม.9 บ.ตาตุม ต.ห้วยใต้ อ.ขุขันธ์ จ.ศรีสะเกษ" }, "geometry": { "type": "MultiPolygon", "coordinates": [ [ [ [ 104.148380688043744, 14.632295667478852, 0.0 ], [ 104.147606441114988, 14.632366114189882, 0.0 ], [ 104.147626181074159, 14.632808993820436, 0.0 ], [ 104.14792390528433, 14.632800763185825, 0.0 ], [ 104.147938076024332, 14.632766171511534, 0.0 ], [ 104.148487872750422, 14.63277673723463, 0.0 ], [ 104.148380688043744, 14.632295667478852, 0.0 ] ] ] ] } },
{ "type": "Feature", "properties": { "Plang": "22", "Rawang": "507", "Rai": 14.0, "NGan": 2.0, "Wa": 94.0, "CardID": "3330500173453", "Name": "นายวิน บุญขาว", "ADD": "69 ถ. ซ. ม.9 บ.ตาตุม ต.ห้วยใต้ อ.ขุขันธ์ จ.ศรีสะเกษ" }, "geometry": { "type": "MultiPolygon", "coordinates": [ [ [ [ 104.148380688043744, 14.632295667478852, 0.0 ], [ 104.148487872750422, 14.63277673723463, 0.0 ], [ 104.152538283897783, 14.63261467692791, 0.0 ], [ 104.152556637973987, 14.632469354358696, 0.0 ], [ 104.152565346504758, 14.632264859682488, 0.0 ], [ 104.152563776255377, 14.632136326436482, 0.0 ], [ 104.148380688043744, 14.632295667478852, 0.0 ] ] ] ] } },
{ "type": "Feature", "properties": { "Plang": "23", "Rawang": "507", "Rai": 12.0, "NGan": 2.0, "Wa": 26.0, "CardID": "3330501329686", "Name": "นายประสิทธิ์ ศรีลาชัย", "ADD": "59 ถ. ซ. ม.8 บ.ตาดม ต.ห้วยใต้ อ.ขุขันธ์ จ.ศรีสะเกษ" }, "geometry": { "type": "MultiPolygon", "coordinates": [ [ [ [ 104.152563776255377, 14.632136326436482, 0.0 ], [ 104.152571752571561, 14.63193654745241, 0.0 ], [ 104.152553481310633, 14.631870444968483, 0.0 ], [ 104.148344941376436, 14.631801552321315, 0.0 ], [ 104.148332526485859, 14.63189412240299, 0.0 ], [ 104.148380688043744, 14.632295667478852, 0.0 ], [ 104.152563776255377, 14.632136326436482, 0.0 ] ] ] ] } },
{ "type": "Feature", "properties": { "Plang": "25", "Rawang": "507", "Rai": 9.0, "NGan": 0.0, "Wa": 29.0, "CardID": "3330500184650", "Name": "นายอินทร์ ศรีลาชัย", "ADD": "161 ถ. ซ. ม.4 บ.สมบูรณ์ ต.ห้วยใต้ อ.ขุขันธ์ จ.ศรีสะเกษ" }, "geometry": { "type": "MultiPolygon", "coordinates": [ [ [ [ 104.148344941376436, 14.631801552321315, 0.0 ], [ 104.152553481310633, 14.631870444968483, 0.0 ], [ 104.152548339507348, 14.631594411953071, 0.0 ], [ 104.152110846518397, 14.631588386361525, 0.0 ], [ 104.148626200919736, 14.631475046076261, 0.0 ], [ 104.148372295805771, 14.631381165401097, 0.0 ], [ 104.148344941376436, 14.631801552321315, 0.0 ] ] ] ] } },
{ "type": "Feature", "properties": { "Plang": "10", "Rawang": "499", "Rai": 47.0, "NGan": 2.0, "Wa": 54.0, "CardID": "3330500177106", "Name": "นางเพียน บุญขาว", "ADD": "35 ถ. ซ. ม.4 บ. ต.ห้วยใต้ อ.ขุขันธ์ จ.ศรีสะเกษ" }, "geometry": { "type": "MultiPolygon", "coordinates": [ [ [ [ 104.152687600166317, 14.637347447811621, 0.0 ], [ 104.153152138540136, 14.637331204442868, 0.0 ], [ 104.154003155740284, 14.637314903541329, 0.0 ], [ 104.154530505931888, 14.637292671290604, 0.0 ], [ 104.154715474934207, 14.637279888409575, 0.0 ], [ 104.155676358132354, 14.637235494761763, 0.0 ], [ 104.158147162177485, 14.637102184304963, 0.0 ], [ 104.158135434802261, 14.636869867078435, 0.0 ], [ 104.158022576780226, 14.636595849296979, 0.0 ], [ 104.157898453448567, 14.636329323440261, 0.0 ], [ 104.157866923480285, 14.636127951085486, 0.0 ], [ 104.157864536919504, 14.636112708832215, 0.0 ], [ 104.157767021508377, 14.635937450494444, 0.0 ], [ 104.15261366117015, 14.636170812511081, 0.0 ], [ 104.152604729424738, 14.636192762873826, 0.0 ], [ 104.152687600166317, 14.637347447811621, 0.0 ] ] ] ] } },
{ "type": "Feature", "properties": { "Plang": "13", "Rawang": "499", "Rai": 14.0, "NGan": 0.0, "Wa": 65.0, "CardID": "3330500180182", "Name": "นางวันนา ปราบภัย", "ADD": "89 ถ. ซ. ม.13 บ.สมบูรณ์ ต.ห้วยใต้ อ.ขุขันธ์ จ.ศรีสะเกษ" }, "geometry": { "type": "MultiPolygon", "coordinates": [ [ [ [ 104.15261366117015, 14.636170812511081, 0.0 ], [ 104.157767021508377, 14.635937450494444, 0.0 ], [ 104.157463499158311, 14.635595974643786, 0.0 ], [ 104.157356020751308, 14.635527886432431, 0.0 ], [ 104.156913194693317, 14.635578917702574, 0.0 ], [ 104.155927317916721, 14.635664295488272, 0.0 ], [ 104.153921246511658, 14.635737490286948, 0.0 ], [ 104.152586745572606, 14.635800127227149, 0.0 ], [ 104.15261366117015, 14.636170812511081, 0.0 ] ] ] ] } },
{ "type": "Feature", "properties": { "Plang": "14", "Rawang": "499", "Rai": 12.0, "NGan": 1.0, "Wa": 6.0, "CardID": "3330500175448", "Name": "นางลิ บุตตะเคียน", "ADD": "16 ถ. ซ. ม.13 บ. ต.ห้วยใต้ อ.ขุขันธ์ จ.ศรีสะเกษ" }, "geometry": { "type": "MultiPolygon", "coordinates": [ [ [ [ 104.152566973598326, 14.63560198801196, 0.0 ], [ 104.152586745572606, 14.635800127227149, 0.0 ], [ 104.153921246511658, 14.635737490286948, 0.0 ], [ 104.155927317916721, 14.635664295488272, 0.0 ], [ 104.156913194693317, 14.635578917702574, 0.0 ], [ 104.157356020751308, 14.635527886432431, 0.0 ], [ 104.157269252265266, 14.635451446953873, 0.0 ], [ 104.157067929715666, 14.635086828648138, 0.0 ], [ 104.154737991777708, 14.6353530637845, 0.0 ], [ 104.154042576138394, 14.63546132310066, 0.0 ], [ 104.152782580007454, 14.635579241118387, 0.0 ], [ 104.152566973598326, 14.63560198801196, 0.0 ] ] ] ] } },
{ "type": "Feature", "properties": { "Plang": "15", "Rawang": "499", "Rai": 27.0, "NGan": 0.0, "Wa": 98.0, "CardID": "3330500181341", "Name": "นายเหลือ บุญขาว", "ADD": "104 ถ. ซ. ม.13 บ. ต.ห้วยใต้ อ.ขุขันธ์ จ.ศรีสะเกษ" }, "geometry": { "type": "MultiPolygon", "coordinates": [ [ [ [ 104.152782580007454, 14.635579241118387, 0.0 ], [ 104.154042576138394, 14.63546132310066, 0.0 ], [ 104.154737991777708, 14.6353530637845, 0.0 ], [ 104.157067929715666, 14.635086828648138, 0.0 ], [ 104.156941488770585, 14.63482323596206, 0.0 ], [ 104.156863493120341, 14.634556008072423, 0.0 ], [ 104.156799898244756, 14.634296616149189, 0.0 ], [ 104.15591930341553, 14.634340937710787, 0.0 ], [ 104.155608513471307, 14.634294197100495, 0.0 ], [ 104.155619687067642, 14.634341146313446, 0.0 ], [ 104.155133673495726, 14.634433452318595, 0.0 ], [ 104.15479720253181, 14.634518225956276, 0.0 ], [ 104.153761548304928, 14.634696608266095, 0.0 ], [ 104.152467915392904, 14.634816890743062, 0.0 ], [ 104.152540271075992, 14.635077852180311, 0.0 ], [ 104.152560173238285, 14.63534494801277, 0.0 ], [ 104.152548799017765, 14.635496486269698, 0.0 ], [ 104.152566973598326, 14.63560198801196, 0.0 ], [ 104.152782580007454, 14.635579241118387, 0.0 ] ] ] ] } },
{ "type": "Feature", "properties": { "Plang": "16", "Rawang": "499", "Rai": 8.0, "NGan": 1.0, "Wa": 45.0, "CardID": "3330500177734", "Name": "นางสุพล คำขาว", "ADD": "198 ถ. ซ. ม.4 บ. ต.ห้วยใต้ อ.ขุขันธ์ จ.ศรีสะเกษ" }, "geometry": { "type": "MultiPolygon", "coordinates": [ [ [ [ 104.152451264304091, 14.634600265990775, 0.0 ], [ 104.152467915392904, 14.634816890743062, 0.0 ], [ 104.153761548304928, 14.634696608266095, 0.0 ], [ 104.15479720253181, 14.634518225956276, 0.0 ], [ 104.155133673495726, 14.634433452318595, 0.0 ], [ 104.155619687067642, 14.634341146313446, 0.0 ], [ 104.155608513471307, 14.634294197100495, 0.0 ], [ 104.155510667660295, 14.634275217406479, 0.0 ], [ 104.154354962233896, 14.634223833162757, 0.0 ], [ 104.152434905394912, 14.634300284337426, 0.0 ], [ 104.152451264304091, 14.634600265990775, 0.0 ] ] ] ] } },
{ "type": "Feature", "properties": { "Plang": "17", "Rawang": "499", "Rai": 8.0, "NGan": 0.0, "Wa": 37.0, "CardID": "0000000000000", "Name": "นายมลี วิลา", "ADD": "91 ถ. ซ. ม.5 บ.สระรุน ต.ห้วยใต้ อ.ขุขันธ์ จ.ศรีสะเกษ" }, "geometry": { "type": "MultiPolygon", "coordinates": [ [ [ [ 104.152433393551718, 14.634158789621999, 0.0 ], [ 104.152434905394912, 14.634300284337426, 0.0 ], [ 104.154354962233896, 14.634223833162757, 0.0 ], [ 104.154311299064886, 14.633675959640453, 0.0 ], [ 104.152456770281646, 14.633698955948054, 0.0 ], [ 104.152429921027775, 14.633982069834483, 0.0 ], [ 104.152433393551718, 14.634158789621999, 0.0 ] ] ] ] } },
{ "type": "Feature", "properties": { "Plang": "18", "Rawang": "499", "Rai": 10.0, "NGan": 3.0, "Wa": 94.0, "CardID": "3330500187748", "Name": "นายแลน เพชรล้วน", "ADD": "89 ถ. ซ. ม.5 บ.สระรุน ต.ห้วยใต้ อ.ขุขันธ์ จ.ศรีสะเกษ" }, "geometry": { "type": "MultiPolygon", "coordinates": [ [ [ [ 104.15591930341553, 14.634340937710787, 0.0 ], [ 104.156799898244756, 14.634296616149189, 0.0 ], [ 104.156698309275285, 14.63406249239241, 0.0 ], [ 104.156671407218809, 14.633863439361813, 0.0 ], [ 104.156640641040823, 14.633663799147024, 0.0 ], [ 104.154311299064886, 14.633675959640453, 0.0 ], [ 104.154354962233896, 14.634223833162757, 0.0 ], [ 104.155510667660295, 14.634275217406479, 0.0 ], [ 104.155608513471307, 14.634294197100495, 0.0 ], [ 104.15591930341553, 14.634340937710787, 0.0 ] ] ] ] } },
{ "type": "Feature", "properties": { "Plang": "1", "Rawang": "516", "Rai": 4.0, "NGan": 1.0, "Wa": 90.0, "CardID": "0000000000000", "Name": "นางลา บุญขาว", "ADD": "65 ถ. ซ. ม.8 บ.ตาดม ต.ห้วยใต้ อ.ขุขันธ์ จ.ศรีสะเกษ" }, "geometry": { "type": "MultiPolygon", "coordinates": [ [ [ [ 104.152563776255377, 14.632136326436482, 0.0 ], [ 104.152565346504758, 14.632264859682488, 0.0 ], [ 104.15444110091093, 14.632140172627821, 0.0 ], [ 104.1543910591041, 14.631823117964363, 0.0 ], [ 104.152571752571561, 14.63193654745241, 0.0 ], [ 104.152563776255377, 14.632136326436482, 0.0 ] ] ] ] } },
{ "type": "Feature", "properties": { "Plang": "2", "Rawang": "516", "Rai": 4.0, "NGan": 0.0, "Wa": 6.0, "CardID": "3330501328030", "Name": "นางอรุณี ศรีลาชัย", "ADD": "20 ถ. ซ. ม.8 บ.ตาดม ต.ห้วยใต้ อ.ขุขันธ์ จ.ศรีสะเกษ" }, "geometry": { "type": "MultiPolygon", "coordinates": [ [ [ [ 104.156143565418176, 14.632035213570258, 0.0 ], [ 104.15609566012678, 14.631742326941453, 0.0 ], [ 104.1543910591041, 14.631823117964363, 0.0 ], [ 104.15444110091093, 14.632140172627821, 0.0 ], [ 104.156143565418176, 14.632035213570258, 0.0 ] ] ] ] } },
{ "type": "Feature", "properties": { "Plang": "3", "Rawang": "516", "Rai": 9.0, "NGan": 2.0, "Wa": 99.0, "CardID": "3330501331699", "Name": "นายสมัน ทิพบำรุง", "ADD": "144 ถ. ซ. ม.8 บ.ตาดม ต.ห้วยใต้ อ.ขุขันธ์ จ.ศรีสะเกษ" }, "geometry": { "type": "MultiPolygon", "coordinates": [ [ [ [ 104.152553481310633, 14.631870444968483, 0.0 ], [ 104.152571752571561, 14.63193654745241, 0.0 ], [ 104.1543910591041, 14.631823117964363, 0.0 ], [ 104.15609566012678, 14.631742326941453, 0.0 ], [ 104.15602166808624, 14.631318628905541, 0.0 ], [ 104.154347234157967, 14.631454637673817, 0.0 ], [ 104.154275877858865, 14.631461602933868, 0.0 ], [ 104.152548339507348, 14.631594411953071, 0.0 ], [ 104.152553481310633, 14.631870444968483, 0.0 ] ] ] ] } },
{ "type": "Feature", "properties": { "Plang": "4", "Rawang": "516", "Rai": 4.0, "NGan": 3.0, "Wa": 39.0, "CardID": "3330501328175", "Name": "นางกุหลาบ ศรีลาชัย", "ADD": "11 ถ. ซ. ม.8 บ. ต.ห้วยใต้ อ.ขุขันธ์ จ.ศรีสะเกษ" }, "geometry": { "type": "MultiPolygon", "coordinates": [ [ [ [ 104.152548339507348, 14.631594411953071, 0.0 ], [ 104.154275877858865, 14.631461602933868, 0.0 ], [ 104.154249566543925, 14.631091672357515, 0.0 ], [ 104.152544658496012, 14.631212400143207, 0.0 ], [ 104.152548339507348, 14.631594411953071, 0.0 ] ] ] ] } },
{ "type": "Feature", "properties": { "Plang": "5", "Rawang": "507", "Rai": 4.0, "NGan": 2.0, "Wa": 18.0, "CardID": "3330500182444", "Name": "นายแสวง แก้วคำ", "ADD": "122 ถ. ซ. ม.4 บ.สมบูรณ์ ต.ห้วยใต้ อ.ขุขันธ์ จ.ศรีสะเกษ" }, "geometry": { "type": "MultiPolygon", "coordinates": [ [ [ [ 104.151379764770084, 14.636182773234212, 0.0 ], [ 104.150533200217595, 14.636219878584372, 0.0 ], [ 104.15054944116001, 14.636574053228909, 0.0 ], [ 104.149146800419331, 14.636917774561235, 0.0 ], [ 104.148910579830087, 14.637072155622761, 0.0 ], [ 104.148883643930773, 14.637118360055329, 0.0 ], [ 104.14886734878165, 14.637895943933412, 0.0 ], [ 104.148895675841985, 14.637923185118666, 0.0 ], [ 104.148947378989277, 14.638009113850947, 0.0 ], [ 104.149939599556333, 14.638123269168858, 0.0 ], [ 104.150647212657191, 14.638083524268291, 0.0 ], [ 104.151111902277023, 14.638047674442339, 0.0 ], [ 104.15124244936888, 14.637422117794625, 0.0 ], [ 104.151281141404581, 14.637037034836892, 0.0 ], [ 104.151379764770084, 14.636182773234212, 0.0 ] ] ] ] } },
{ "type": "Feature", "properties": { "Plang": "8", "Rawang": "507", "Rai": 11.0, "NGan": 3.0, "Wa": 40.0, "CardID": "3330501331699", "Name": "นายสมัน ทิพบำรุง", "ADD": "144 ถ. ซ. ม.8 บ.ตาดม ต.ห้วยใต้ อ.ขุขันธ์ จ.ศรีสะเกษ" }, "geometry": { "type": "MultiPolygon", "coordinates": [ [ [ [ 104.146375466050642, 14.636572152905405, 0.0 ], [ 104.145124736048871, 14.636776016224266, 0.0 ], [ 104.145053730638196, 14.636813222322651, 0.0 ], [ 104.145065193082885, 14.637914533724887, 0.0 ], [ 104.14560777328812, 14.637788370860658, 0.0 ], [ 104.146642845451339, 14.637640037711359, 0.0 ], [ 104.146375466050642, 14.636572152905405, 0.0 ] ] ] ] } },
{ "type": "Feature", "properties": { "Plang": "9", "Rawang": "507", "Rai": 18.0, "NGan": 0.0, "Wa": 95.0, "CardID": "3330500552349", "Name": "นายสังวาลย์ พันธุชาติ", "ADD": "178 ถ. ซ. ม.2 บ.อาวอย ต.โสน อ.ขุขันธ์ จ.ศรีสะเกษ" }, "geometry": { "type": "MultiPolygon", "coordinates": [ [ [ [ 104.146642845451339, 14.637640037711359, 0.0 ], [ 104.148883643930773, 14.637118360055329, 0.0 ], [ 104.148910579830087, 14.637072155622761, 0.0 ], [ 104.149146800419331, 14.636917774561235, 0.0 ], [ 104.15054944116001, 14.636574053228909, 0.0 ], [ 104.150533200217595, 14.636219878584372, 0.0 ], [ 104.150479204248228, 14.635975923681777, 0.0 ], [ 104.147834898774164, 14.636262919682219, 0.0 ], [ 104.147751786925099, 14.636254325389626, 0.0 ], [ 104.147197160261925, 14.63638953236897, 0.0 ], [ 104.146994553033892, 14.636421488728827, 0.0 ], [ 104.146375466050642, 14.636572152905405, 0.0 ], [ 104.146642845451339, 14.637640037711359, 0.0 ] ] ] ] } },
{ "type": "Feature", "properties": { "Plang": "1", "Rawang": "499", "Rai": 16.0, "NGan": 3.0, "Wa": 47.0, "CardID": "3330500175511", "Name": "นางสาวแรม คำขาว", "ADD": "17 ถ. ซ. ม.13 บ. ต.ห้วยใต้ อ.ขุขันธ์ จ.ศรีสะเกษ" }, "geometry": { "type": "MultiPolygon", "coordinates": [ [ [ [ 104.15074281494752, 14.639567192058937, 0.0 ], [ 104.151896365326294, 14.639583457060505, 0.0 ], [ 104.151998519189362, 14.638826343599359, 0.0 ], [ 104.152110879544551, 14.63840344280918, 0.0 ], [ 104.152171678279686, 14.637383093702789, 0.0 ], [ 104.151536914878861, 14.63740362772425, 0.0 ], [ 104.15124244936888, 14.637422117794625, 0.0 ], [ 104.151111902277023, 14.638047674442339, 0.0 ], [ 104.15089167404318, 14.63919199445353, 0.0 ], [ 104.150779854578659, 14.639350341729942, 0.0 ], [ 104.15074281494752, 14.639567192058937, 0.0 ] ] ] ] } },
{ "type": "Feature", "properties": { "Plang": "4", "Rawang": "499", "Rai": 7.0, "NGan": 1.0, "Wa": 61.0, "CardID": "3330500183831", "Name": "นางสุพัฒน์ บุญขาว", "ADD": "144 ถ. ซ. ม.3 บ.แขว ต.ห้วยใต้ อ.ขุขันธ์ จ.ศรีสะเกษ" }, "geometry": { "type": "MultiPolygon", "coordinates": [ [ [ [ 104.154530505931888, 14.637292671290604, 0.0 ], [ 104.154295414171358, 14.639698299018027, 0.0 ], [ 104.154765132026199, 14.639702596573182, 0.0 ], [ 104.154721750708802, 14.639068242723095, 0.0 ], [ 104.154661413733521, 14.638801469574018, 0.0 ], [ 104.154662035342312, 14.638331520960579, 0.0 ], [ 104.154715474934207, 14.637279888409575, 0.0 ], [ 104.154530505931888, 14.637292671290604, 0.0 ] ] ] ] } },
{ "type": "Feature", "properties": { "Plang": "5", "Rawang": "499", "Rai": 18.0, "NGan": 1.0, "Wa": 18.0, "CardID": "3330500176614", "Name": "นางจันทร์ พันธ์แก่น", "ADD": "32 ถ. ซ. ม.4 บ.สมบูรณ์ ต.ห้วยใต้ อ.ขุขันธ์ จ.ศรีสะเกษ" }, "geometry": { "type": "MultiPolygon", "coordinates": [ [ [ [ 104.155754917363836, 14.639712084633617, 0.0 ], [ 104.155684910999724, 14.63857812787753, 0.0 ], [ 104.155672974898224, 14.638244238182963, 0.0 ], [ 104.155683674031437, 14.637989186667495, 0.0 ], [ 104.155701836669593, 14.63746388604029, 0.0 ], [ 104.155676358132354, 14.637235494761763, 0.0 ], [ 104.154715474934207, 14.637279888409575, 0.0 ], [ 104.154662035342312, 14.638331520960579, 0.0 ], [ 104.154661413733521, 14.638801469574018, 0.0 ], [ 104.154721750708802, 14.639068242723095, 0.0 ], [ 104.154765132026199, 14.639702596573182, 0.0 ], [ 104.155754917363836, 14.639712084633617, 0.0 ] ] ] ] } },
{ "type": "Feature", "properties": { "Plang": "6", "Rawang": "499", "Rai": 8.0, "NGan": 3.0, "Wa": 17.0, "CardID": "3330500167127", "Name": "นายเสมียน บุญขาว", "ADD": "84 ถ. ซ. ม.3 บ.แขว ต.ห้วยใต้ อ.ขุขันธ์ จ.ศรีสะเกษ" }, "geometry": { "type": "MultiPolygon", "coordinates": [ [ [ [ 104.155754917363836, 14.639712084633617, 0.0 ], [ 104.156632732844116, 14.639739849175974, 0.0 ], [ 104.156577543678011, 14.639025508223913, 0.0 ], [ 104.156593038825392, 14.638693334182387, 0.0 ], [ 104.156520740493519, 14.63815365549619, 0.0 ], [ 104.156120038646591, 14.638399492584483, 0.0 ], [ 104.155828751646737, 14.638520331235513, 0.0 ], [ 104.155684910999724, 14.63857812787753, 0.0 ], [ 104.155754917363836, 14.639712084633617, 0.0 ] ] ] ] } },
{ "type": "Feature", "properties": { "Plang": "8", "Rawang": "499", "Rai": 9.0, "NGan": 2.0, "Wa": 6.0, "CardID": "0000000000000", "Name": "นางลอย คำศรี", "ADD": "69 ถ. ซ. ม.4 บ.สมบูรณ์ ต.ห้วยใต้ อ.ขุขันธ์ จ.ศรีสะเกษ" }, "geometry": { "type": "MultiPolygon", "coordinates": [ [ [ [ 104.157492276988904, 14.63791628890405, 0.0 ], [ 104.157540952889818, 14.638363685879371, 0.0 ], [ 104.157533853039538, 14.638653042382753, 0.0 ], [ 104.157506493556866, 14.638794292059155, 0.0 ], [ 104.157450950570848, 14.63974704772612, 0.0 ], [ 104.158220111806813, 14.639815394322195, 0.0 ], [ 104.158214489347131, 14.639227034863852, 0.0 ], [ 104.158227374852729, 14.639003907478006, 0.0 ], [ 104.158245162756984, 14.638854887135759, 0.0 ], [ 104.158239796095273, 14.638759259310305, 0.0 ], [ 104.158075480695231, 14.638345792102708, 0.0 ], [ 104.158011850179264, 14.638084883135559, 0.0 ], [ 104.158038198923364, 14.63798703759459, 0.0 ], [ 104.158102362354398, 14.637841669924592, 0.0 ], [ 104.157492276988904, 14.63791628890405, 0.0 ] ] ] ] } },
{ "type": "Feature", "properties": { "Plang": "9", "Rawang": "499", "Rai": 17.0, "NGan": 0.0, "Wa": 66.0, "CardID": "3330500181065", "Name": "นายหิง จันทรชิต", "ADD": "99 ถ. ซ. ม.4 บ. ต.ห้วยใต้ อ.ขุขันธ์ จ.ศรีสะเกษ" }, "geometry": { "type": "MultiPolygon", "coordinates": [ [ [ [ 104.15686569504183, 14.638040041728337, 0.0 ], [ 104.157150987057435, 14.637967833111626, 0.0 ], [ 104.157290567103047, 14.637947174534006, 0.0 ], [ 104.157492276988904, 14.63791628890405, 0.0 ], [ 104.158102362354398, 14.637841669924592, 0.0 ], [ 104.158141024915992, 14.637387090452476, 0.0 ], [ 104.158147162177485, 14.637102184304963, 0.0 ], [ 104.155676358132354, 14.637235494761763, 0.0 ], [ 104.155701836669593, 14.63746388604029, 0.0 ], [ 104.155683674031437, 14.637989186667495, 0.0 ], [ 104.155672974898224, 14.638244238182963, 0.0 ], [ 104.155684910999724, 14.63857812787753, 0.0 ], [ 104.155828751646737, 14.638520331235513, 0.0 ], [ 104.156120038646591, 14.638399492584483, 0.0 ], [ 104.156520740493519, 14.63815365549619, 0.0 ], [ 104.156689484060408, 14.638111007482882, 0.0 ], [ 104.15686569504183, 14.638040041728337, 0.0 ] ] ] ] } },
{ "type": "Feature", "properties": { "Plang": "11", "Rawang": "499", "Rai": 12.0, "NGan": 0.0, "Wa": 12.0, "CardID": "3330500179036", "Name": "นายสฤษดิ์ แก้วคำ", "ADD": "65 ถ. ซ. ม.13 บ. ต.ห้วยใต้ อ.ขุขันธ์ จ.ศรีสะเกษ" }, "geometry": { "type": "MultiPolygon", "coordinates": [ [ [ [ 104.152687600166317, 14.637347447811621, 0.0 ], [ 104.152604729424738, 14.636192762873826, 0.0 ], [ 104.152250156055203, 14.636188757000291, 0.0 ], [ 104.151379764770084, 14.636182773234212, 0.0 ], [ 104.151281141404581, 14.637037034836892, 0.0 ], [ 104.15124244936888, 14.637422117794625, 0.0 ], [ 104.151536914878861, 14.63740362772425, 0.0 ], [ 104.152171678279686, 14.637383093702789, 0.0 ], [ 104.152687600166317, 14.637347447811621, 0.0 ] ] ] ] } },
{ "type": "Feature", "properties": { "Plang": "21", "Rawang": "499", "Rai": 7.0, "NGan": 1.0, "Wa": 61.0, "CardID": "3330500177963", "Name": "นายชาติ คำศรี", "ADD": "115 ถ. ซ. ม.4 บ.สมบูรณ์ ต.ห้วยใต้ อ.ขุขันธ์ จ.ศรีสะเกษ" }, "geometry": { "type": "MultiPolygon", "coordinates": [ [ [ [ 104.154530505931888, 14.637292671290604, 0.0 ], [ 104.154003155740284, 14.637314903541329, 0.0 ], [ 104.153863048064338, 14.638335900457102, 0.0 ], [ 104.153782887689985, 14.638829183321123, 0.0 ], [ 104.15385491850509, 14.639680076668462, 0.0 ], [ 104.154295414171358, 14.639698299018027, 0.0 ], [ 104.154530505931888, 14.637292671290604, 0.0 ] ] ] ] } },
{ "type": "Feature", "properties": { "Plang": "4", "Rawang": "517", "Rai": 13.0, "NGan": 0.0, "Wa": 59.0, "CardID": "3330500176258", "Name": "นางสรีบ บุญสม", "ADD": "29 ถ. ซ. ม.4 บ. ต.ห้วยใต้ อ.ขุขันธ์ จ.ศรีสะเกษ" }, "geometry": { "type": "MultiPolygon", "coordinates": [ [ [ [ 104.161651405558686, 14.639088648061282, 0.0 ], [ 104.161599450365642, 14.638873809713234, 0.0 ], [ 104.161514590711789, 14.638623299213235, 0.0 ], [ 104.158243706581942, 14.639220438804008, 0.0 ], [ 104.1582792830758, 14.639802491260689, 0.0 ], [ 104.161651405558686, 14.639088648061282, 0.0 ] ] ] ] } },
{ "type": "Feature", "properties": { "Plang": "5", "Rawang": "517", "Rai": 8.0, "NGan": 1.0, "Wa": 59.0, "CardID": "3330500180921", "Name": "นางสาวคมสรรค์ บุญขาว", "ADD": "96 ถ. ซ. ม.4 บ. ต.ห้วยใต้ อ.ขุขันธ์ จ.ศรีสะเกษ" }, "geometry": { "type": "MultiPolygon", "coordinates": [ [ [ [ 104.161514590711789, 14.638623299213235, 0.0 ], [ 104.161482302775539, 14.638366740852703, 0.0 ], [ 104.161454918495494, 14.638288621332523, 0.0 ], [ 104.158277700464254, 14.638880055348567, 0.0 ], [ 104.158243706581942, 14.639220438804008, 0.0 ], [ 104.161514590711789, 14.638623299213235, 0.0 ] ] ] ] } },
{ "type": "Feature", "properties": { "Plang": "8", "Rawang": "517", "Rai": 8.0, "NGan": 3.0, "Wa": 34.0, "CardID": "3330500180913", "Name": "นางกัลยา มลิพันธ์", "ADD": "96 ถ. ซ. ม.4 บ. ต.ห้วยใต้ อ.ขุขันธ์ จ.ศรีสะเกษ" }, "geometry": { "type": "MultiPolygon", "coordinates": [ [ [ [ 104.161409145386031, 14.637948196900856, 0.0 ], [ 104.158198589718467, 14.638492253315878, 0.0 ], [ 104.158259524011754, 14.63869012708917, 0.0 ], [ 104.158277700464254, 14.638880055348567, 0.0 ], [ 104.161454918495494, 14.638288621332523, 0.0 ], [ 104.161409145386031, 14.637948196900856, 0.0 ] ] ] ] } },
{ "type": "Feature", "properties": { "Plang": "9", "Rawang": "517", "Rai": 17.0, "NGan": 3.0, "Wa": 77.0, "CardID": "3330500175413", "Name": "นายน้อม คำขาว", "ADD": "15 ถ. ซ. ม.4 บ. ต.ห้วยใต้ อ.ขุขันธ์ จ.ศรีสะเกษ" }, "geometry": { "type": "MultiPolygon", "coordinates": [ [ [ [ 104.161409145386031, 14.637948196900856, 0.0 ], [ 104.161409573895057, 14.637835202404681, 0.0 ], [ 104.161417985160725, 14.637233370766987, 0.0 ], [ 104.158161410319977, 14.637764123772147, 0.0 ], [ 104.158179667635537, 14.637839563073653, 0.0 ], [ 104.158117482329416, 14.637933793936478, 0.0 ], [ 104.158062127441369, 14.637996202479831, 0.0 ], [ 104.158080571481605, 14.638137936982515, 0.0 ], [ 104.158147380702502, 14.638407753570345, 0.0 ], [ 104.158198589718467, 14.638492253315878, 0.0 ], [ 104.161409145386031, 14.637948196900856, 0.0 ] ] ] ] } },
{ "type": "Feature", "properties": { "Plang": "11", "Rawang": "517", "Rai": 5.0, "NGan": 0.0, "Wa": 19.0, "CardID": "3330501323238", "Name": "นางจำปา คำขาว", "ADD": "21 ถ. ซ. ม.7 บ.กันแต ต.ห้วยใต้ อ.ขุขันธ์ จ.ศรีสะเกษ" }, "geometry": { "type": "MultiPolygon", "coordinates": [ [ [ [ 104.161457484722234, 14.63698764395553, 0.0 ], [ 104.158169598899789, 14.637552424326154, 0.0 ], [ 104.158161410319977, 14.637764123772147, 0.0 ], [ 104.161417985160725, 14.637233370766987, 0.0 ], [ 104.161457484722234, 14.63698764395553, 0.0 ] ] ] ] } },
{ "type": "Feature", "properties": { "Plang": "12", "Rawang": "517", "Rai": 5.0, "NGan": 3.0, "Wa": 62.0, "CardID": "3330501323301", "Name": "นางสมบูรณ์ คำขาว", "ADD": "106 ถ. ซ. ม.7 บ.กันแต ต.ห้วยใต้ อ.ขุขันธ์ จ.ศรีสะเกษ" }, "geometry": { "type": "MultiPolygon", "coordinates": [ [ [ [ 104.161457484722234, 14.63698764395553, 0.0 ], [ 104.161422692568266, 14.636697228547648, 0.0 ], [ 104.15819150925627, 14.637362543534277, 0.0 ], [ 104.158169598899789, 14.637552424326154, 0.0 ], [ 104.161457484722234, 14.63698764395553, 0.0 ] ] ] ] } },
{ "type": "Feature", "properties": { "Plang": "13", "Rawang": "517", "Rai": 4.0, "NGan": 1.0, "Wa": 94.0, "CardID": "3330501323271", "Name": "นางสาวบรรณ์ คำขาว", "ADD": "21 ถ. ซ. ม.7 บ.กันแต ต.ห้วยใต้ อ.ขุขันธ์ จ.ศรีสะเกษ" }, "geometry": { "type": "MultiPolygon", "coordinates": [ [ [ [ 104.161422692568266, 14.636697228547648, 0.0 ], [ 104.161364605957388, 14.636513388997077, 0.0 ], [ 104.158201071232384, 14.637193614660807, 0.0 ], [ 104.15819150925627, 14.637362543534277, 0.0 ], [ 104.161422692568266, 14.636697228547648, 0.0 ] ] ] ] } },
{ "type": "Feature", "properties": { "Plang": "14", "Rawang": "517", "Rai": 4.0, "NGan": 3.0, "Wa": 76.0, "CardID": "3330501323238", "Name": "นางจำปา คำขาว", "ADD": "21 ถ. ซ. ม.7 บ.กันแต ต.ห้วยใต้ อ.ขุขันธ์ จ.ศรีสะเกษ" }, "geometry": { "type": "MultiPolygon", "coordinates": [ [ [ [ 104.161364605957388, 14.636513388997077, 0.0 ], [ 104.161322958581906, 14.636335286435044, 0.0 ], [ 104.160175678207182, 14.636502176661333, 0.0 ], [ 104.159330225183226, 14.636780159097617, 0.0 ], [ 104.158202797080705, 14.637027547850543, 0.0 ], [ 104.158201071232384, 14.637193614660807, 0.0 ], [ 104.161364605957388, 14.636513388997077, 0.0 ] ] ] ] } },
{ "type": "Feature", "properties": { "Plang": "3", "Rawang": "517", "Rai": 12.0, "NGan": 2.0, "Wa": 61.0, "CardID": "3330500189941", "Name": "นายมัย ศรีสิงห์", "ADD": "126 ถ. ซ. ม.4 บ. ต.ห้วยใต้ อ.ขุขันธ์ จ.ศรีสะเกษ" }, "geometry": { "type": "MultiPolygon", "coordinates": [ [ [ [ 104.161599450365642, 14.638873809713234, 0.0 ], [ 104.161651405558686, 14.639088648061282, 0.0 ], [ 104.161723241450275, 14.639123881242149, 0.0 ], [ 104.161957076725798, 14.639523859895885, 0.0 ], [ 104.163949208532102, 14.639405850811729, 0.0 ], [ 104.163947868088442, 14.63916263907698, 0.0 ], [ 104.16402792409059, 14.639004181291856, 0.0 ], [ 104.164046849510797, 14.638604533444417, 0.0 ], [ 104.162527381553417, 14.638733814549505, 0.0 ], [ 104.161599450365642, 14.638873809713234, 0.0 ] ] ] ] } },
{ "type": "Feature", "properties": { "Plang": "6", "Rawang": "517", "Rai": 13.0, "NGan": 0.0, "Wa": 99.0, "CardID": "3330500175413", "Name": "นายน้อม คำขาว", "ADD": "15 ถ. ซ. ม.4 บ. ต.ห้วยใต้ อ.ขุขันธ์ จ.ศรีสะเกษ" }, "geometry": { "type": "MultiPolygon", "coordinates": [ [ [ [ 104.161514590711789, 14.638623299213235, 0.0 ], [ 104.161599450365642, 14.638873809713234, 0.0 ], [ 104.162527381553417, 14.638733814549505, 0.0 ], [ 104.164046849510797, 14.638604533444417, 0.0 ], [ 104.164788874245545, 14.638487220373404, 0.0 ], [ 104.164693839068775, 14.637901429248137, 0.0 ], [ 104.161482302775539, 14.638366740852703, 0.0 ], [ 104.161514590711789, 14.638623299213235, 0.0 ] ] ] ] } },
{ "type": "Feature", "properties": { "Plang": "7", "Rawang": "517", "Rai": 13.0, "NGan": 0.0, "Wa": 5.0, "CardID": "3330500182797", "Name": "นายลิม แก้วคำ", "ADD": "132 ถ. ซ. ม.4 บ. ต.ห้วยใต้ อ.ขุขันธ์ จ.ศรีสะเกษ" }, "geometry": { "type": "MultiPolygon", "coordinates": [ [ [ [ 104.161454918495494, 14.638288621332523, 0.0 ], [ 104.161482302775539, 14.638366740852703, 0.0 ], [ 104.164693839068775, 14.637901429248137, 0.0 ], [ 104.164742498350179, 14.637602679678427, 0.0 ], [ 104.164740609738104, 14.637367387848601, 0.0 ], [ 104.163780317105179, 14.637460704839787, 0.0 ], [ 104.163241521779867, 14.637612843977392, 0.0 ], [ 104.161409573895057, 14.637835202404681, 0.0 ], [ 104.161409145386031, 14.637948196900856, 0.0 ], [ 104.161454918495494, 14.638288621332523, 0.0 ] ] ] ] } },
{ "type": "Feature", "properties": { "Plang": "10", "Rawang": "517", "Rai": 19.0, "NGan": 3.0, "Wa": 20.0, "CardID": "0000000000000", "Name": "นายทอน แก้วคำ", "ADD": "159 ถ. ซ. ม.4 บ.สมบูรณ์ ต.ห้วยใต้ อ.ขุขันธ์ จ.ศรีสะเกษ" }, "geometry": { "type": "MultiPolygon", "coordinates": [ [ [ [ 104.161417985160725, 14.637233370766987, 0.0 ], [ 104.161409573895057, 14.637835202404681, 0.0 ], [ 104.163241521779867, 14.637612843977392, 0.0 ], [ 104.163780317105179, 14.637460704839787, 0.0 ], [ 104.164740609738104, 14.637367387848601, 0.0 ], [ 104.164735736451107, 14.637177146108289, 0.0 ], [ 104.164757778097339, 14.636769394137479, 0.0 ], [ 104.161457484722234, 14.63698764395553, 0.0 ], [ 104.161417985160725, 14.637233370766987, 0.0 ] ] ] ] } },
{ "type": "Feature", "properties": { "Plang": "5", "Rawang": "505", "Rai": 30.0, "NGan": 2.0, "Wa": 27.0, "CardID": "3330500178021", "Name": "นางยุน แก้วคำ", "ADD": "50 ถ. ซ. ม.4 บ. ต.ห้วยใต้ อ.ขุขันธ์ จ.ศรีสะเกษ" }, "geometry": { "type": "MultiPolygon", "coordinates": [ [ [ [ 104.164111569889798, 14.640725652078094, 0.0 ], [ 104.165624312342061, 14.641041431765796, 0.0 ], [ 104.167209528141029, 14.640737485972188, 0.0 ], [ 104.168270354877805, 14.640542302619881, 0.0 ], [ 104.169097018234822, 14.640457116504203, 0.0 ], [ 104.168964554775854, 14.639737805560209, 0.0 ], [ 104.166964739662532, 14.640121311634543, 0.0 ], [ 104.166870826219252, 14.639633820582919, 0.0 ], [ 104.166804025903289, 14.639622754329459, 0.0 ], [ 104.166164162844154, 14.639773543280613, 0.0 ], [ 104.165910444999597, 14.639855890950678, 0.0 ], [ 104.165313389550079, 14.640124333215248, 0.0 ], [ 104.164108663198874, 14.640254476601626, 0.0 ], [ 104.164111569889798, 14.640725652078094, 0.0 ] ] ] ] } },
{ "type": "Feature", "properties": { "Plang": "6", "Rawang": "505", "Rai": 6.0, "NGan": 1.0, "Wa": 14.0, "CardID": "3330500183394", "Name": "นางยิบ บุญขาว", "ADD": "140/1 ถ. ซ. ม.4 บ. ต.ห้วยใต้ อ.ขุขันธ์ จ.ศรีสะเกษ" }, "geometry": { "type": "MultiPolygon", "coordinates": [ [ [ [ 104.168912042625834, 14.639474886488633, 0.0 ], [ 104.16756721972024, 14.6395163787853, 0.0 ], [ 104.166870826219252, 14.639633820582919, 0.0 ], [ 104.166964739662532, 14.640121311634543, 0.0 ], [ 104.168964554775854, 14.639737805560209, 0.0 ], [ 104.168912042625834, 14.639474886488633, 0.0 ] ] ] ] } },
{ "type": "Feature", "properties": { "Plang": "7", "Rawang": "505", "Rai": 11.0, "NGan": 0.0, "Wa": 34.0, "CardID": "3330500180018", "Name": "นายประเสริฐ ศรีสิงห์", "ADD": "60 ถ. ซ. ม.4 บ.สมบูรณ์ ต.ห้วยใต้ อ.ขุขันธ์ จ.ศรีสะเกษ" }, "geometry": { "type": "MultiPolygon", "coordinates": [ [ [ [ 104.169462316131359, 14.639393233227178, 0.0 ], [ 104.169791753711507, 14.639343591455223, 0.0 ], [ 104.169955222622576, 14.63932691008085, 0.0 ], [ 104.1696866341603, 14.638781444213178, 0.0 ], [ 104.166780266616655, 14.639258530831276, 0.0 ], [ 104.166804025903289, 14.639622754329459, 0.0 ], [ 104.166870826219252, 14.639633820582919, 0.0 ], [ 104.16756721972024, 14.6395163787853, 0.0 ], [ 104.168912042625834, 14.639474886488633, 0.0 ], [ 104.169462316131359, 14.639393233227178, 0.0 ] ] ] ] } },
{ "type": "Feature", "properties": { "Plang": "8", "Rawang": "505", "Rai": 9.0, "NGan": 0.0, "Wa": 19.0, "CardID": "3330500180026", "Name": "นางฮวย ศรีสิงห์", "ADD": "200 ถ. ซ. ม.4 บ. ต.ห้วยใต้ อ.ขุขันธ์ จ.ศรีสะเกษ" }, "geometry": { "type": "MultiPolygon", "coordinates": [ [ [ [ 104.164067385808337, 14.639908657174246, 0.0 ], [ 104.164108663198874, 14.640254476601626, 0.0 ], [ 104.165313389550079, 14.640124333215248, 0.0 ], [ 104.165910444999597, 14.639855890950678, 0.0 ], [ 104.166164162844154, 14.639773543280613, 0.0 ], [ 104.166804025903289, 14.639622754329459, 0.0 ], [ 104.166780266616655, 14.639258530831276, 0.0 ], [ 104.165122883407804, 14.639635021732737, 0.0 ], [ 104.164032908740595, 14.639800026184384, 0.0 ], [ 104.164067385808337, 14.639908657174246, 0.0 ] ] ] ] } },
{ "type": "Feature", "properties": { "Plang": "9", "Rawang": "505", "Rai": 8.0, "NGan": 1.0, "Wa": 13.0, "CardID": "3330500180034", "Name": "นายเสียด ศรีสิงห์", "ADD": "154 ถ. ซ. ม.4 บ. ต.ห้วยใต้ อ.ขุขันธ์ จ.ศรีสะเกษ" }, "geometry": { "type": "MultiPolygon", "coordinates": [ [ [ [ 104.166780266616655, 14.639258530831276, 0.0 ], [ 104.166732768704875, 14.638858744649079, 0.0 ], [ 104.165042318078235, 14.639236890660134, 0.0 ], [ 104.163949208532102, 14.639405850811729, 0.0 ], [ 104.164032908740595, 14.639800026184384, 0.0 ], [ 104.165122883407804, 14.639635021732737, 0.0 ], [ 104.166780266616655, 14.639258530831276, 0.0 ] ] ] ] } },
{ "type": "Feature", "properties": { "Plang": "10", "Rawang": "505", "Rai": 9.0, "NGan": 1.0, "Wa": 72.0, "CardID": "3330500184251", "Name": "นายสมพงค์ บุญขาว", "ADD": "207 ถ. ซ. ม.3 บ.แขว ต.ห้วยใต้ อ.ขุขันธ์ จ.ศรีสะเกษ" }, "geometry": { "type": "MultiPolygon", "coordinates": [ [ [ [ 104.1696866341603, 14.638781444213178, 0.0 ], [ 104.169394602585086, 14.638454348911154, 0.0 ], [ 104.16924402829514, 14.638329482626936, 0.0 ], [ 104.166732768704875, 14.638858744649079, 0.0 ], [ 104.166780266616655, 14.639258530831276, 0.0 ], [ 104.1696866341603, 14.638781444213178, 0.0 ] ] ] ] } },
{ "type": "Feature", "properties": { "Plang": "11", "Rawang": "505", "Rai": 16.0, "NGan": 0.0, "Wa": 26.0, "CardID": "3330500183262", "Name": "นายพี บุญตา", "ADD": "139 ถ. ซ. ม.4 บ. ต.ห้วยใต้ อ.ขุขันธ์ จ.ศรีสะเกษ" }, "geometry": { "type": "MultiPolygon", "coordinates": [ [ [ [ 104.16924402829514, 14.638329482626936, 0.0 ], [ 104.169081445459852, 14.638211113099182, 0.0 ], [ 104.169003760243413, 14.637914930348083, 0.0 ], [ 104.165419345897647, 14.638739204439936, 0.0 ], [ 104.164790651399954, 14.638885669724987, 0.0 ], [ 104.16402792409059, 14.639004181291856, 0.0 ], [ 104.163947868088442, 14.63916263907698, 0.0 ], [ 104.163949208532102, 14.639405850811729, 0.0 ], [ 104.165042318078235, 14.639236890660134, 0.0 ], [ 104.166732768704875, 14.638858744649079, 0.0 ], [ 104.16924402829514, 14.638329482626936, 0.0 ] ] ] ] } },
{ "type": "Feature", "properties": { "Plang": "12", "Rawang": "505", "Rai": 15.0, "NGan": 0.0, "Wa": 75.0, "CardID": "3330500179254", "Name": "นางสมัญ วงษ์ขันธ์", "ADD": "183 ถ. ซ. ม.4 บ. ต.ห้วยใต้ อ.ภูสิงห์ จ.ศรีสะเกษ" }, "geometry": { "type": "MultiPolygon", "coordinates": [ [ [ [ 104.164046849510797, 14.638604533444417, 0.0 ], [ 104.16402792409059, 14.639004181291856, 0.0 ], [ 104.164790651399954, 14.638885669724987, 0.0 ], [ 104.165419345897647, 14.638739204439936, 0.0 ], [ 104.169003760243413, 14.637914930348083, 0.0 ], [ 104.168864519874049, 14.637578113067347, 0.0 ], [ 104.167074939144456, 14.637920424626499, 0.0 ], [ 104.16556492861929, 14.638276769098434, 0.0 ], [ 104.164788874245545, 14.638487220373404, 0.0 ], [ 104.164046849510797, 14.638604533444417, 0.0 ] ] ] ] } },
{ "type": "Feature", "properties": { "Plang": "13", "Rawang": "505", "Rai": 12.0, "NGan": 3.0, "Wa": 79.0, "CardID": "3330500174557", "Name": "นางขะมา ทองแพรว", "ADD": "4 ถ. ซ. ม.13 บ. ต.ห้วยใต้ อ.ขุขันธ์ จ.ศรีสะเกษ" }, "geometry": { "type": "MultiPolygon", "coordinates": [ [ [ [ 104.164693839068775, 14.637901429248137, 0.0 ], [ 104.164788874245545, 14.638487220373404, 0.0 ], [ 104.16556492861929, 14.638276769098434, 0.0 ], [ 104.167074939144456, 14.637920424626499, 0.0 ], [ 104.166999506797808, 14.637292835498096, 0.0 ], [ 104.165879004387079, 14.637440762240859, 0.0 ], [ 104.164742498350179, 14.637602679678427, 0.0 ], [ 104.164693839068775, 14.637901429248137, 0.0 ] ] ] ] } },
{ "type": "Feature", "properties": { "Plang": "15", "Rawang": "517", "Rai": 23.0, "NGan": 0.0, "Wa": 97.0, "CardID": "3330500175430", "Name": "นายผิด แก้วคำ", "ADD": "44 ถ. ซ. ม.4 บ. ต.ห้วยใต้ อ.ขุขันธ์ จ.ศรีสะเกษ" }, "geometry": { "type": "MultiPolygon", "coordinates": [ [ [ [ 104.161457484722234, 14.63698764395553, 0.0 ], [ 104.164757778097339, 14.636769394137479, 0.0 ], [ 104.164744646307355, 14.636601792979612, 0.0 ], [ 104.164707033730622, 14.635806524194042, 0.0 ], [ 104.163346972138967, 14.63581128954068, 0.0 ], [ 104.163320396684782, 14.635642611920929, 0.0 ], [ 104.162166441847688, 14.635976389177788, 0.0 ], [ 104.161322958581906, 14.636335286435044, 0.0 ], [ 104.161364605957388, 14.636513388997077, 0.0 ], [ 104.161422692568266, 14.636697228547648, 0.0 ], [ 104.161457484722234, 14.63698764395553, 0.0 ] ] ] ] } },
{ "type": "Feature", "properties": { "Plang": "8", "Rawang": "1118", "Rai": 2.0, "NGan": 1.0, "Wa": 10.0, "CardID": "3330500130827", "Name": "นายสุเทียน ทองลอย", "ADD": "59 ถ. ซ. ม.10 บ.โคกตาลกลาง ต.โคกตาล อ.ภูสิงห์ จ.ศรีสะเกษ" }, "geometry": { "type": "MultiPolygon", "coordinates": [ [ [ [ 104.20488053973267, 14.579429845853454, 0.0 ], [ 104.205240360708302, 14.579312361446926, 0.0 ], [ 104.205133802409605, 14.578430193955308, 0.0 ], [ 104.204838833576005, 14.578447387246623, 0.0 ], [ 104.20488053973267, 14.579429845853454, 0.0 ] ] ] ] } },
{ "type": "Feature", "properties": { "Plang": "35", "Rawang": "1118", "Rai": 2.0, "NGan": 1.0, "Wa": 21.0, "CardID": "3330500125629", "Name": "นายมี วันคำ", "ADD": "29 ถ. ซ. ม.1 บ.โคกตาล ต.โคกตาล อ.ภูสิงห์ จ.ศรีสะเกษ" }, "geometry": { "type": "MultiPolygon", "coordinates": [ [ [ [ 104.205133802409605, 14.578430193955308, 0.0 ], [ 104.205240360708302, 14.579312361446926, 0.0 ], [ 104.205666314200997, 14.579162314325464, 0.0 ], [ 104.205434525627524, 14.578413465434624, 0.0 ], [ 104.205133802409605, 14.578430193955308, 0.0 ] ] ] ] } },
{ "type": "Feature", "properties": { "Plang": "20", "Rawang": "499", "Rai": 8.0, "NGan": 0.0, "Wa": 0.0, "CardID": "3330500186032", "Name": "นายนิยม บุรีแสง", "ADD": "46 ถ. ซ. ม.5 บ.สระรุน ต.ห้วยใต้ อ.ขุขันธ์ จ.ศรีสะเกษ" }, "geometry": { "type": "MultiPolygon", "coordinates": [ [ [ [ 104.152527990814704, 14.632773469340078, 0.0 ], [ 104.156354595615085, 14.632483860026285, 0.0 ], [ 104.1562854417827, 14.632367578418735, 0.0 ], [ 104.15619235274373, 14.632234324439656, 0.0 ], [ 104.152556637973987, 14.632469354358696, 0.0 ], [ 104.152538283897783, 14.63261467692791, 0.0 ], [ 104.152527990814704, 14.632773469340078, 0.0 ] ] ] ] } },
{ "type": "Feature", "properties": { "Plang": "23", "Rawang": "499", "Rai": 5.0, "NGan": 2.0, "Wa": 63.0, "CardID": "3330500186016", "Name": "นางแต๋ว บุรีแสง", "ADD": "16 ถ. ซ. ม.5 บ.สระรุน ต.ห้วยใต้ อ.ขุขันธ์ จ.ศรีสะเกษ" }, "geometry": { "type": "MultiPolygon", "coordinates": [ [ [ [ 104.156143565418176, 14.632035213570258, 0.0 ], [ 104.15444110091093, 14.632140172627821, 0.0 ], [ 104.152565346504758, 14.632264859682488, 0.0 ], [ 104.152556637973987, 14.632469354358696, 0.0 ], [ 104.15619235274373, 14.632234324439656, 0.0 ], [ 104.156143565418176, 14.632035213570258, 0.0 ] ] ] ] } },
{ "type": "Feature", "properties": { "Plang": "22", "Rawang": "499", "Rai": 8.0, "NGan": 0.0, "Wa": 0.0, "CardID": "3330500186041", "Name": "นางสำเนียง เทาศิริ", "ADD": "16/1 ถ. ซ. ม.5 บ.สระรุน ต.ห้วยใต้ อ.ขุขันธ์ จ.ศรีสะเกษ" }, "geometry": { "type": "MultiPolygon", "coordinates": [ [ [ [ 104.156354595615085, 14.632483860026285, 0.0 ], [ 104.152527990814704, 14.632773469340078, 0.0 ], [ 104.152512903214728, 14.633038242199349, 0.0 ], [ 104.156454703276552, 14.632821087373037, 0.0 ], [ 104.156354595615085, 14.632483860026285, 0.0 ] ] ] ] } },
{ "type": "Feature", "properties": { "Plang": "7", "Rawang": "499", "Rai": 4.0, "NGan": 2.0, "Wa": 77.0, "CardID": "3330500180852", "Name": "นางลาด มังคะชาติ", "ADD": "5 ถ. ซ. ม.11 บ.ตำหนัก ต.ตะเคียนราม อ.ภูสิงห์ จ.ศรีสะเกษ" }, "geometry": { "type": "MultiPolygon", "coordinates": [ [ [ [ 104.157185368148234, 14.639747476125672, 0.0 ], [ 104.157450950570848, 14.63974704772612, 0.0 ], [ 104.157506493556866, 14.638794292059155, 0.0 ], [ 104.157533853039538, 14.638653042382753, 0.0 ], [ 104.157540952889818, 14.638363685879371, 0.0 ], [ 104.157492276988904, 14.63791628890405, 0.0 ], [ 104.157290567103047, 14.637947174534006, 0.0 ], [ 104.157150987057435, 14.637967833111626, 0.0 ], [ 104.157185368148234, 14.639747476125672, 0.0 ] ] ] ] } },
{ "type": "Feature", "properties": { "Plang": "25", "Rawang": "499", "Rai": 3.0, "NGan": 2.0, "Wa": 75.0, "CardID": "3330500180891", "Name": "นางสุดท้าย คำศรี", "ADD": "7/1 ถ. ซ. ม.13 บ.สมบูรณ์เหนือ ต.ห้วยใต้ อ.ขุขันธ์ จ.ศรีสะเกษ" }, "geometry": { "type": "MultiPolygon", "coordinates": [ [ [ [ 104.156971436466435, 14.639746703041839, 0.0 ], [ 104.15686569504183, 14.638040041728337, 0.0 ], [ 104.156689484060408, 14.638111007482882, 0.0 ], [ 104.156520740493519, 14.63815365549619, 0.0 ], [ 104.156593038825392, 14.638693334182387, 0.0 ], [ 104.156577543678011, 14.639025508223913, 0.0 ], [ 104.156632732844116, 14.639739849175974, 0.0 ], [ 104.156971436466435, 14.639746703041839, 0.0 ] ] ] ] } },
{ "type": "Feature", "properties": { "Plang": "24", "Rawang": "499", "Rai": 3.0, "NGan": 2.0, "Wa": 3.0, "CardID": "3330500180883", "Name": "นางบุปผา พันธุ์เรณู", "ADD": "95 ถ. ซ. ม.13 บ.สมบูรณ์ ต.ห้วยใต้ อ.ขุขันธ์ จ.ศรีสะเกษ" }, "geometry": { "type": "MultiPolygon", "coordinates": [ [ [ [ 104.157150987057435, 14.637967833111626, 0.0 ], [ 104.15686569504183, 14.638040041728337, 0.0 ], [ 104.156971436466435, 14.639746703041839, 0.0 ], [ 104.157185368148234, 14.639747476125672, 0.0 ], [ 104.157150987057435, 14.637967833111626, 0.0 ] ] ] ] } },
{ "type": "Feature", "properties": { "Plang": "6", "Rawang": "779", "Rai": 6.0, "NGan": 1.0, "Wa": 36.0, "CardID": "5330500042002", "Name": "นายสรด ปรือปรัง", "ADD": "102 ถ. ซ. ม.5 บ.ละเบาะ ต.ตะเคียนราม อ.ภูสิงห์ จ.ศรีสะเกษ" }, "geometry": { "type": "MultiPolygon", "coordinates": [ [ [ [ 104.19726991405382, 14.587188218129262, 0.0 ], [ 104.197618271410278, 14.587756560870574, 0.0 ], [ 104.198743769830443, 14.587360050566865, 0.0 ], [ 104.198743984613643, 14.58730055397136, 0.0 ], [ 104.198713587523088, 14.586790830484263, 0.0 ], [ 104.198397634461557, 14.58683624818508, 0.0 ], [ 104.197853791400334, 14.587001183202419, 0.0 ], [ 104.19726991405382, 14.587188218129262, 0.0 ] ] ] ] } },
{ "type": "Feature", "properties": { "Plang": "26", "Rawang": "779", "Rai": 7.0, "NGan": 2.0, "Wa": 79.0, "CardID": "3330500135977", "Name": "นายวีระพล รัตนพันธ์", "ADD": "27 ถ. ซ. ม.10 บ. ต.โคกตาล อ.ภูสิงห์ จ.ศรีสะเกษ" }, "geometry": { "type": "MultiPolygon", "coordinates": [ [ [ [ 104.202749558520679, 14.580963354630525, 0.0 ], [ 104.202227524940199, 14.581186310724348, 0.0 ], [ 104.202656829025088, 14.582989850652229, 0.0 ], [ 104.2031777194141, 14.582890428352844, 0.0 ], [ 104.202749558520679, 14.580963354630525, 0.0 ] ] ] ] } },
{ "type": "Feature", "properties": { "Plang": "27", "Rawang": "779", "Rai": 3.0, "NGan": 2.0, "Wa": 16.0, "CardID": "3330500129471", "Name": "นายสุวิด รัตนพันธ์", "ADD": "19 ถ. ซ. ม.10 บ. ต.โคกตาล อ.ภูสิงห์ จ.ศรีสะเกษ" }, "geometry": { "type": "MultiPolygon", "coordinates": [ [ [ [ 104.202749558520679, 14.580963354630525, 0.0 ], [ 104.2031777194141, 14.582890428352844, 0.0 ], [ 104.203431528559278, 14.58285501794953, 0.0 ], [ 104.202980299083578, 14.580917682975487, 0.0 ], [ 104.202749558520679, 14.580963354630525, 0.0 ] ] ] ] } },
{ "type": "Feature", "properties": { "Plang": "22", "Rawang": "779", "Rai": 8.0, "NGan": 1.0, "Wa": 6.0, "CardID": "3330500126447", "Name": "นางยิน รัตนพันธ์", "ADD": "40 ถ. ซ. ม.1 บ. ต.โคกตาล อ.ภูสิงห์ จ.ศรีสะเกษ" }, "geometry": { "type": "MultiPolygon", "coordinates": [ [ [ [ 104.201669927188533, 14.583504134010356, 0.0 ], [ 104.201854754679871, 14.584359096201263, 0.0 ], [ 104.20211598519063, 14.584310323804916, 0.0 ], [ 104.202243484375771, 14.584257409699539, 0.0 ], [ 104.20164809146091, 14.581430615781946, 0.0 ], [ 104.201292465839842, 14.581586828657313, 0.0 ], [ 104.201669927188533, 14.583504134010356, 0.0 ] ] ] ] } },
{ "type": "Feature", "properties": { "Plang": "21", "Rawang": "779", "Rai": 11.0, "NGan": 2.0, "Wa": 73.0, "CardID": "0000000000000", "Name": "นายดอน รัตนพันธ์", "ADD": "ถ. ซ. ม.1 บ. ต.โคกตาล อ.ขุขันธ์ จ.ศรีสะเกษ" }, "geometry": { "type": "MultiPolygon", "coordinates": [ [ [ [ 104.200617776343393, 14.58257677997624, 0.0 ], [ 104.200695091008129, 14.583033890606799, 0.0 ], [ 104.200724658427845, 14.583474490199233, 0.0 ], [ 104.200746792312586, 14.583597804014396, 0.0 ], [ 104.201669927188533, 14.583504134010356, 0.0 ], [ 104.201292465839842, 14.581586828657313, 0.0 ], [ 104.200450314866899, 14.581994717651149, 0.0 ], [ 104.200617776343393, 14.58257677997624, 0.0 ] ] ] ] } },
{ "type": "Feature", "properties": { "Plang": "23", "Rawang": "779", "Rai": 19.0, "NGan": 2.0, "Wa": 8.0, "CardID": "3330500135951", "Name": "นายเอียบ รัตนพันธ์", "ADD": "27 ถ. ซ. ม.1 บ.โคกตาล ต.โคกตาล อ.ภูสิงห์ จ.ศรีสะเกษ" }, "geometry": { "type": "MultiPolygon", "coordinates": [ [ [ [ 104.202723380627262, 14.584210614973566, 0.0 ], [ 104.203412373310272, 14.584052503289673, 0.0 ], [ 104.203475383166506, 14.584037980384586, 0.0 ], [ 104.20336569348953, 14.583466356038819, 0.0 ], [ 104.2031777194141, 14.582890428352844, 0.0 ], [ 104.202656829025088, 14.582989850652229, 0.0 ], [ 104.202227524940199, 14.581186310724348, 0.0 ], [ 104.20164809146091, 14.581430615781946, 0.0 ], [ 104.202243484375771, 14.584257409699539, 0.0 ], [ 104.202723380627262, 14.584210614973566, 0.0 ] ] ] ] } },
{ "type": "Feature", "properties": { "Plang": "7", "Rawang": "1118", "Rai": 19.0, "NGan": 2.0, "Wa": 45.0, "CardID": "0000000000000", "Name": "นายบุญส่ง วันคำ", "ADD": "331 ถ. ซ. ม.1 บ.โคกตาล ต.โคกตาล อ.ภูสิงห์ จ.ศรีสะเกษ" }, "geometry": { "type": "MultiPolygon", "coordinates": [ [ [ [ 104.20488053973267, 14.579429845853454, 0.0 ], [ 104.204838833576005, 14.578447387246623, 0.0 ], [ 104.204776540005724, 14.578125276825718, 0.0 ], [ 104.203832394682777, 14.578260574084258, 0.0 ], [ 104.202906285041479, 14.578678408889624, 0.0 ], [ 104.203542463772322, 14.580179415501796, 0.0 ], [ 104.20488053973267, 14.579429845853454, 0.0 ] ] ] ] } },
{ "type": "Feature", "properties": { "Plang": "1", "Rawang": "1118", "Rai": 13.0, "NGan": 3.0, "Wa": 13.0, "CardID": "3330501141713", "Name": "นายธีระวิทย์ บุญเกษ", "ADD": "289 ถ. ซ. ม.1 บ.โคกตาล ต.โคกตาล อ.ภูสิงห์ จ.ศรีสะเกษ" }, "geometry": { "type": "MultiPolygon", "coordinates": [ [ [ [ 104.199704600760327, 14.580483428079813, 0.0 ], [ 104.199470951382054, 14.582124095627771, 0.0 ], [ 104.201088834637687, 14.581344386391237, 0.0 ], [ 104.200684594170326, 14.580215853019702, 0.0 ], [ 104.199704600760327, 14.580483428079813, 0.0 ] ] ] ] } },
{ "type": "Feature", "properties": { "Plang": "2", "Rawang": "1118", "Rai": 6.0, "NGan": 1.0, "Wa": 1.0, "CardID": "3330500140181", "Name": "นายสวัสดิ์ รัตนพันธ์", "ADD": "268/1 ถ. ซ. ม.1 บ. ต.โคกตาล อ.ภูสิงห์ จ.ศรีสะเกษ" }, "geometry": { "type": "MultiPolygon", "coordinates": [ [ [ [ 104.201246178277586, 14.579837419232565, 0.0 ], [ 104.200684594170326, 14.580215853019702, 0.0 ], [ 104.201088834637687, 14.581344386391237, 0.0 ], [ 104.201700312450882, 14.581021951254442, 0.0 ], [ 104.201246178277586, 14.579837419232565, 0.0 ] ] ] ] } },
{ "type": "Feature", "properties": { "Plang": "3", "Rawang": "1118", "Rai": 5.0, "NGan": 0.0, "Wa": 11.0, "CardID": "0000000000000", "Name": "นางสมบูรณ์ วรภัย", "ADD": "269 ถ. ซ. ม.1 บ. ต.โคกตาล อ.ขุขันธ์ จ.ศรีสะเกษ" }, "geometry": { "type": "MultiPolygon", "coordinates": [ [ [ [ 104.201599324871694, 14.579462269335966, 0.0 ], [ 104.201246178277586, 14.579837419232565, 0.0 ], [ 104.201700312450882, 14.581021951254442, 0.0 ], [ 104.202163186903178, 14.580783512310511, 0.0 ], [ 104.201599324871694, 14.579462269335966, 0.0 ] ] ] ] } },
{ "type": "Feature", "properties": { "Plang": "4", "Rawang": "1118", "Rai": 3.0, "NGan": 2.0, "Wa": 21.0, "CardID": "3330500138445", "Name": "นางหอม พลแก้ว", "ADD": "75 ถ. ซ. ม.13 บ. ต.โคกตาล อ.ภูสิงห์ จ.ศรีสะเกษ" }, "geometry": { "type": "MultiPolygon", "coordinates": [ [ [ [ 104.202504877877146, 14.580625728769888, 0.0 ], [ 104.201797877079571, 14.579239943486431, 0.0 ], [ 104.201599324871694, 14.579462269335966, 0.0 ], [ 104.202163186903178, 14.580783512310511, 0.0 ], [ 104.202504877877146, 14.580625728769888, 0.0 ] ] ] ] } },
{ "type": "Feature", "properties": { "Plang": "5", "Rawang": "1118", "Rai": 4.0, "NGan": 3.0, "Wa": 43.0, "CardID": "0000000000000", "Name": "นางลึม ไสว", "ADD": "352 ถ. ซ. ม.1 บ.โคกตาล ต.โคกตาล อ.ภูสิงห์ จ.ศรีสะเกษ" }, "geometry": { "type": "MultiPolygon", "coordinates": [ [ [ [ 104.201922975608014, 14.579111914455241, 0.0 ], [ 104.201797877079571, 14.579239943486431, 0.0 ], [ 104.202504877877146, 14.580625728769888, 0.0 ], [ 104.20287757279327, 14.580510014371489, 0.0 ], [ 104.202091713798282, 14.578934362516332, 0.0 ], [ 104.201922975608014, 14.579111914455241, 0.0 ] ] ] ] } },
{ "type": "Feature", "properties": { "Plang": "6", "Rawang": "1118", "Rai": 11.0, "NGan": 2.0, "Wa": 19.0, "CardID": "3330500125408", "Name": "นางซ้อม รัตนพันธ์", "ADD": "125 ถ. ซ. ม.1 บ.โคกตาล ต.โคกตาล อ.ภูสิงห์ จ.ศรีสะเกษ" }, "geometry": { "type": "MultiPolygon", "coordinates": [ [ [ [ 104.202723683678954, 14.578261399275219, 0.0 ], [ 104.202091713798282, 14.578934362516332, 0.0 ], [ 104.20287757279327, 14.580510014371489, 0.0 ], [ 104.203542463772322, 14.580179415501796, 0.0 ], [ 104.202906285041479, 14.578678408889624, 0.0 ], [ 104.202723683678954, 14.578261399275219, 0.0 ] ] ] ] } },
{ "type": "Feature", "properties": { "Plang": "55", "Rawang": "758", "Rai": 6.0, "NGan": 0.0, "Wa": 25.0, "CardID": "3330500094588", "Name": "นายประภาส สุดสังข์", "ADD": "147 ถ. ซ. ม.12 บ.แสนสุข ต.ปรือใหญ่ อ.ขุขันธ์ จ.ศรีสะเกษ" }, "geometry": { "type": "MultiPolygon", "coordinates": [ [ [ [ 104.192563874616567, 14.608217915558022, 0.0 ], [ 104.193076053424818, 14.608087132166478, 0.0 ], [ 104.19283277677637, 14.606665641349272, 0.0 ], [ 104.192278468615598, 14.606805860577795, 0.0 ], [ 104.192563874616567, 14.608217915558022, 0.0 ] ] ] ] } },
{ "type": "Feature", "properties": { "Plang": "5", "Rawang": "596", "Rai": 9.0, "NGan": 1.0, "Wa": 23.0, "CardID": "3330500106047", "Name": "นางสมิด แพงอก", "ADD": "193 ถ. ซ. ม.19 บ. ต.ปรือใหญ่ อ.ขุขันธ์ จ.ศรีสะเกษ" }, "geometry": { "type": "MultiPolygon", "coordinates": [ [ [ [ 104.191016616173926, 14.621346332282577, 0.0 ], [ 104.191710517350828, 14.62127480979397, 0.0 ], [ 104.19169314934156, 14.62112423507309, 0.0 ], [ 104.191669557589591, 14.620910700338095, 0.0 ], [ 104.191654020252045, 14.620716169051615, 0.0 ], [ 104.19164005755718, 14.620535871323511, 0.0 ], [ 104.191613205945245, 14.620327966837202, 0.0 ], [ 104.191590180007935, 14.619959484453654, 0.0 ], [ 104.19156443829749, 14.619724834672288, 0.0 ], [ 104.19057165065152, 14.620139824898038, 0.0 ], [ 104.190762595253915, 14.620657565650378, 0.0 ], [ 104.191016616173926, 14.621346332282577, 0.0 ] ] ] ] } },
{ "type": "Feature", "properties": { "Plang": "45", "Rawang": "758", "Rai": 4.0, "NGan": 1.0, "Wa": 92.0, "CardID": "3330500070905", "Name": "นายวิรัตน์ ปรือปรัง", "ADD": "37 ถ. ซ. ม.4 บ.มะขาม ต.ปรือใหญ่ อ.ขุขันธ์ จ.ศรีสะเกษ" }, "geometry": { "type": "MultiPolygon", "coordinates": [ [ [ [ 104.194200919833364, 14.601591464041418, 0.0 ], [ 104.193945406283689, 14.601650786398435, 0.0 ], [ 104.194037868214096, 14.603270385173529, 0.0 ], [ 104.194408073838446, 14.603209958838066, 0.0 ], [ 104.19438467237741, 14.602867508394665, 0.0 ], [ 104.194371809950468, 14.602552459680521, 0.0 ], [ 104.194351146249218, 14.602150728971203, 0.0 ], [ 104.194313369633718, 14.601583359098731, 0.0 ], [ 104.194200919833364, 14.601591464041418, 0.0 ] ] ] ] } },
{ "type": "Feature", "properties": { "Plang": "49", "Rawang": "758", "Rai": 12.0, "NGan": 0.0, "Wa": 63.0, "CardID": "3330500088014", "Name": "นายสุพิน ปรือปรัง", "ADD": "40 ถ. ซ. ม.4 บ.มะขาม ต.ปรือใหญ่ อ.ขุขันธ์ จ.ศรีสะเกษ" }, "geometry": { "type": "MultiPolygon", "coordinates": [ [ [ [ 104.194313369633718, 14.601583359098731, 0.0 ], [ 104.194351146249218, 14.602150728971203, 0.0 ], [ 104.196955834074203, 14.602013112094587, 0.0 ], [ 104.196904922015918, 14.601363871764699, 0.0 ], [ 104.196002975335659, 14.601433749277314, 0.0 ], [ 104.195071978048588, 14.601528680128157, 0.0 ], [ 104.194313369633718, 14.601583359098731, 0.0 ] ] ] ] } },
{ "type": "Feature", "properties": { "Plang": "48", "Rawang": "758", "Rai": 7.0, "NGan": 1.0, "Wa": 46.0, "CardID": "3330500070875", "Name": "นายลอน ปรือปรัง", "ADD": "32 ถ. ซ. ม.4 บ. ต.ปรือใหญ่ อ.ขุขันธ์ จ.ศรีสะเกษ" }, "geometry": { "type": "MultiPolygon", "coordinates": [ [ [ [ 104.194371809950468, 14.602552459680521, 0.0 ], [ 104.19699365176497, 14.602412355264361, 0.0 ], [ 104.196955834074203, 14.602013112094587, 0.0 ], [ 104.194351146249218, 14.602150728971203, 0.0 ], [ 104.194371809950468, 14.602552459680521, 0.0 ] ] ] ] } },
{ "type": "Feature", "properties": { "Plang": "36", "Rawang": "758", "Rai": 10.0, "NGan": 0.0, "Wa": 74.0, "CardID": "3330500079775", "Name": "นางวันดี นครเขต", "ADD": "42 ถ. ซ. ม.4 บ.มะขาม ต.ปรือใหญ่ อ.ขุขันธ์ จ.ศรีสะเกษ" }, "geometry": { "type": "MultiPolygon", "coordinates": [ [ [ [ 104.195282494666472, 14.603803741269248, 0.0 ], [ 104.195709993204446, 14.603740161983602, 0.0 ], [ 104.195732717125892, 14.603462450087282, 0.0 ], [ 104.195754104241871, 14.603201074602909, 0.0 ], [ 104.194408073838446, 14.603209958838066, 0.0 ], [ 104.194037868214096, 14.603270385173529, 0.0 ], [ 104.193373774678733, 14.603276525123379, 0.0 ], [ 104.19334347547715, 14.603678423180188, 0.0 ], [ 104.19334322956442, 14.603746006322655, 0.0 ], [ 104.193444557183241, 14.603754136904502, 0.0 ], [ 104.194510421171287, 14.60385792070227, 0.0 ], [ 104.195282494666472, 14.603803741269248, 0.0 ] ] ] ] } },
{ "type": "Feature", "properties": { "Plang": "37", "Rawang": "758", "Rai": 6.0, "NGan": 1.0, "Wa": 70.0, "CardID": "3330500081931", "Name": "นางมะลัย ภาษุ", "ADD": "34 ถ. ซ. ม.4 บ.มะขาม ต.ปรือใหญ่ อ.ขุขันธ์ จ.ศรีสะเกษ" }, "geometry": { "type": "MultiPolygon", "coordinates": [ [ [ [ 104.19453420071153, 14.604583763371153, 0.0 ], [ 104.194510421171287, 14.60385792070227, 0.0 ], [ 104.193444557183241, 14.603754136904502, 0.0 ], [ 104.193468683745394, 14.604646998843879, 0.0 ], [ 104.19453420071153, 14.604583763371153, 0.0 ] ] ] ] } },
{ "type": "Feature", "properties": { "Plang": "26", "Rawang": "758", "Rai": 40.0, "NGan": 0.0, "Wa": 79.0, "CardID": "3330500072720", "Name": "นายทอน วงษ์ขันธ์", "ADD": "31 ถ. ซ. ม.4 บ.มะขาม ต.ปรือใหญ่ อ.ขุขันธ์ จ.ศรีสะเกษ" }, "geometry": { "type": "MultiPolygon", "coordinates": [ [ [ [ 104.194454820935391, 14.607319698594067, 0.0 ], [ 104.195062295683442, 14.607284052143262, 0.0 ], [ 104.194816406288567, 14.606556910590434, 0.0 ], [ 104.194688530720455, 14.605626763652088, 0.0 ], [ 104.194677926854723, 14.605585736193248, 0.0 ], [ 104.19453420071153, 14.604583763371153, 0.0 ], [ 104.193468683745394, 14.604646998843879, 0.0 ], [ 104.192569105630824, 14.604758250892049, 0.0 ], [ 104.192821573009354, 14.606229758817566, 0.0 ], [ 104.193039959385999, 14.607502611779893, 0.0 ], [ 104.193901511844942, 14.607352262429906, 0.0 ], [ 104.194454820935391, 14.607319698594067, 0.0 ] ] ] ] } },
{ "type": "Feature", "properties": { "Plang": "19", "Rawang": "758", "Rai": 7.0, "NGan": 0.0, "Wa": 77.0, "CardID": "5330590019161", "Name": "นายผาย วงษ์ขันธ์", "ADD": "89 ถ. ซ. ม.7 บ.ปรือคันตะวันตก ต.ปรือใหญ่ อ.ขุขันธ์ จ.ศรีสะเกษ" }, "geometry": { "type": "MultiPolygon", "coordinates": [ [ [ [ 104.19382798265778, 14.608407649692724, 0.0 ], [ 104.194188527613903, 14.608322636818473, 0.0 ], [ 104.193901511844942, 14.607352262429906, 0.0 ], [ 104.193039959385999, 14.607502611779893, 0.0 ], [ 104.193133672118208, 14.608078810316981, 0.0 ], [ 104.193223525490367, 14.608543851058222, 0.0 ], [ 104.19382798265778, 14.608407649692724, 0.0 ] ] ] ] } },
{ "type": "Feature", "properties": { "Plang": "2", "Rawang": "758", "Rai": 3.0, "NGan": 1.0, "Wa": 80.0, "CardID": "3330500098605", "Name": "นางอำนวย ปรือปรัง", "ADD": "366/1 ถ. ซ. ม.5 บ. ต.ปรือใหญ่ อ.ขุขันธ์ จ.ศรีสะเกษ" }, "geometry": { "type": "MultiPolygon", "coordinates": [ [ [ [ 104.192445398808715, 14.610884222746401, 0.0 ], [ 104.192837710778448, 14.611006934329049, 0.0 ], [ 104.192905620719557, 14.609858477690643, 0.0 ], [ 104.192407704124022, 14.609935082812489, 0.0 ], [ 104.192445398808715, 14.610884222746401, 0.0 ] ] ] ] } },
{ "type": "Feature", "properties": { "Plang": "2", "Rawang": "776", "Rai": 3.0, "NGan": 1.0, "Wa": 35.0, "CardID": "3330500081907", "Name": "นายสนิล ปรือปรัง", "ADD": "63 ถ. ซ. ม.11 บ. ต.ปรือใหญ่ อ.ขุขันธ์ จ.ศรีสะเกษ" }, "geometry": { "type": "MultiPolygon", "coordinates": [ [ [ [ 104.195034693111637, 14.600932002303125, 0.0 ], [ 104.194148112560825, 14.601028631296627, 0.0 ], [ 104.194200919833364, 14.601591464041418, 0.0 ], [ 104.194313369633718, 14.601583359098731, 0.0 ], [ 104.195071978048588, 14.601528680128157, 0.0 ], [ 104.195034693111637, 14.600932002303125, 0.0 ] ] ] ] } },
{ "type": "Feature", "properties": { "Plang": "17", "Rawang": "776", "Rai": 13.0, "NGan": 2.0, "Wa": 84.0, "CardID": "3330500084809", "Name": "นายจันทร์ ภาธง", "ADD": "115 ถ. ซ. ม.12 บ. ต.ปรือใหญ่ อ.ขุขันธ์ จ.ศรีสะเกษ" }, "geometry": { "type": "MultiPolygon", "coordinates": [ [ [ [ 104.19559939826479, 14.59880068958452, 0.0 ], [ 104.194922367248324, 14.598872864992405, 0.0 ], [ 104.194896922781851, 14.599427762823259, 0.0 ], [ 104.195034693111637, 14.600932002303125, 0.0 ], [ 104.195929071068889, 14.600918481735201, 0.0 ], [ 104.195826255747349, 14.600113230294127, 0.0 ], [ 104.195740080923102, 14.599140896812509, 0.0 ], [ 104.19559939826479, 14.59880068958452, 0.0 ] ] ] ] } },
{ "type": "Feature", "properties": { "Plang": "11", "Rawang": "776", "Rai": 6.0, "NGan": 1.0, "Wa": 43.0, "CardID": "3330500078027", "Name": "นางเอียง วงษ์ขันธ์", "ADD": "56 ถ. ซ. ม.11 บ. ต.ปรือใหญ่ อ.ขุขันธ์ จ.ศรีสะเกษ" }, "geometry": { "type": "MultiPolygon", "coordinates": [ [ [ [ 104.194922367248324, 14.598872864992405, 0.0 ], [ 104.19559939826479, 14.59880068958452, 0.0 ], [ 104.196803962518445, 14.598788894592985, 0.0 ], [ 104.196831398738496, 14.598301769179159, 0.0 ], [ 104.1964633017799, 14.598338733595295, 0.0 ], [ 104.196088695936297, 14.59836210584124, 0.0 ], [ 104.195386586098934, 14.598372241753374, 0.0 ], [ 104.194907309777292, 14.59836247355897, 0.0 ], [ 104.194922367248324, 14.598872864992405, 0.0 ] ] ] ] } },
{ "type": "Feature", "properties": { "Plang": "24", "Rawang": "768", "Rai": 7.0, "NGan": 1.0, "Wa": 95.0, "CardID": "0000000000000", "Name": "นายจำเนียน ตะเคียนราม", "ADD": "41 ถ. ซ. ม.7 บ. ต.ตะเคียนราม อ.ขุขันธ์ จ.ศรีสะเกษ" }, "geometry": { "type": "MultiPolygon", "coordinates": [ [ [ [ 104.196729106599022, 14.588081899831421, 0.0 ], [ 104.196522712505086, 14.588165491004842, 0.0 ], [ 104.197791666006466, 14.591115955888213, 0.0 ], [ 104.198049290500236, 14.590942926071266, 0.0 ], [ 104.196855290556158, 14.588032474942461, 0.0 ], [ 104.196729106599022, 14.588081899831421, 0.0 ] ] ] ] } },
{ "type": "Feature", "properties": { "Plang": "12", "Rawang": "768", "Rai": 6.0, "NGan": 3.0, "Wa": 49.0, "CardID": "3330501482913", "Name": "นายวิเชียร ตะเคียนราม", "ADD": "11 ถ. ซ. ม.7 บ.ตาโตว ต.ตะเคียนราม อ.ภูสิงห์ จ.ศรีสะเกษ" }, "geometry": { "type": "MultiPolygon", "coordinates": [ [ [ [ 104.196522712505086, 14.588165491004842, 0.0 ], [ 104.196237523881976, 14.588265089477275, 0.0 ], [ 104.196684395572532, 14.589203267737709, 0.0 ], [ 104.1975411247154, 14.591284227824147, 0.0 ], [ 104.197791666006466, 14.591115955888213, 0.0 ], [ 104.196522712505086, 14.588165491004842, 0.0 ] ] ] ] } },
{ "type": "Feature", "properties": { "Plang": "25", "Rawang": "768", "Rai": 6.0, "NGan": 1.0, "Wa": 14.0, "CardID": "3330501482905", "Name": "นายเปาะ ตะเคียนราม", "ADD": "11/1 ถ. ซ. ม.7 บ. ต.ตะเคียนราม อ.ภูสิงห์ จ.ศรีสะเกษ" }, "geometry": { "type": "MultiPolygon", "coordinates": [ [ [ [ 104.198258205347884, 14.590605772432916, 0.0 ], [ 104.197028629946345, 14.587969159458984, 0.0 ], [ 104.196855290556158, 14.588032474942461, 0.0 ], [ 104.198049290500236, 14.590942926071266, 0.0 ], [ 104.198325084919006, 14.59076502742653, 0.0 ], [ 104.198258205347884, 14.590605772432916, 0.0 ] ] ] ] } },
{ "type": "Feature", "properties": { "Plang": "23", "Rawang": "768", "Rai": 11.0, "NGan": 1.0, "Wa": 67.0, "CardID": "3330500223361", "Name": "นางสะใบ ตะเคียนเกลี้ยง", "ADD": "45 ถ. ซ. ม.4 บ. ต.ตะเคียนราม อ.ขุขันธ์ จ.ศรีสะเกษ" }, "geometry": { "type": "MultiPolygon", "coordinates": [ [ [ [ 104.19752141095627, 14.587810301010196, 0.0 ], [ 104.197028629946345, 14.587969159458984, 0.0 ], [ 104.198258205347884, 14.590605772432916, 0.0 ], [ 104.198765729589255, 14.590334537070429, 0.0 ], [ 104.19752141095627, 14.587810301010196, 0.0 ] ] ] ] } },
{ "type": "Feature", "properties": { "Plang": "15", "Rawang": "506", "Rai": 10.0, "NGan": 0.0, "Wa": 79.0, "CardID": "3330501444400", "Name": "นายสมิง คงราช", "ADD": "99 ถ. ซ. ม.6 บ.นกยูง ต.ห้วยตึ๊กชู อ.ภูสิงห์ จ.ศรีสะเกษ" }, "geometry": { "type": "MultiPolygon", "coordinates": [ [ [ [ 104.14848402619053, 14.620982661788371, 0.0 ], [ 104.144944698476039, 14.621242014431239, 0.0 ], [ 104.144925073777259, 14.621631189251584, 0.0 ], [ 104.148460620808052, 14.62138436056294, 0.0 ], [ 104.14848402619053, 14.620982661788371, 0.0 ] ] ] ] } },
{ "type": "Feature", "properties": { "Plang": "31", "Rawang": "506", "Rai": 9.0, "NGan": 2.0, "Wa": 28.0, "CardID": "3330501444434", "Name": "นายมิตร คงราช", "ADD": "93 ถ. ซ. ม.6 บ.นกยูง ต.ห้วยตึ๊กชู อ.ภูสิงห์ จ.ศรีสะเกษ" }, "geometry": { "type": "MultiPolygon", "coordinates": [ [ [ [ 104.144944698476039, 14.621242014431239, 0.0 ], [ 104.14848402619053, 14.620982661788371, 0.0 ], [ 104.148538289095299, 14.620625047539006, 0.0 ], [ 104.144968004952773, 14.620899402646154, 0.0 ], [ 104.144944698476039, 14.621242014431239, 0.0 ] ] ] ] } },
{ "type": "Feature", "properties": { "Plang": "23", "Rawang": "517", "Rai": 3.0, "NGan": 3.0, "Wa": 6.0, "CardID": "3330501325460", "Name": "นายสถิต คำศรี", "ADD": "51 ถ. ซ. ม.6 บ.นกยูง ต.ห้วยตึ๊กชู อ.ภูสิงห์ จ.ศรีสะเกษ" }, "geometry": { "type": "MultiPolygon", "coordinates": [ [ [ [ 104.157962114197815, 14.634342668362285, 0.0 ], [ 104.160532397897484, 14.634029795824862, 0.0 ], [ 104.160529157762724, 14.633845677705359, 0.0 ], [ 104.160522415567542, 14.633786860744612, 0.0 ], [ 104.157920550800242, 14.634152241202381, 0.0 ], [ 104.157962114197815, 14.634342668362285, 0.0 ] ] ] ] } },
{ "type": "Feature", "properties": { "Plang": "19", "Rawang": "517", "Rai": 3.0, "NGan": 0.0, "Wa": 57.0, "CardID": "3330501325478", "Name": "นายสุพิศ คำศรี", "ADD": "23/1 ถ. ซ. ม.7 บ.กันแต ต.ห้วยใต้ อ.ขุขันธ์ จ.ศรีสะเกษ" }, "geometry": { "type": "MultiPolygon", "coordinates": [ [ [ [ 104.160532397897484, 14.634029795824862, 0.0 ], [ 104.157962114197815, 14.634342668362285, 0.0 ], [ 104.157985268100035, 14.634504246402477, 0.0 ], [ 104.158826343240278, 14.634392570915862, 0.0 ], [ 104.160339907283131, 14.634217487762511, 0.0 ], [ 104.160544467764666, 14.634209604328056, 0.0 ], [ 104.160532397897484, 14.634029795824862, 0.0 ] ] ] ] } },
{ "type": "Feature", "properties": { "Plang": "24", "Rawang": "517", "Rai": 6.0, "NGan": 2.0, "Wa": 59.0, "CardID": "3330501322690", "Name": "นางสุงิด แพงมาก", "ADD": "12 ถ. ซ. ม.7 บ.กันแต ต.ห้วยใต้ อ.ขุขันธ์ จ.ศรีสะเกษ" }, "geometry": { "type": "MultiPolygon", "coordinates": [ [ [ [ 104.160522415567542, 14.633786860744612, 0.0 ], [ 104.160509325610192, 14.633480619513307, 0.0 ], [ 104.159054004208215, 14.633667358057478, 0.0 ], [ 104.157824973472572, 14.633848253922594, 0.0 ], [ 104.157920550800242, 14.634152241202381, 0.0 ], [ 104.160522415567542, 14.633786860744612, 0.0 ] ] ] ] } },
{ "type": "Feature", "properties": { "Plang": "12", "Rawang": "5838III0614", "Rai": 3.0, "NGan": 0.0, "Wa": 21.0, "CardID": "3330501432720", "Name": "นายคื่น บุญขาว", "ADD": "17 ถ. ซ. ม.17 บ.นกยูงเงิน ต.ห้วยตึ๊กชู อ.ภูสิงห์ จ.ศรีสะเกษ" }, "geometry": { "type": "MultiPolygon", "coordinates": [ [ [ [ 104.140125360952482, 14.618662316345057, 0.0 ], [ 104.141054872620401, 14.618719155024403, 0.0 ], [ 104.141061529704089, 14.618180753889773, 0.0 ], [ 104.140138954354853, 14.61831075521491, 0.0 ], [ 104.140125360952482, 14.618662316345057, 0.0 ] ] ] ] } },
{ "type": "Feature", "properties": { "Plang": "11", "Rawang": "5838III0614", "Rai": 2.0, "NGan": 0.0, "Wa": 68.0, "CardID": "3330501432746", "Name": "นางสาวสุพัฒน์ บุญขาว", "ADD": "39 ถ. ซ. ม.17 บ.นกยูงเงิน ต.ห้วยตึ๊กชู อ.ภูสิงห์ จ.ศรีสะเกษ" }, "geometry": { "type": "MultiPolygon", "coordinates": [ [ [ [ 104.140125360952482, 14.618662316345057, 0.0 ], [ 104.140138954354853, 14.61831075521491, 0.0 ], [ 104.139653566432699, 14.618381075816922, 0.0 ], [ 104.139300911859678, 14.618779558677506, 0.0 ], [ 104.13983016064617, 14.618880052949647, 0.0 ], [ 104.139871704291693, 14.61888803546414, 0.0 ], [ 104.139915956182008, 14.618708093908074, 0.0 ], [ 104.140115545920722, 14.618715889957867, 0.0 ], [ 104.140125360952482, 14.618662316345057, 0.0 ] ] ] ] } },
{ "type": "Feature", "properties": { "Plang": "14", "Rawang": "5838III0614", "Rai": 6.0, "NGan": 0.0, "Wa": 11.0, "CardID": "3330501439228", "Name": "นางสวิง พูลอ่อน", "ADD": "11 ถ. ซ. ม.13 บ. ต.ห้วยตึ๊กชู อ.ภูสิงห์ จ.ศรีสะเกษ" }, "geometry": { "type": "MultiPolygon", "coordinates": [ [ [ [ 104.141873296563105, 14.616169812009259, 0.0 ], [ 104.140939995043126, 14.61607426119809, 0.0 ], [ 104.140888122469491, 14.616563285275028, 0.0 ], [ 104.141210010374905, 14.616979007737891, 0.0 ], [ 104.141824650319691, 14.617185979639897, 0.0 ], [ 104.141873296563105, 14.616169812009259, 0.0 ] ] ] ] } },
{ "type": "Feature", "properties": { "Plang": "13", "Rawang": "5838III0614", "Rai": 4.0, "NGan": 0.0, "Wa": 2.0, "CardID": "3330501437373", "Name": "นางยุรีวรรณ บุญกู่", "ADD": "23 ถ. ซ. ม.13 บ. ต.ห้วยตึ๊กชู อ.ภูสิงห์ จ.ศรีสะเกษ" }, "geometry": { "type": "MultiPolygon", "coordinates": [ [ [ [ 104.140641031700667, 14.616999989484519, 0.0 ], [ 104.140484253824795, 14.61673584558994, 0.0 ], [ 104.138406756029056, 14.616666781111785, 0.0 ], [ 104.138344706518396, 14.616914734339236, 0.0 ], [ 104.140641031700667, 14.616999989484519, 0.0 ] ] ] ] } },
{ "type": "Feature", "properties": { "Plang": "4", "Rawang": "5838III0616", "Rai": 2.0, "NGan": 3.0, "Wa": 43.0, "CardID": "3330501222181", "Name": "นางสายัณห์ อุปมา", "ADD": "424 ถ. ซ. ม.14 บ.ตาปิ่น ต.ห้วยเหนือ อ.ขุขันธ์ จ.ศรีสะเกษ" }, "geometry": { "type": "MultiPolygon", "coordinates": [ [ [ [ 104.140475541998043, 14.621612512739393, 0.0 ], [ 104.139366283163326, 14.621536801776456, 0.0 ], [ 104.139543551297379, 14.621927982263077, 0.0 ], [ 104.140472382578963, 14.621974035502872, 0.0 ], [ 104.140475541998043, 14.621612512739393, 0.0 ] ] ] ] } },
{ "type": "Feature", "properties": { "Plang": "5", "Rawang": "5838III0616", "Rai": 2.0, "NGan": 2.0, "Wa": 12.0, "CardID": "3330501434919", "Name": "นางบุญมี ศรีวงค์", "ADD": "71 ถ. ซ. ม.6 บ.นกยูง ต.ห้วยตึ๊กชู อ.ภูสิงห์ จ.ศรีสะเกษ" }, "geometry": { "type": "MultiPolygon", "coordinates": [ [ [ [ 104.140715019663503, 14.620631762754998, 0.0 ], [ 104.139901304802706, 14.620525441054008, 0.0 ], [ 104.139847000340211, 14.620942450358827, 0.0 ], [ 104.14057854435714, 14.621066025631713, 0.0 ], [ 104.140715019663503, 14.620631762754998, 0.0 ] ] ] ] } },
{ "type": "Feature", "properties": { "Plang": "6", "Rawang": "5838III0616", "Rai": 2.0, "NGan": 0.0, "Wa": 94.0, "CardID": "1330500034848", "Name": "นายภานุมาศ บุญขาว", "ADD": "69 ถ. ซ. ม.6 บ.นกยูง ต.ห้วยตึ๊กชู อ.ภูสิงห์ จ.ศรีสะเกษ" }, "geometry": { "type": "MultiPolygon", "coordinates": [ [ [ [ 104.139901304802706, 14.620525441054008, 0.0 ], [ 104.140715019663503, 14.620631762754998, 0.0 ], [ 104.140792388553223, 14.620348413921985, 0.0 ], [ 104.140756451167618, 14.620307143185689, 0.0 ], [ 104.139943613449347, 14.620140831024488, 0.0 ], [ 104.139901304802706, 14.620525441054008, 0.0 ] ] ] ] } },
{ "type": "Feature", "properties": { "Plang": "7", "Rawang": "5838III0616", "Rai": 1.0, "NGan": 0.0, "Wa": 0.0, "CardID": "3330501434927", "Name": "นายโม บุญขาว", "ADD": "70 ถ. ซ. ม.6 บ.นกยูง ต.ห้วยตึ๊กชู อ.ภูสิงห์ จ.ศรีสะเกษ" }, "geometry": { "type": "MultiPolygon", "coordinates": [ [ [ [ 104.140825473378868, 14.620262910864968, 0.0 ], [ 104.140962386460458, 14.61997844704698, 0.0 ], [ 104.140462479732705, 14.619900574828481, 0.0 ], [ 104.140387606996811, 14.620149204087953, 0.0 ], [ 104.140825473378868, 14.620262910864968, 0.0 ] ] ] ] } },
{ "type": "Feature", "properties": { "Plang": "8", "Rawang": "5838III0616", "Rai": 1.0, "NGan": 2.0, "Wa": 22.0, "CardID": "3330501434943", "Name": "นายศรีเมือง บุญขาว", "ADD": "92 ถ. ซ. ม.6 บ.นกยูง ต.ห้วยตึ๊กชู อ.ภูสิงห์ จ.ศรีสะเกษ" }, "geometry": { "type": "MultiPolygon", "coordinates": [ [ [ [ 104.140962386460458, 14.61997844704698, 0.0 ], [ 104.141197871980552, 14.619601862509244, 0.0 ], [ 104.140918690409947, 14.619573933715921, 0.0 ], [ 104.140595816519621, 14.619562791099794, 0.0 ], [ 104.140462479732705, 14.619900574828481, 0.0 ], [ 104.140962386460458, 14.61997844704698, 0.0 ] ] ] ] } },
{ "type": "Feature", "properties": { "Plang": "9", "Rawang": "5838III0616", "Rai": 0.0, "NGan": 1.0, "Wa": 84.0, "CardID": "3330501434901", "Name": "นางมาก ตะเคียนราม", "ADD": "69 ถ. ซ. ม.6 บ.นกยูง ต.ห้วยตึ๊กชู อ.ภูสิงห์ จ.ศรีสะเกษ" }, "geometry": { "type": "MultiPolygon", "coordinates": [ [ [ [ 104.141197871980552, 14.619601862509244, 0.0 ], [ 104.141284645321079, 14.619405541053917, 0.0 ], [ 104.140953562573955, 14.619378258413194, 0.0 ], [ 104.140918690409947, 14.619573933715921, 0.0 ], [ 104.141197871980552, 14.619601862509244, 0.0 ] ] ] ] } },
{ "type": "Feature", "properties": { "Plang": "10", "Rawang": "5838III0616", "Rai": 4.0, "NGan": 0.0, "Wa": 17.0, "CardID": "3330501437047", "Name": "นายเลย เหมือนสวรรค์", "ADD": "28 ถ. ซ. ม.6 บ.นกยูง ต.ห้วยตึ๊กชู อ.ภูสิงห์ จ.ศรีสะเกษ" }, "geometry": { "type": "MultiPolygon", "coordinates": [ [ [ [ 104.141284645321079, 14.619405541053917, 0.0 ], [ 104.141603535467311, 14.618820887844235, 0.0 ], [ 104.14020367076516, 14.618762317406002, 0.0 ], [ 104.14018963160531, 14.619077437228787, 0.0 ], [ 104.141003689827272, 14.619168834009834, 0.0 ], [ 104.140953562573955, 14.619378258413194, 0.0 ], [ 104.141284645321079, 14.619405541053917, 0.0 ] ] ] ] } },
{ "type": "Feature", "properties": { "Plang": "11", "Rawang": "5838III0616", "Rai": 0.0, "NGan": 2.0, "Wa": 38.0, "CardID": "5330500016842", "Name": "นายเกรียงศักดิ์ บุญขาว", "ADD": "125 ถ. ซ. ม.6 บ.นกยูง ต.ห้วยตึ๊กชู อ.ภูสิงห์ จ.ศรีสะเกษ" }, "geometry": { "type": "MultiPolygon", "coordinates": [ [ [ [ 104.139833288527171, 14.619053579170034, 0.0 ], [ 104.140058812179447, 14.619077381192097, 0.0 ], [ 104.140115545920722, 14.618715889957867, 0.0 ], [ 104.139915956182008, 14.618708093908074, 0.0 ], [ 104.139871704291693, 14.61888803546414, 0.0 ], [ 104.13983016064617, 14.618880052949647, 0.0 ], [ 104.139833288527171, 14.619053579170034, 0.0 ] ] ] ] } },
{ "type": "Feature", "properties": { "Plang": "12", "Rawang": "5838III0616", "Rai": 2.0, "NGan": 2.0, "Wa": 79.0, "CardID": "3330500579361", "Name": "นางอุไร หนองเหล็ก", "ADD": "9 ถ. ซ. ม.13 บ.คูบ ต.ห้วยเหนือ อ.ขุขันธ์ จ.ศรีสะเกษ" }, "geometry": { "type": "MultiPolygon", "coordinates": [ [ [ [ 104.13983016064617, 14.618880052949647, 0.0 ], [ 104.139300911859678, 14.618779558677506, 0.0 ], [ 104.138878063948866, 14.619165416580643, 0.0 ], [ 104.13909738847164, 14.619233334443084, 0.0 ], [ 104.139092623343856, 14.619282293459779, 0.0 ], [ 104.139779774318811, 14.619321387935509, 0.0 ], [ 104.139833288527171, 14.619053579170034, 0.0 ], [ 104.13983016064617, 14.618880052949647, 0.0 ] ] ] ] } },
{ "type": "Feature", "properties": { "Plang": "13", "Rawang": "5838III0616", "Rai": 1.0, "NGan": 0.0, "Wa": 54.0, "CardID": "3330501429109", "Name": "นางสมิน เหมือนสวรรค์", "ADD": "57 ถ. ซ. ม.6 บ.นกยูง ต.ห้วยตึ๊กชู อ.ภูสิงห์ จ.ศรีสะเกษ" }, "geometry": { "type": "MultiPolygon", "coordinates": [ [ [ [ 104.139092623343856, 14.619282293459779, 0.0 ], [ 104.139078624925872, 14.619497474880225, 0.0 ], [ 104.139595155227738, 14.619573397450141, 0.0 ], [ 104.139779774318811, 14.619321387935509, 0.0 ], [ 104.139092623343856, 14.619282293459779, 0.0 ] ] ] ] } },
{ "type": "Feature", "properties": { "Plang": "14", "Rawang": "5838III0616", "Rai": 0.0, "NGan": 3.0, "Wa": 40.0, "CardID": "3330501434714", "Name": "นางสาวมลฑา เรียมทอง", "ADD": "29 ถ. ซ. ม.6 บ.นกยูง ต.ห้วยตึ๊กชู อ.ภูสิงห์ จ.ศรีสะเกษ" }, "geometry": { "type": "MultiPolygon", "coordinates": [ [ [ [ 104.139078624925872, 14.619497474880225, 0.0 ], [ 104.139092623343856, 14.619282293459779, 0.0 ], [ 104.13909738847164, 14.619233334443084, 0.0 ], [ 104.138878063948866, 14.619165416580643, 0.0 ], [ 104.138585326869418, 14.619518627404645, 0.0 ], [ 104.139078624925872, 14.619497474880225, 0.0 ] ] ] ] } },
{ "type": "Feature", "properties": { "Plang": "53", "Rawang": "5838III1410", "Rai": 4.0, "NGan": 3.0, "Wa": 14.0, "CardID": "5330500049031", "Name": "นายสุระพงษ์ พิลาดี", "ADD": "189 ถ. ซ. ม.1 บ.โคกตาล ต.โคกตาล อ.ภูสิงห์ จ.ศรีสะเกษ" }, "geometry": { "type": "MultiPolygon", "coordinates": [ [ [ [ 104.198610780329716, 14.579391374938202, 0.0 ], [ 104.198735461824313, 14.580175730471124, 0.0 ], [ 104.198843657562904, 14.580789820366665, 0.0 ], [ 104.199329648545998, 14.580616129324138, 0.0 ], [ 104.199047569219942, 14.579397392171137, 0.0 ], [ 104.198610780329716, 14.579391374938202, 0.0 ] ] ] ] } },
{ "type": "Feature", "properties": { "Plang": "52", "Rawang": "5838III1410", "Rai": 3.0, "NGan": 1.0, "Wa": 99.0, "CardID": "3330500126218", "Name": "นายสังสม รัตนพันธ์", "ADD": "110 ถ. ซ. ม.10 บ. ต.โคกตาล อ.ภูสิงห์ จ.ศรีสะเกษ" }, "geometry": { "type": "MultiPolygon", "coordinates": [ [ [ [ 104.199047569219942, 14.579397392171137, 0.0 ], [ 104.199329648545998, 14.580616129324138, 0.0 ], [ 104.199704600760327, 14.580483428079813, 0.0 ], [ 104.199490543061685, 14.579334496661758, 0.0 ], [ 104.199047569219942, 14.579397392171137, 0.0 ] ] ] ] } },
{ "type": "Feature", "properties": { "Plang": "55", "Rawang": "5838III1410", "Rai": 5.0, "NGan": 2.0, "Wa": 17.0, "CardID": "3330500130037", "Name": "นางมะลี เตชะ", "ADD": "43 ถ. ซ. ม.8 บ. ต.โคกตาล อ.ภูสิงห์ จ.ศรีสะเกษ" }, "geometry": { "type": "MultiPolygon", "coordinates": [ [ [ [ 104.199047569219942, 14.579397392171137, 0.0 ], [ 104.199490543061685, 14.579334496661758, 0.0 ], [ 104.199158342698141, 14.578377562412149, 0.0 ], [ 104.19840103903212, 14.578628617147556, 0.0 ], [ 104.198610780329716, 14.579391374938202, 0.0 ], [ 104.199047569219942, 14.579397392171137, 0.0 ] ] ] ] } },
{ "type": "Feature", "properties": { "Plang": "13", "Rawang": "742", "Rai": 3.0, "NGan": 1.0, "Wa": 17.0, "CardID": "3330500234924", "Name": "นางบุเทียม บุตะเคียน", "ADD": "58 ถ. ซ. ม.9 บ.พยอม ต.ตะเคียนราม อ.ภูสิงห์ จ.ศรีสะเกษ" }, "geometry": { "type": "MultiPolygon", "coordinates": [ [ [ [ 104.172232852439421, 14.589607037510929, 0.0 ], [ 104.172218070758049, 14.589877078998686, 0.0 ], [ 104.172490419420399, 14.589783367069259, 0.0 ], [ 104.173271433882888, 14.589464259288624, 0.0 ], [ 104.173229116244471, 14.589287904608268, 0.0 ], [ 104.172593140941245, 14.58925216538459, 0.0 ], [ 104.172348997401912, 14.589319274007583, 0.0 ], [ 104.172317003664844, 14.589243094291318, 0.0 ], [ 104.172243546326683, 14.589250413313136, 0.0 ], [ 104.172167967465256, 14.589363675853003, 0.0 ], [ 104.172117079046231, 14.589598890816665, 0.0 ], [ 104.172232852439421, 14.589607037510929, 0.0 ] ] ] ] } },
{ "type": "Feature", "properties": { "Plang": "12", "Rawang": "742", "Rai": 3.0, "NGan": 3.0, "Wa": 63.0, "CardID": "0000000000000", "Name": "นางทองเพียร ตะเคียนเกลี้ยง", "ADD": "16 ถ. ซ. ม.3 บ. ต.ตะเคียนราม อ.ขุขันธ์ จ.ศรีสะเกษ" }, "geometry": { "type": "MultiPolygon", "coordinates": [ [ [ [ 104.173841382432769, 14.588557508663641, 0.0 ], [ 104.173208449569998, 14.588566542024273, 0.0 ], [ 104.173229116244471, 14.589287904608268, 0.0 ], [ 104.173271433882888, 14.589464259288624, 0.0 ], [ 104.173829431719412, 14.589390314012933, 0.0 ], [ 104.173841382432769, 14.588557508663641, 0.0 ] ] ] ] } },
{ "type": "Feature", "properties": { "Plang": "28", "Rawang": "742", "Rai": 9.0, "NGan": 3.0, "Wa": 65.0, "CardID": "3330500218856", "Name": "นางสวาท ธรรมพร", "ADD": "90 ถ. ซ. ม.3 บ. ต.ตะเคียนราม อ.ภูสิงห์ จ.ศรีสะเกษ" }, "geometry": { "type": "MultiPolygon", "coordinates": [ [ [ [ 104.174192678562903, 14.586828485311445, 0.0 ], [ 104.172958190779028, 14.586863617126198, 0.0 ], [ 104.172960959254354, 14.586919479186152, 0.0 ], [ 104.172995493809665, 14.587616009197642, 0.0 ], [ 104.174046344506024, 14.587807808922509, 0.0 ], [ 104.174045187516782, 14.587962026863414, 0.0 ], [ 104.174184786942064, 14.587753992998049, 0.0 ], [ 104.174540144918822, 14.587685269372889, 0.0 ], [ 104.174525516762671, 14.587491136474037, 0.0 ], [ 104.17483173715739, 14.587437438269371, 0.0 ], [ 104.17492168433931, 14.587264054487084, 0.0 ], [ 104.174217567662353, 14.586884721069868, 0.0 ], [ 104.174192678562903, 14.586828485311445, 0.0 ] ] ] ] } },
{ "type": "Feature", "properties": { "Plang": "15", "Rawang": "742", "Rai": 11.0, "NGan": 2.0, "Wa": 36.0, "CardID": "0000000000000", "Name": "นางมี บุตะเคียน", "ADD": "21 ถ. ซ. ม.9 บ. ต.ตะเคียนราม อ.ขุขันธ์ จ.ศรีสะเกษ" }, "geometry": { "type": "MultiPolygon", "coordinates": [ [ [ [ 104.173841382432769, 14.588557508663641, 0.0 ], [ 104.174045187516782, 14.587962026863414, 0.0 ], [ 104.174046344506024, 14.587807808922509, 0.0 ], [ 104.172995493809665, 14.587616009197642, 0.0 ], [ 104.172424540904856, 14.587503186877512, 0.0 ], [ 104.172174212797543, 14.588577007875443, 0.0 ], [ 104.172702152220495, 14.588611791862331, 0.0 ], [ 104.173208449569998, 14.588566542024273, 0.0 ], [ 104.173841382432769, 14.588557508663641, 0.0 ] ] ] ] } },
{ "type": "Feature", "properties": { "Plang": "32", "Rawang": "742", "Rai": 18.0, "NGan": 0.0, "Wa": 48.0, "CardID": "3330500218759", "Name": "นายเว็ด ตะเคียนเกลี้ยง", "ADD": "31 ถ. ซ. ม.3 บ.ตะเคียนรามกลาง ต.ตะเคียนราม อ.ภูสิงห์ จ.ศรีสะเกษ" }, "geometry": { "type": "MultiPolygon", "coordinates": [ [ [ [ 104.175974570894823, 14.588513888253948, 0.0 ], [ 104.176957191675029, 14.588247878658345, 0.0 ], [ 104.176887356185929, 14.587410357629103, 0.0 ], [ 104.176765277894958, 14.586194074086137, 0.0 ], [ 104.176054234923086, 14.586302619043483, 0.0 ], [ 104.176034035707318, 14.586399026998956, 0.0 ], [ 104.175714627997209, 14.586581634905439, 0.0 ], [ 104.175524889449818, 14.586947578208676, 0.0 ], [ 104.175517626011697, 14.587185454570044, 0.0 ], [ 104.175692914396535, 14.587133330586679, 0.0 ], [ 104.175947656322904, 14.587818676174116, 0.0 ], [ 104.175979330375426, 14.588463014725161, 0.0 ], [ 104.175974570894823, 14.588513888253948, 0.0 ] ] ] ] } },
{ "type": "Feature", "properties": { "Plang": "29", "Rawang": "743", "Rai": 2.0, "NGan": 1.0, "Wa": 51.0, "CardID": "0000000000000", "Name": "นายปาน บุตะเคียน", "ADD": "63 ถ. ซ. ม.2 บ.ตะเคียนรามตะวัน ต.ตะเคียนราม อ.ขุขันธ์ จ.ศรีสะเกษ" }, "geometry": { "type": "MultiPolygon", "coordinates": [ [ [ [ 104.171272289282669, 14.579661751758254, 0.0 ], [ 104.17066151110285, 14.579660302841406, 0.0 ], [ 104.170648094434526, 14.580171416916373, 0.0 ], [ 104.171372979045941, 14.580098140926191, 0.0 ], [ 104.171356679357984, 14.5799490850842, 0.0 ], [ 104.171272289282669, 14.579661751758254, 0.0 ] ] ] ] } },
{ "type": "Feature", "properties": { "Plang": "28", "Rawang": "743", "Rai": 4.0, "NGan": 0.0, "Wa": 71.0, "CardID": "3330500227961", "Name": "นายมั่น เสมอ", "ADD": "9 ถ. ซ. ม.12 บ.ตะเคียนรามตะวัน ต.ตะเคียนราม อ.ภูสิงห์ จ.ศรีสะเกษ" }, "geometry": { "type": "MultiPolygon", "coordinates": [ [ [ [ 104.170648094434526, 14.580171416916373, 0.0 ], [ 104.170666998333445, 14.580893123849455, 0.0 ], [ 104.171467119709177, 14.580850347821452, 0.0 ], [ 104.171372979045941, 14.580098140926191, 0.0 ], [ 104.170648094434526, 14.580171416916373, 0.0 ] ] ] ] } },
{ "type": "Feature", "properties": { "Plang": "20", "Rawang": "743", "Rai": 5.0, "NGan": 1.0, "Wa": 21.0, "CardID": "3330500237958", "Name": "นายโปว บุตะเคียน", "ADD": "38 ถ. ซ. ม.2 บ.ตะเคียนรามตะวัน ต.ตะเคียนราม อ.ภูสิงห์ จ.ศรีสะเกษ" }, "geometry": { "type": "MultiPolygon", "coordinates": [ [ [ [ 104.170654101396167, 14.58151187952558, 0.0 ], [ 104.170486385143747, 14.582075891236997, 0.0 ], [ 104.171022862115649, 14.582238386130321, 0.0 ], [ 104.171045374716357, 14.582301340849028, 0.0 ], [ 104.171302729702788, 14.582316224212585, 0.0 ], [ 104.171696788408198, 14.582293708575502, 0.0 ], [ 104.17157945856205, 14.581658911026436, 0.0 ], [ 104.170654101396167, 14.58151187952558, 0.0 ] ] ] ] } },
{ "type": "Feature", "properties": { "Plang": "24", "Rawang": "743", "Rai": 4.0, "NGan": 2.0, "Wa": 72.0, "CardID": "0000000000000", "Name": "นางสะอาด บุตะเคียน", "ADD": "77 ถ. ซ. ม.2 บ.ตะเคียนรามตะวัน ต.ตะเคียนราม อ.ขุขันธ์ จ.ศรีสะเกษ" }, "geometry": { "type": "MultiPolygon", "coordinates": [ [ [ [ 104.17157945856205, 14.581658911026436, 0.0 ], [ 104.171585770658581, 14.58133323031244, 0.0 ], [ 104.171514015941725, 14.581191973817273, 0.0 ], [ 104.171467119709177, 14.580850347821452, 0.0 ], [ 104.170666998333445, 14.580893123849455, 0.0 ], [ 104.170654101396167, 14.58151187952558, 0.0 ], [ 104.17157945856205, 14.581658911026436, 0.0 ] ] ] ] } },
{ "type": "Feature", "properties": { "Plang": "19", "Rawang": "743", "Rai": 4.0, "NGan": 1.0, "Wa": 53.0, "CardID": "3330500238130", "Name": "นายนวน บุตะเคียน", "ADD": "57 ถ. ซ. ม.2 บ. ต.ตะเคียนราม อ.ภูสิงห์ จ.ศรีสะเกษ" }, "geometry": { "type": "MultiPolygon", "coordinates": [ [ [ [ 104.171302729702788, 14.582316224212585, 0.0 ], [ 104.171543671857791, 14.583765056210536, 0.0 ], [ 104.172051323668256, 14.583702111930329, 0.0 ], [ 104.171894812377275, 14.583228225213604, 0.0 ], [ 104.171758903936919, 14.583016872998485, 0.0 ], [ 104.171696788408198, 14.582293708575502, 0.0 ], [ 104.171302729702788, 14.582316224212585, 0.0 ] ] ] ] } },
{ "type": "Feature", "properties": { "Plang": "18", "Rawang": "743", "Rai": 4.0, "NGan": 2.0, "Wa": 8.0, "CardID": "0000000000000", "Name": "นายแลม บุตะเคียน", "ADD": "34 ถ. ซ. ม.2 บ.ตะเคียนรามตะวัน ต.ตะเคียนราม อ.ขุขันธ์ จ.ศรีสะเกษ" }, "geometry": { "type": "MultiPolygon", "coordinates": [ [ [ [ 104.171302729702788, 14.582316224212585, 0.0 ], [ 104.171045374716357, 14.582301340849028, 0.0 ], [ 104.170994788996907, 14.583875407630346, 0.0 ], [ 104.171543671857791, 14.583765056210536, 0.0 ], [ 104.171302729702788, 14.582316224212585, 0.0 ] ] ] ] } },
{ "type": "Feature", "properties": { "Plang": "17", "Rawang": "743", "Rai": 8.0, "NGan": 1.0, "Wa": 73.0, "CardID": "3330500236986", "Name": "นายบัว บุตะเคียน", "ADD": "33 ถ. ซ. ม.2 บ. ต.ตะเคียนราม อ.ภูสิงห์ จ.ศรีสะเกษ" }, "geometry": { "type": "MultiPolygon", "coordinates": [ [ [ [ 104.170994788996907, 14.583875407630346, 0.0 ], [ 104.171045374716357, 14.582301340849028, 0.0 ], [ 104.171022862115649, 14.582238386130321, 0.0 ], [ 104.170486385143747, 14.582075891236997, 0.0 ], [ 104.170260891089796, 14.583952351561257, 0.0 ], [ 104.170994788996907, 14.583875407630346, 0.0 ] ] ] ] } },
{ "type": "Feature", "properties": { "Plang": "16", "Rawang": "743", "Rai": 2.0, "NGan": 3.0, "Wa": 64.0, "CardID": "3330500228932", "Name": "นายดุ บุตะเคียน", "ADD": "27 ถ. ซ. ม.12 บ.ตะเคียนรามตะวัน ต.ตะเคียนราม อ.ภูสิงห์ จ.ศรีสะเกษ" }, "geometry": { "type": "MultiPolygon", "coordinates": [ [ [ [ 104.1695131987736, 14.58255035870207, 0.0 ], [ 104.169410324718328, 14.582810413874189, 0.0 ], [ 104.169706145362156, 14.582855230485356, 0.0 ], [ 104.170197091461645, 14.582885362037961, 0.0 ], [ 104.170322738300897, 14.582335927147378, 0.0 ], [ 104.169524699065136, 14.582372098424763, 0.0 ], [ 104.1695131987736, 14.58255035870207, 0.0 ] ] ] ] } },
{ "type": "Feature", "properties": { "Plang": "15", "Rawang": "743", "Rai": 4.0, "NGan": 2.0, "Wa": 10.0, "CardID": "3330500229386", "Name": "นายดิน แก้วมนตรี", "ADD": "55 ถ. ซ. ม.12 บ.ตะเคียนรามตะวัน ต.ตะเคียนราม อ.ภูสิงห์ จ.ศรีสะเกษ" }, "geometry": { "type": "MultiPolygon", "coordinates": [ [ [ [ 104.169272193599625, 14.583580886930813, 0.0 ], [ 104.170189935695774, 14.58349662302833, 0.0 ], [ 104.170197091461645, 14.582885362037961, 0.0 ], [ 104.169706145362156, 14.582855230485356, 0.0 ], [ 104.169410324718328, 14.582810413874189, 0.0 ], [ 104.169345929958013, 14.582904452802362, 0.0 ], [ 104.169266089625069, 14.583171506967153, 0.0 ], [ 104.169272193599625, 14.583580886930813, 0.0 ] ] ] ] } },
{ "type": "Feature", "properties": { "Plang": "14", "Rawang": "743", "Rai": 5.0, "NGan": 3.0, "Wa": 84.0, "CardID": "3330500236269", "Name": "นายสา บุตะเคียน", "ADD": "20 ถ. ซ. ม.2 บ.ตะเคียนรามตะวัน ต.ตะเคียนราม อ.ภูสิงห์ จ.ศรีสะเกษ" }, "geometry": { "type": "MultiPolygon", "coordinates": [ [ [ [ 104.169508186323483, 14.584281645075007, 0.0 ], [ 104.170195986522515, 14.584332632658468, 0.0 ], [ 104.170189935695774, 14.58349662302833, 0.0 ], [ 104.169272193599625, 14.583580886930813, 0.0 ], [ 104.169247052903046, 14.583725305104664, 0.0 ], [ 104.168860047688952, 14.583755630791092, 0.0 ], [ 104.168856762553546, 14.583974855801511, 0.0 ], [ 104.169211083604054, 14.583904045748834, 0.0 ], [ 104.169184649240719, 14.584254698855304, 0.0 ], [ 104.169508186323483, 14.584281645075007, 0.0 ] ] ] ] } },
{ "type": "Feature", "properties": { "Plang": "13", "Rawang": "743", "Rai": 0.0, "NGan": 3.0, "Wa": 68.0, "CardID": "3330500473601", "Name": "นางสาวอ้อย เสาว์สา", "ADD": "78 ถ. ซ. ม.12 บ.ตะเคียนรามตะวัน ต.ตะเคียนราม อ.ภูสิงห์ จ.ศรีสะเกษ" }, "geometry": { "type": "MultiPolygon", "coordinates": [ [ [ [ 104.169184649240719, 14.584254698855304, 0.0 ], [ 104.169097719297469, 14.584591414537252, 0.0 ], [ 104.169499196624386, 14.584630965981763, 0.0 ], [ 104.169508186323483, 14.584281645075007, 0.0 ], [ 104.169184649240719, 14.584254698855304, 0.0 ] ] ] ] } },
{ "type": "Feature", "properties": { "Plang": "12", "Rawang": "743", "Rai": 1.0, "NGan": 3.0, "Wa": 46.0, "CardID": "3330500238113", "Name": "นางสาวสมบูรณ์ อุดรพันธ์", "ADD": "35 ถ. ซ. ม.12 บ.ห้วยยาง ต.ตะเคียนราม อ.ภูสิงห์ จ.ศรีสะเกษ" }, "geometry": { "type": "MultiPolygon", "coordinates": [ [ [ [ 104.170195986522515, 14.584332632658468, 0.0 ], [ 104.169508186323483, 14.584281645075007, 0.0 ], [ 104.169499196624386, 14.584630965981763, 0.0 ], [ 104.170202684214587, 14.584717723411014, 0.0 ], [ 104.170195986522515, 14.584332632658468, 0.0 ] ] ] ] } },
{ "type": "Feature", "properties": { "Plang": "11", "Rawang": "743", "Rai": 6.0, "NGan": 0.0, "Wa": 70.0, "CardID": "3330500237796", "Name": "นางคัทลียา ตะเคียนเกลี้ยง", "ADD": "24 ถ. ซ. ม.5 บ.ระเบ๊าะ ต.ตะเคียนราม อ.ขุขันธ์ จ.ศรีสะเกษ" }, "geometry": { "type": "MultiPolygon", "coordinates": [ [ [ [ 104.171543671857791, 14.583765056210536, 0.0 ], [ 104.170994788996907, 14.583875407630346, 0.0 ], [ 104.170260891089796, 14.583952351561257, 0.0 ], [ 104.17029132283669, 14.584718482186467, 0.0 ], [ 104.171248867468364, 14.584740403112217, 0.0 ], [ 104.171815634200257, 14.584667397053479, 0.0 ], [ 104.172310866470639, 14.58449869437584, 0.0 ], [ 104.172238690824258, 14.584211074983495, 0.0 ], [ 104.172234386195953, 14.583913136991777, 0.0 ], [ 104.172292386106051, 14.583658500726525, 0.0 ], [ 104.172081700011645, 14.583741800026148, 0.0 ], [ 104.172051323668256, 14.583702111930329, 0.0 ], [ 104.171543671857791, 14.583765056210536, 0.0 ] ] ] ] } },
{ "type": "Feature", "properties": { "Plang": "10", "Rawang": "743", "Rai": 22.0, "NGan": 0.0, "Wa": 50.0, "CardID": "3330500215474", "Name": "นางจำนูญ สุทธิพันธ์", "ADD": "87 ถ. ซ. ม.3 บ. ต.ตะเคียนราม อ.ภูสิงห์ จ.ศรีสะเกษ" }, "geometry": { "type": "MultiPolygon", "coordinates": [ [ [ [ 104.172501259556171, 14.582764968711686, 0.0 ], [ 104.172292386106051, 14.583658500726525, 0.0 ], [ 104.172234386195953, 14.583913136991777, 0.0 ], [ 104.172238690824258, 14.584211074983495, 0.0 ], [ 104.174606954560304, 14.5840664183899, 0.0 ], [ 104.174624830575567, 14.583621093116287, 0.0 ], [ 104.174784316965969, 14.583057284947568, 0.0 ], [ 104.173322689983621, 14.582784304194066, 0.0 ], [ 104.172781882251797, 14.582763732359851, 0.0 ], [ 104.172501259556171, 14.582764968711686, 0.0 ] ] ] ] } },
{ "type": "Feature", "properties": { "Plang": "9", "Rawang": "743", "Rai": 22.0, "NGan": 0.0, "Wa": 4.0, "CardID": "3330500215466", "Name": "นางจำเนียร สมหวัง", "ADD": "100 ถ. ซ. ม.3 บ. ต.ตะเคียนราม อ.ภูสิงห์ จ.ศรีสะเกษ" }, "geometry": { "type": "MultiPolygon", "coordinates": [ [ [ [ 104.172238690824258, 14.584211074983495, 0.0 ], [ 104.172310866470639, 14.58449869437584, 0.0 ], [ 104.172368103391136, 14.584649286069382, 0.0 ], [ 104.17249744066298, 14.584985281816763, 0.0 ], [ 104.17264214619523, 14.585549992736098, 0.0 ], [ 104.173703895086689, 14.585573196790454, 0.0 ], [ 104.174243717541756, 14.585471447073429, 0.0 ], [ 104.174655405254597, 14.585328952913793, 0.0 ], [ 104.174579526482248, 14.58475998379248, 0.0 ], [ 104.174606954560304, 14.5840664183899, 0.0 ], [ 104.172238690824258, 14.584211074983495, 0.0 ] ] ] ] } },
{ "type": "Feature", "properties": { "Plang": "8", "Rawang": "743", "Rai": 8.0, "NGan": 0.0, "Wa": 2.0, "CardID": "3330500232115", "Name": "นางกรม บุตะเคียน", "ADD": "33 ถ. ซ. ม.2 บ.ตะเคียนรามตะวันตก ต.ตะเคียนราม อ.ภูสิงห์ จ.ศรีสะเกษ" }, "geometry": { "type": "MultiPolygon", "coordinates": [ [ [ [ 104.171815634200257, 14.584667397053479, 0.0 ], [ 104.171932790451606, 14.586155666718875, 0.0 ], [ 104.172275168060409, 14.586090449648221, 0.0 ], [ 104.172793113446616, 14.586013981103571, 0.0 ], [ 104.17264214619523, 14.585549992736098, 0.0 ], [ 104.17249744066298, 14.584985281816763, 0.0 ], [ 104.172368103391136, 14.584649286069382, 0.0 ], [ 104.172310866470639, 14.58449869437584, 0.0 ], [ 104.171815634200257, 14.584667397053479, 0.0 ] ] ] ] } },
{ "type": "Feature", "properties": { "Plang": "7", "Rawang": "743", "Rai": 5.0, "NGan": 2.0, "Wa": 24.0, "CardID": "0000000000000", "Name": "นางสาวเสวย บุตะเคียน", "ADD": "58 ถ. ซ. ม.2 บ.ตะเคียนรามตะวัน ต.ตะเคียนราม อ.ขุขันธ์ จ.ศรีสะเกษ" }, "geometry": { "type": "MultiPolygon", "coordinates": [ [ [ [ 104.171485115481289, 14.586104532683621, 0.0 ], [ 104.171932790451606, 14.586155666718875, 0.0 ], [ 104.171815634200257, 14.584667397053479, 0.0 ], [ 104.171248867468364, 14.584740403112217, 0.0 ], [ 104.171420238184524, 14.586119432274943, 0.0 ], [ 104.171485115481289, 14.586104532683621, 0.0 ] ] ] ] } },
{ "type": "Feature", "properties": { "Plang": "6", "Rawang": "743", "Rai": 10.0, "NGan": 3.0, "Wa": 31.0, "CardID": "3330500230252", "Name": "นายอน บุตะเคียน", "ADD": "35 ถ. ซ. ม.2 บ.ตะเคียนรามตะวัน ต.ตะเคียนราม อ.ภูสิงห์ จ.ศรีสะเกษ" }, "geometry": { "type": "MultiPolygon", "coordinates": [ [ [ [ 104.171150870774014, 14.586196256319749, 0.0 ], [ 104.171420238184524, 14.586119432274943, 0.0 ], [ 104.171248867468364, 14.584740403112217, 0.0 ], [ 104.17029132283669, 14.584718482186467, 0.0 ], [ 104.170404687139552, 14.586241836087813, 0.0 ], [ 104.170823445811081, 14.58622837748902, 0.0 ], [ 104.171150870774014, 14.586196256319749, 0.0 ] ] ] ] } },
{ "type": "Feature", "properties": { "Plang": "33", "Rawang": "743", "Rai": 0.0, "NGan": 3.0, "Wa": 90.0, "CardID": "3330500238041", "Name": "นางเปรียม บุตะเคียน", "ADD": "32 ถ. ซ. ม.12 บ.ห้วยยาง ต.ตะเคียนราม อ.ภูสิงห์ จ.ศรีสะเกษ" }, "geometry": { "type": "MultiPolygon", "coordinates": [ [ [ [ 104.170319516250345, 14.585788860340564, 0.0 ], [ 104.169946901868684, 14.585833966631553, 0.0 ], [ 104.169950506833658, 14.585960686044084, 0.0 ], [ 104.169901585779797, 14.586128503944224, 0.0 ], [ 104.170343506675195, 14.586195857428404, 0.0 ], [ 104.170319516250345, 14.585788860340564, 0.0 ] ] ] ] } },
{ "type": "Feature", "properties": { "Plang": "34", "Rawang": "743", "Rai": 2.0, "NGan": 3.0, "Wa": 87.0, "CardID": "3330500333311", "Name": "นางเพ็ญ ตะเคียนเกลี้ยง", "ADD": "64 ถ. ซ. ม.12 บ.ห้วยยาง ต.ตะเคียนราม อ.ภูสิงห์ จ.ศรีสะเกษ" }, "geometry": { "type": "MultiPolygon", "coordinates": [ [ [ [ 104.16925738474454, 14.586087931608276, 0.0 ], [ 104.16936445767962, 14.586088311633601, 0.0 ], [ 104.169591095844979, 14.586095263231197, 0.0 ], [ 104.169901585779797, 14.586128503944224, 0.0 ], [ 104.169950506833658, 14.585960686044084, 0.0 ], [ 104.169946901868684, 14.585833966631553, 0.0 ], [ 104.169940474368758, 14.585780840291026, 0.0 ], [ 104.169934479858355, 14.585571426667425, 0.0 ], [ 104.169895273261147, 14.585505257463302, 0.0 ], [ 104.169336004005871, 14.585622938085434, 0.0 ], [ 104.169151260476937, 14.585678037839504, 0.0 ], [ 104.16925738474454, 14.586087931608276, 0.0 ] ] ] ] } },
{ "type": "Feature", "properties": { "Plang": "35", "Rawang": "743", "Rai": 3.0, "NGan": 1.0, "Wa": 32.0, "CardID": "3330500228665", "Name": "นางนก บุตะเคียน", "ADD": "48 ถ. ซ. ม.12 บ.ห้วยยาง ต.ตะเคียนราม อ.ภูสิงห์ จ.ศรีสะเกษ" }, "geometry": { "type": "MultiPolygon", "coordinates": [ [ [ [ 104.170319516250345, 14.585788860340564, 0.0 ], [ 104.170311047151728, 14.58555442463471, 0.0 ], [ 104.170059137802966, 14.585551118455715, 0.0 ], [ 104.17016095933802, 14.585245444556952, 0.0 ], [ 104.170037436994974, 14.585112552090312, 0.0 ], [ 104.169904175804405, 14.585069167061279, 0.0 ], [ 104.169832571720193, 14.58512228517141, 0.0 ], [ 104.169216368877727, 14.585161686495102, 0.0 ], [ 104.169336004005871, 14.585622938085434, 0.0 ], [ 104.169895273261147, 14.585505257463302, 0.0 ], [ 104.169934479858355, 14.585571426667425, 0.0 ], [ 104.169940474368758, 14.585780840291026, 0.0 ], [ 104.169946901868684, 14.585833966631553, 0.0 ], [ 104.170319516250345, 14.585788860340564, 0.0 ] ] ] ] } },
{ "type": "Feature", "properties": { "Plang": "5", "Rawang": "743", "Rai": 4.0, "NGan": 1.0, "Wa": 50.0, "CardID": "3330500328415", "Name": "นายกลัด บุตะเคียน", "ADD": "59 ถ. ซ. ม.12 บ. ต.ตะเคียนราม อ.ภูสิงห์ จ.ศรีสะเกษ" }, "geometry": { "type": "MultiPolygon", "coordinates": [ [ [ [ 104.169097719297469, 14.584591414537252, 0.0 ], [ 104.169216368877727, 14.585161686495102, 0.0 ], [ 104.169832571720193, 14.58512228517141, 0.0 ], [ 104.169904175804405, 14.585069167061279, 0.0 ], [ 104.170037436994974, 14.585112552090312, 0.0 ], [ 104.17016095933802, 14.585245444556952, 0.0 ], [ 104.170059137802966, 14.585551118455715, 0.0 ], [ 104.170311047151728, 14.58555442463471, 0.0 ], [ 104.170202684214587, 14.584717723411014, 0.0 ], [ 104.169499196624386, 14.584630965981763, 0.0 ], [ 104.169097719297469, 14.584591414537252, 0.0 ] ] ] ] } },
{ "type": "Feature", "properties": { "Plang": "3", "Rawang": "743", "Rai": 0.0, "NGan": 3.0, "Wa": 64.0, "CardID": "3330500228932", "Name": "นายดุ บุตะเคียน", "ADD": "27 ถ. ซ. ม.12 บ.ตะเคียนรามตะวัน ต.ตะเคียนราม อ.ภูสิงห์ จ.ศรีสะเกษ" }, "geometry": { "type": "MultiPolygon", "coordinates": [ [ [ [ 104.168552936661001, 14.585315626050871, 0.0 ], [ 104.168672746444898, 14.585781885457793, 0.0 ], [ 104.168887063763279, 14.585733560689409, 0.0 ], [ 104.168746001978832, 14.585131906692462, 0.0 ], [ 104.168552936661001, 14.585315626050871, 0.0 ] ] ] ] } },
{ "type": "Feature", "properties": { "Plang": "4", "Rawang": "743", "Rai": 2.0, "NGan": 2.0, "Wa": 89.0, "CardID": "0000000000000", "Name": "นายตวน บุตะเคียน", "ADD": "83 ถ. ซ. ม.2 บ.ตะเคียนรามตะวัน ต.ตะเคียนราม อ.ขุขันธ์ จ.ศรีสะเกษ" }, "geometry": { "type": "MultiPolygon", "coordinates": [ [ [ [ 104.169151260476937, 14.585678037839504, 0.0 ], [ 104.169336004005871, 14.585622938085434, 0.0 ], [ 104.169216368877727, 14.585161686495102, 0.0 ], [ 104.169097719297469, 14.584591414537252, 0.0 ], [ 104.169046971962715, 14.584645542389568, 0.0 ], [ 104.168969678196135, 14.584880392614654, 0.0 ], [ 104.168918470463453, 14.585010584729782, 0.0 ], [ 104.168746001978832, 14.585131906692462, 0.0 ], [ 104.168887063763279, 14.585733560689409, 0.0 ], [ 104.169151260476937, 14.585678037839504, 0.0 ] ] ] ] } },
{ "type": "Feature", "properties": { "Plang": "2", "Rawang": "743", "Rai": 1.0, "NGan": 1.0, "Wa": 19.0, "CardID": "3330500239292", "Name": "นายเขมา เสาสา", "ADD": "72 ถ. ซ. ม.12 บ. ต.ตะเคียนราม อ.ภูสิงห์ จ.ศรีสะเกษ" }, "geometry": { "type": "MultiPolygon", "coordinates": [ [ [ [ 104.168757804769299, 14.586075908667988, 0.0 ], [ 104.16925738474454, 14.586087931608276, 0.0 ], [ 104.169151260476937, 14.585678037839504, 0.0 ], [ 104.168887063763279, 14.585733560689409, 0.0 ], [ 104.168672746444898, 14.585781885457793, 0.0 ], [ 104.168757804769299, 14.586075908667988, 0.0 ] ] ] ] } },
{ "type": "Feature", "properties": { "Plang": "1", "Rawang": "743", "Rai": 3.0, "NGan": 1.0, "Wa": 84.0, "CardID": "3330500235815", "Name": "นางสาวพลอน บุตะเคียน", "ADD": "90 ถ. ซ. ม.12 บ. ต.ตะเคียนราม อ.ภูสิงห์ จ.ศรีสะเกษ" }, "geometry": { "type": "MultiPolygon", "coordinates": [ [ [ [ 104.170343506675195, 14.586195857428404, 0.0 ], [ 104.169901585779797, 14.586128503944224, 0.0 ], [ 104.169591095844979, 14.586095263231197, 0.0 ], [ 104.16936445767962, 14.586088311633601, 0.0 ], [ 104.169395105866329, 14.586892433748478, 0.0 ], [ 104.169552892647815, 14.586885448620452, 0.0 ], [ 104.169581419808267, 14.586570485096084, 0.0 ], [ 104.170018419795312, 14.586570354208511, 0.0 ], [ 104.170305831414169, 14.586560605449804, 0.0 ], [ 104.170343506675195, 14.586195857428404, 0.0 ] ] ] ] } },
{ "type": "Feature", "properties": { "Plang": "22", "Rawang": "742", "Rai": 1.0, "NGan": 3.0, "Wa": 90.0, "CardID": "0000000000000", "Name": "นายเลา บุตะเคียน", "ADD": "10 ถ. ซ. ม.2 บ.ตะเคียนรามตะวัน ต.ตะเคียนราม อ.ขุขันธ์ จ.ศรีสะเกษ" }, "geometry": { "type": "MultiPolygon", "coordinates": [ [ [ [ 104.170823445811081, 14.58622837748902, 0.0 ], [ 104.170404687139552, 14.586241836087813, 0.0 ], [ 104.170361013621218, 14.586616785954703, 0.0 ], [ 104.170559651039582, 14.58702130554026, 0.0 ], [ 104.170696471358113, 14.587023326208074, 0.0 ], [ 104.170823445811081, 14.58622837748902, 0.0 ] ] ] ] } },
{ "type": "Feature", "properties": { "Plang": "23", "Rawang": "742", "Rai": 2.0, "NGan": 0.0, "Wa": 72.0, "CardID": "3330500236986", "Name": "นายบัว บุตะเคียน", "ADD": "33 ถ. ซ. ม.2 บ. ต.ตะเคียนราม อ.ภูสิงห์ จ.ศรีสะเกษ" }, "geometry": { "type": "MultiPolygon", "coordinates": [ [ [ [ 104.170823445811081, 14.58622837748902, 0.0 ], [ 104.170696471358113, 14.587023326208074, 0.0 ], [ 104.171069140020521, 14.587083615239091, 0.0 ], [ 104.171150870774014, 14.586196256319749, 0.0 ], [ 104.170823445811081, 14.58622837748902, 0.0 ] ] ] ] } },
{ "type": "Feature", "properties": { "Plang": "24", "Rawang": "742", "Rai": 2.0, "NGan": 2.0, "Wa": 47.0, "CardID": "3330500238130", "Name": "นายนวน บุตะเคียน", "ADD": "57 ถ. ซ. ม.2 บ. ต.ตะเคียนราม อ.ภูสิงห์ จ.ศรีสะเกษ" }, "geometry": { "type": "MultiPolygon", "coordinates": [ [ [ [ 104.171420238184524, 14.586119432274943, 0.0 ], [ 104.171150870774014, 14.586196256319749, 0.0 ], [ 104.171069140020521, 14.587083615239091, 0.0 ], [ 104.171457714731844, 14.587162834820946, 0.0 ], [ 104.171485115481289, 14.586104532683621, 0.0 ], [ 104.171420238184524, 14.586119432274943, 0.0 ] ] ] ] } },
{ "type": "Feature", "properties": { "Plang": "25", "Rawang": "742", "Rai": 3.0, "NGan": 1.0, "Wa": 64.0, "CardID": "3330500230279", "Name": "นางสรี บุตะเคียน", "ADD": "10 ถ. ซ. ม.2 บ.ตะเคียนรามตะวัน ต.ตะเคียนราม อ.ภูสิงห์ จ.ศรีสะเกษ" }, "geometry": { "type": "MultiPolygon", "coordinates": [ [ [ [ 104.171485115481289, 14.586104532683621, 0.0 ], [ 104.171457714731844, 14.587162834820946, 0.0 ], [ 104.171897221866061, 14.587200690604806, 0.0 ], [ 104.171915065138876, 14.586676575368621, 0.0 ], [ 104.171932790451606, 14.586155666718875, 0.0 ], [ 104.171485115481289, 14.586104532683621, 0.0 ] ] ] ] } },
{ "type": "Feature", "properties": { "Plang": "27", "Rawang": "742", "Rai": 13.0, "NGan": 0.0, "Wa": 98.0, "CardID": "3330500213595", "Name": "นางสวี บุญขาว", "ADD": "103 ถ. ซ. ม.3 บ. ต.ตะเคียนราม อ.ภูสิงห์ จ.ศรีสะเกษ" }, "geometry": { "type": "MultiPolygon", "coordinates": [ [ [ [ 104.174192678562903, 14.586828485311445, 0.0 ], [ 104.174243717541756, 14.585471447073429, 0.0 ], [ 104.173703895086689, 14.585573196790454, 0.0 ], [ 104.17264214619523, 14.585549992736098, 0.0 ], [ 104.172793113446616, 14.586013981103571, 0.0 ], [ 104.17295984543054, 14.586571307416353, 0.0 ], [ 104.172958190779028, 14.586863617126198, 0.0 ], [ 104.174192678562903, 14.586828485311445, 0.0 ] ] ] ] } },
{ "type": "Feature", "properties": { "Plang": "31", "Rawang": "742", "Rai": 22.0, "NGan": 1.0, "Wa": 66.0, "CardID": "3330500214460", "Name": "นายปรึก ตะเคียนราม", "ADD": "49 ถ. ซ. ม.3 บ. ต.ตะเคียนราม อ.ภูสิงห์ จ.ศรีสะเกษ" }, "geometry": { "type": "MultiPolygon", "coordinates": [ [ [ [ 104.174243717541756, 14.585471447073429, 0.0 ], [ 104.174192678562903, 14.586828485311445, 0.0 ], [ 104.174217567662353, 14.586884721069868, 0.0 ], [ 104.17492168433931, 14.587264054487084, 0.0 ], [ 104.175038103636041, 14.58732677349912, 0.0 ], [ 104.175517626011697, 14.587185454570044, 0.0 ], [ 104.175524889449818, 14.586947578208676, 0.0 ], [ 104.175714627997209, 14.586581634905439, 0.0 ], [ 104.176034035707318, 14.586399026998956, 0.0 ], [ 104.176054234923086, 14.586302619043483, 0.0 ], [ 104.175733143773556, 14.585515855023763, 0.0 ], [ 104.175512350026324, 14.585068220206054, 0.0 ], [ 104.174655405254597, 14.585328952913793, 0.0 ], [ 104.174243717541756, 14.585471447073429, 0.0 ] ] ] ] } },
{ "type": "Feature", "properties": { "Plang": "33", "Rawang": "742", "Rai": 8.0, "NGan": 1.0, "Wa": 68.0, "CardID": "3330500212661", "Name": "นายดำรงค์ บุญขาว", "ADD": "03 ถ. ซ. ม.3 บ.ตะเคียนรามกลาง ต.ตะเคียนราม อ.ภูสิงห์ จ.ศรีสะเกษ" }, "geometry": { "type": "MultiPolygon", "coordinates": [ [ [ [ 104.177075468076879, 14.588528529417712, 0.0 ], [ 104.177889100355557, 14.586356789819785, 0.0 ], [ 104.176962675835199, 14.586171871678278, 0.0 ], [ 104.176975662883635, 14.586105319830029, 0.0 ], [ 104.176765277894958, 14.586194074086137, 0.0 ], [ 104.176887356185929, 14.587410357629103, 0.0 ], [ 104.176957191675029, 14.588247878658345, 0.0 ], [ 104.177075468076879, 14.588528529417712, 0.0 ] ] ] ] } },
{ "type": "Feature", "properties": { "Plang": "21", "Rawang": "742", "Rai": 2.0, "NGan": 0.0, "Wa": 66.0, "CardID": "3330500228363", "Name": "นายเพีย บุตะเคียน", "ADD": "46 ถ. ซ. ม.12 บ.ตะเคียนรามตะวัน ต.ตะเคียนราม อ.ภูสิงห์ จ.ศรีสะเกษ" }, "geometry": { "type": "MultiPolygon", "coordinates": [ [ [ [ 104.170652582688078, 14.588236020254646, 0.0 ], [ 104.170920111287202, 14.587081433582497, 0.0 ], [ 104.170587888113417, 14.587075683984045, 0.0 ], [ 104.170481539310458, 14.588187239758586, 0.0 ], [ 104.170652582688078, 14.588236020254646, 0.0 ] ] ] ] } },
{ "type": "Feature", "properties": { "Plang": "19", "Rawang": "742", "Rai": 3.0, "NGan": 0.0, "Wa": 31.0, "CardID": "3330500237613", "Name": "นายพล บุตะเคียน", "ADD": "71 ถ. ซ. ม.12 บ.ห้วยยาง ต.ตะเคียนราม อ.ภูสิงห์ จ.ศรีสะเกษ" }, "geometry": { "type": "MultiPolygon", "coordinates": [ [ [ [ 104.170481539310458, 14.588187239758586, 0.0 ], [ 104.170566123867573, 14.588656797193785, 0.0 ], [ 104.170921312352419, 14.588567771119672, 0.0 ], [ 104.171146812391171, 14.588587904720681, 0.0 ], [ 104.171150266882464, 14.588362083579742, 0.0 ], [ 104.171445291741591, 14.587215011205172, 0.0 ], [ 104.171346579283806, 14.587209435464597, 0.0 ], [ 104.17087426922464, 14.588296350715581, 0.0 ], [ 104.170652582688078, 14.588236020254646, 0.0 ], [ 104.170481539310458, 14.588187239758586, 0.0 ] ] ] ] } },
{ "type": "Feature", "properties": { "Plang": "20", "Rawang": "742", "Rai": 2.0, "NGan": 3.0, "Wa": 66.0, "CardID": "3330500228223", "Name": "นางสาวสุพัฒตรา เนาวิรัตน์", "ADD": "1 ถ. ซ. ม.2 บ. ต.ตะเคียนราม อ.ภูสิงห์ จ.ศรีสะเกษ" }, "geometry": { "type": "MultiPolygon", "coordinates": [ [ [ [ 104.170920111287202, 14.587081433582497, 0.0 ], [ 104.170652582688078, 14.588236020254646, 0.0 ], [ 104.17087426922464, 14.588296350715581, 0.0 ], [ 104.171346579283806, 14.587209435464597, 0.0 ], [ 104.170920111287202, 14.587081433582497, 0.0 ] ] ] ] } },
{ "type": "Feature", "properties": { "Plang": "18", "Rawang": "742", "Rai": 3.0, "NGan": 1.0, "Wa": 36.0, "CardID": "3330500227961", "Name": "นายมั่น เสมอ", "ADD": "9 ถ. ซ. ม.12 บ.ตะเคียนรามตะวัน ต.ตะเคียนราม อ.ภูสิงห์ จ.ศรีสะเกษ" }, "geometry": { "type": "MultiPolygon", "coordinates": [ [ [ [ 104.171194669601704, 14.588723854616042, 0.0 ], [ 104.171523680481016, 14.588759623593434, 0.0 ], [ 104.171589633437961, 14.587214291636446, 0.0 ], [ 104.171445291741591, 14.587215011205172, 0.0 ], [ 104.171150266882464, 14.588362083579742, 0.0 ], [ 104.171146812391171, 14.588587904720681, 0.0 ], [ 104.171194669601704, 14.588723854616042, 0.0 ] ] ] ] } },
{ "type": "Feature", "properties": { "Plang": "17", "Rawang": "742", "Rai": 4.0, "NGan": 1.0, "Wa": 78.0, "CardID": "0000000000000", "Name": "นางสาวเขียว บุตะเคียน", "ADD": "90 ถ. ซ. ม.2 บ. ต.ตะเคียนราม อ.ขุขันธ์ จ.ศรีสะเกษ" }, "geometry": { "type": "MultiPolygon", "coordinates": [ [ [ [ 104.171786923063607, 14.589640873244006, 0.0 ], [ 104.171869071398518, 14.588873517741204, 0.0 ], [ 104.17187425373163, 14.588812672290098, 0.0 ], [ 104.171523680481016, 14.588759623593434, 0.0 ], [ 104.171194669601704, 14.588723854616042, 0.0 ], [ 104.171199984649292, 14.589072361429306, 0.0 ], [ 104.171072611874294, 14.589111883295951, 0.0 ], [ 104.171133859276637, 14.589610404833522, 0.0 ], [ 104.171786923063607, 14.589640873244006, 0.0 ] ] ] ] } },
{ "type": "Feature", "properties": { "Plang": "16", "Rawang": "742", "Rai": 8.0, "NGan": 0.0, "Wa": 94.0, "CardID": "3330500237419", "Name": "นายสมล บุตะเคียน", "ADD": "1 ถ. ซ. ม.12 บ. ต.ตะเคียนราม อ.ภูสิงห์ จ.ศรีสะเกษ" }, "geometry": { "type": "MultiPolygon", "coordinates": [ [ [ [ 104.171589633437961, 14.587214291636446, 0.0 ], [ 104.171523680481016, 14.588759623593434, 0.0 ], [ 104.17187425373163, 14.588812672290098, 0.0 ], [ 104.171869071398518, 14.588873517741204, 0.0 ], [ 104.172066472929529, 14.588906170604719, 0.0 ], [ 104.172174212797543, 14.588577007875443, 0.0 ], [ 104.172424540904856, 14.587503186877512, 0.0 ], [ 104.171897221866061, 14.587200690604806, 0.0 ], [ 104.171881893638627, 14.587245602867206, 0.0 ], [ 104.171589633437961, 14.587214291636446, 0.0 ] ] ] ] } },
{ "type": "Feature", "properties": { "Plang": "14", "Rawang": "742", "Rai": 8.0, "NGan": 1.0, "Wa": 5.0, "CardID": "0000000000000", "Name": "นางแดง อุดรพันธ์", "ADD": "25 ถ. ซ. ม.2 บ.ตะเคียนตะวันตก ต.ตะเคียนราม อ.ขุขันธ์ จ.ศรีสะเกษ" }, "geometry": { "type": "MultiPolygon", "coordinates": [ [ [ [ 104.173208449569998, 14.588566542024273, 0.0 ], [ 104.172702152220495, 14.588611791862331, 0.0 ], [ 104.172174212797543, 14.588577007875443, 0.0 ], [ 104.172066472929529, 14.588906170604719, 0.0 ], [ 104.171869071398518, 14.588873517741204, 0.0 ], [ 104.171786923063607, 14.589640873244006, 0.0 ], [ 104.171712957230568, 14.589963446564814, 0.0 ], [ 104.172128654678048, 14.589945908302981, 0.0 ], [ 104.172218070758049, 14.589877078998686, 0.0 ], [ 104.172232852439421, 14.589607037510929, 0.0 ], [ 104.172117079046231, 14.589598890816665, 0.0 ], [ 104.172167967465256, 14.589363675853003, 0.0 ], [ 104.172243546326683, 14.589250413313136, 0.0 ], [ 104.172317003664844, 14.589243094291318, 0.0 ], [ 104.172348997401912, 14.589319274007583, 0.0 ], [ 104.172593140941245, 14.58925216538459, 0.0 ], [ 104.173229116244471, 14.589287904608268, 0.0 ], [ 104.173208449569998, 14.588566542024273, 0.0 ] ] ] ] } },
{ "type": "Feature", "properties": { "Plang": "16", "Rawang": "744", "Rai": 7.0, "NGan": 0.0, "Wa": 82.0, "CardID": "3330500238695", "Name": "นางสมวย บุตะเคียน", "ADD": "58 ถ. ซ. ม.12 บ.ห้วยยาง ต.ตะเคียนราม อ.ภูสิงห์ จ.ศรีสะเกษ" }, "geometry": { "type": "MultiPolygon", "coordinates": [ [ [ [ 104.16759511963653, 14.581020406225701, 0.0 ], [ 104.167643378041717, 14.581203259807745, 0.0 ], [ 104.1682035299647, 14.580809265883905, 0.0 ], [ 104.168241025699828, 14.580712464922568, 0.0 ], [ 104.168620125150312, 14.580725215251634, 0.0 ], [ 104.168613362290444, 14.580028139296447, 0.0 ], [ 104.168062385872588, 14.580067726019232, 0.0 ], [ 104.167438586313466, 14.580022547626875, 0.0 ], [ 104.167462314174927, 14.580367978987063, 0.0 ], [ 104.16759511963653, 14.581020406225701, 0.0 ] ] ] ] } },
{ "type": "Feature", "properties": { "Plang": "18", "Rawang": "744", "Rai": 7.0, "NGan": 2.0, "Wa": 37.0, "CardID": "3330500333337", "Name": "นายตน บุตะเคียน", "ADD": "81 ถ. ซ. ม.12 บ. ต.ตะเคียนราม อ.ภูสิงห์ จ.ศรีสะเกษ" }, "geometry": { "type": "MultiPolygon", "coordinates": [ [ [ [ 104.166171227236944, 14.580790005155237, 0.0 ], [ 104.166109553326848, 14.581458910962164, 0.0 ], [ 104.167032366949599, 14.58131032447333, 0.0 ], [ 104.16759511963653, 14.581020406225701, 0.0 ], [ 104.167462314174927, 14.580367978987063, 0.0 ], [ 104.166171227236944, 14.580790005155237, 0.0 ] ] ] ] } },
{ "type": "Feature", "properties": { "Plang": "15", "Rawang": "744", "Rai": 6.0, "NGan": 2.0, "Wa": 55.0, "CardID": "3330500228274", "Name": "นางสวัน เพิ่มฉลาด", "ADD": "51 ถ. ซ. ม.2 บ.ตะเคียนรามตะวัน ต.ตะเคียนราม อ.ขุขันธ์ จ.ศรีสะเกษ" }, "geometry": { "type": "MultiPolygon", "coordinates": [ [ [ [ 104.167643378041717, 14.581203259807745, 0.0 ], [ 104.16759511963653, 14.581020406225701, 0.0 ], [ 104.167032366949599, 14.58131032447333, 0.0 ], [ 104.166109553326848, 14.581458910962164, 0.0 ], [ 104.166141256568906, 14.581962723404768, 0.0 ], [ 104.167374049668069, 14.581981033620185, 0.0 ], [ 104.16737200104383, 14.581505073714784, 0.0 ], [ 104.167674480208106, 14.581501176737905, 0.0 ], [ 104.167643378041717, 14.581203259807745, 0.0 ] ] ] ] } },
{ "type": "Feature", "properties": { "Plang": "14", "Rawang": "744", "Rai": 4.0, "NGan": 2.0, "Wa": 79.0, "CardID": "3330500229165", "Name": "นางจินดา สุดดี", "ADD": "07 ถ. ซ. ม.12 บ.ห้วยยาง ต.ตะเคียนราม อ.ภูสิงห์ จ.ศรีสะเกษ" }, "geometry": { "type": "MultiPolygon", "coordinates": [ [ [ [ 104.167674480208106, 14.581501176737905, 0.0 ], [ 104.168707752604448, 14.581501322291315, 0.0 ], [ 104.168620125150312, 14.580725215251634, 0.0 ], [ 104.168241025699828, 14.580712464922568, 0.0 ], [ 104.1682035299647, 14.580809265883905, 0.0 ], [ 104.167643378041717, 14.581203259807745, 0.0 ], [ 104.167674480208106, 14.581501176737905, 0.0 ] ] ] ] } },
{ "type": "Feature", "properties": { "Plang": "13", "Rawang": "744", "Rai": 4.0, "NGan": 2.0, "Wa": 78.0, "CardID": "3330500227634", "Name": "นางทอง บุตะเคียน", "ADD": "13 ถ. ซ. ม.12 บ.ห้วยยาง ต.ตะเคียนราม อ.ภูสิงห์ จ.ศรีสะเกษ" }, "geometry": { "type": "MultiPolygon", "coordinates": [ [ [ [ 104.168660052511044, 14.5819900352449, 0.0 ], [ 104.168707752604448, 14.581501322291315, 0.0 ], [ 104.167674480208106, 14.581501176737905, 0.0 ], [ 104.16737200104383, 14.581505073714784, 0.0 ], [ 104.167374049668069, 14.581981033620185, 0.0 ], [ 104.168660052511044, 14.5819900352449, 0.0 ] ] ] ] } },
{ "type": "Feature", "properties": { "Plang": "9", "Rawang": "744", "Rai": 9.0, "NGan": 2.0, "Wa": 34.0, "CardID": "3330500228398", "Name": "นางพิศ บุตะเคียน", "ADD": "28 ถ. ซ. ม.2 บ.ตะเคียนรามตะวัน ต.ตะเคียนราม อ.ขุขันธ์ จ.ศรีสะเกษ" }, "geometry": { "type": "MultiPolygon", "coordinates": [ [ [ [ 104.167396671696196, 14.583019748091269, 0.0 ], [ 104.168615664196892, 14.583008036676974, 0.0 ], [ 104.168660052511044, 14.5819900352449, 0.0 ], [ 104.167374049668069, 14.581981033620185, 0.0 ], [ 104.167396671696196, 14.583019748091269, 0.0 ] ] ] ] } },
{ "type": "Feature", "properties": { "Plang": "8", "Rawang": "744", "Rai": 9.0, "NGan": 3.0, "Wa": 11.0, "CardID": "3330500228282", "Name": "นางเสวียน บุตะเคียน", "ADD": "13 ถ. ซ. ม.2 บ.ตะเคียนรามตะวัน ต.ตะเคียนราม อ.ภูสิงห์ จ.ศรีสะเกษ" }, "geometry": { "type": "MultiPolygon", "coordinates": [ [ [ [ 104.166128552526487, 14.583037819096603, 0.0 ], [ 104.167396671696196, 14.583019748091269, 0.0 ], [ 104.167374049668069, 14.581981033620185, 0.0 ], [ 104.166141256568906, 14.581962723404768, 0.0 ], [ 104.166128552526487, 14.583037819096603, 0.0 ] ] ] ] } },
{ "type": "Feature", "properties": { "Plang": "10", "Rawang": "744", "Rai": 3.0, "NGan": 2.0, "Wa": 74.0, "CardID": "3330590013252", "Name": "นางสมิ บุตะเคียน", "ADD": "15 ถ. ซ. ม.12 บ.ตะเคียนรามตะวัน ต.ตะเคียนราม อ.ภูสิงห์ จ.ศรีสะเกษ" }, "geometry": { "type": "MultiPolygon", "coordinates": [ [ [ [ 104.1695131987736, 14.58255035870207, 0.0 ], [ 104.168657157656568, 14.582419948582951, 0.0 ], [ 104.168691129105895, 14.583159722891688, 0.0 ], [ 104.169266089625069, 14.583171506967153, 0.0 ], [ 104.169345929958013, 14.582904452802362, 0.0 ], [ 104.169410324718328, 14.582810413874189, 0.0 ], [ 104.1695131987736, 14.58255035870207, 0.0 ] ] ] ] } },
{ "type": "Feature", "properties": { "Plang": "5", "Rawang": "744", "Rai": 4.0, "NGan": 2.0, "Wa": 95.0, "CardID": "3330500239047", "Name": "นางไซ สาลีวงษ์", "ADD": "50 ถ. ซ. ม.12 บ.ตะเคียนรามตะวัน ต.ตะเคียนราม อ.ภูสิงห์ จ.ศรีสะเกษ" }, "geometry": { "type": "MultiPolygon", "coordinates": [ [ [ [ 104.169266089625069, 14.583171506967153, 0.0 ], [ 104.168691129105895, 14.583159722891688, 0.0 ], [ 104.168655993994491, 14.583424751285445, 0.0 ], [ 104.168310631302958, 14.584271232702735, 0.0 ], [ 104.168304796280381, 14.584629919398878, 0.0 ], [ 104.168856762553546, 14.583974855801511, 0.0 ], [ 104.168860047688952, 14.583755630791092, 0.0 ], [ 104.169247052903046, 14.583725305104664, 0.0 ], [ 104.169272193599625, 14.583580886930813, 0.0 ], [ 104.169266089625069, 14.583171506967153, 0.0 ] ] ] ] } },
{ "type": "Feature", "properties": { "Plang": "4", "Rawang": "744", "Rai": 5.0, "NGan": 2.0, "Wa": 31.0, "CardID": "0000000000000", "Name": "นางมะลิ บุตะเคียน", "ADD": "84 ถ. ซ. ม.2 บ. ต.ตะเคียนราม อ.ขุขันธ์ จ.ศรีสะเกษ" }, "geometry": { "type": "MultiPolygon", "coordinates": [ [ [ [ 104.168746001978832, 14.585131906692462, 0.0 ], [ 104.168918470463453, 14.585010584729782, 0.0 ], [ 104.168969678196135, 14.584880392614654, 0.0 ], [ 104.169046971962715, 14.584645542389568, 0.0 ], [ 104.169097719297469, 14.584591414537252, 0.0 ], [ 104.169184649240719, 14.584254698855304, 0.0 ], [ 104.169211083604054, 14.583904045748834, 0.0 ], [ 104.168856762553546, 14.583974855801511, 0.0 ], [ 104.168304796280381, 14.584629919398878, 0.0 ], [ 104.168261474149446, 14.584865357142615, 0.0 ], [ 104.168552936661001, 14.585315626050871, 0.0 ], [ 104.168746001978832, 14.585131906692462, 0.0 ] ] ] ] } },
{ "type": "Feature", "properties": { "Plang": "7", "Rawang": "744", "Rai": 9.0, "NGan": 0.0, "Wa": 63.0, "CardID": "3330500047217", "Name": "นายใบ ใจแก้ว", "ADD": "29 ถ. ซ. ม.12 บ. ต.ตะเคียนราม อ.ภูสิงห์ จ.ศรีสะเกษ" }, "geometry": { "type": "MultiPolygon", "coordinates": [ [ [ [ 104.166128552526487, 14.583037819096603, 0.0 ], [ 104.166202891028831, 14.583374367610274, 0.0 ], [ 104.166474708872897, 14.583706991808771, 0.0 ], [ 104.166459291133776, 14.583746185578965, 0.0 ], [ 104.16660528291618, 14.583886473107819, 0.0 ], [ 104.166692274371755, 14.583814493884681, 0.0 ], [ 104.166707225042245, 14.583399482682053, 0.0 ], [ 104.1669898109771, 14.583360202469134, 0.0 ], [ 104.167053121450991, 14.58354903834727, 0.0 ], [ 104.167620059970218, 14.583468739174283, 0.0 ], [ 104.168528764478779, 14.583530795149965, 0.0 ], [ 104.168591964457619, 14.583377802438365, 0.0 ], [ 104.168615664196892, 14.583008036676974, 0.0 ], [ 104.167396671696196, 14.583019748091269, 0.0 ], [ 104.166128552526487, 14.583037819096603, 0.0 ] ] ] ] } },
{ "type": "Feature", "properties": { "Plang": "6", "Rawang": "744", "Rai": 12.0, "NGan": 2.0, "Wa": 9.0, "CardID": "5330500020301", "Name": "นางสาวปริต บุตะเคียน", "ADD": "39 ถ. ซ. ม.12 บ.ห้วยยาง ต.ตะเคียนราม อ.ภูสิงห์ จ.ศรีสะเกษ" }, "geometry": { "type": "MultiPolygon", "coordinates": [ [ [ [ 104.166692274371755, 14.583814493884681, 0.0 ], [ 104.16660528291618, 14.583886473107819, 0.0 ], [ 104.166879271215677, 14.584194912869801, 0.0 ], [ 104.166932157021705, 14.584154694196421, 0.0 ], [ 104.167241473511893, 14.584405647944417, 0.0 ], [ 104.1675251731549, 14.584773009691597, 0.0 ], [ 104.168196395489971, 14.584626073159372, 0.0 ], [ 104.168219335476309, 14.584262647792055, 0.0 ], [ 104.168528764478779, 14.583530795149965, 0.0 ], [ 104.167620059970218, 14.583468739174283, 0.0 ], [ 104.167053121450991, 14.58354903834727, 0.0 ], [ 104.1669898109771, 14.583360202469134, 0.0 ], [ 104.166707225042245, 14.583399482682053, 0.0 ], [ 104.166692274371755, 14.583814493884681, 0.0 ] ] ] ] } },
{ "type": "Feature", "properties": { "Plang": "3", "Rawang": "744", "Rai": 5.0, "NGan": 3.0, "Wa": 11.0, "CardID": "0000000000000", "Name": "นางมะลิ บุตะเคียน", "ADD": "84 ถ. ซ. ม.2 บ. ต.ตะเคียนราม อ.ขุขันธ์ จ.ศรีสะเกษ" }, "geometry": { "type": "MultiPolygon", "coordinates": [ [ [ [ 104.168683943838488, 14.586002844664987, 0.0 ], [ 104.168195402182931, 14.584871260829006, 0.0 ], [ 104.167577025551111, 14.585341750727068, 0.0 ], [ 104.167872218386137, 14.586102797379176, 0.0 ], [ 104.168683943838488, 14.586002844664987, 0.0 ] ] ] ] } },
{ "type": "Feature", "properties": { "Plang": "2", "Rawang": "744", "Rai": 10.0, "NGan": 1.0, "Wa": 61.0, "CardID": "3330500235238", "Name": "นายสก บุตะเคียน", "ADD": "74 ถ. ซ. ม.2 บ. ต.ตะเคียนราม อ.ภูสิงห์ จ.ศรีสะเกษ" }, "geometry": { "type": "MultiPolygon", "coordinates": [ [ [ [ 104.167807056526854, 14.586312172524622, 0.0 ], [ 104.166732175267583, 14.586005553957945, 0.0 ], [ 104.16681133754723, 14.586587312923868, 0.0 ], [ 104.166745202987727, 14.587102533961163, 0.0 ], [ 104.167027479288038, 14.587214925239101, 0.0 ], [ 104.167580105688998, 14.587506221453896, 0.0 ], [ 104.168012223426729, 14.587477761572661, 0.0 ], [ 104.168089497903793, 14.587524735173918, 0.0 ], [ 104.168032212877279, 14.587041254499427, 0.0 ], [ 104.167807056526854, 14.586312172524622, 0.0 ] ] ] ] } },
{ "type": "Feature", "properties": { "Plang": "1", "Rawang": "744", "Rai": 2.0, "NGan": 0.0, "Wa": 87.0, "CardID": "3330500229530", "Name": "นางเสวย บุตะเคียน", "ADD": "68/1 ถ. ซ. ม.12 บ.ห้วยยาง ต.ตะเคียนราม อ.ภูสิงห์ จ.ศรีสะเกษ" }, "geometry": { "type": "MultiPolygon", "coordinates": [ [ [ [ 104.168032212877279, 14.587041254499427, 0.0 ], [ 104.168089497903793, 14.587524735173918, 0.0 ], [ 104.168673745522938, 14.587604518532931, 0.0 ], [ 104.16856608615133, 14.587167158969242, 0.0 ], [ 104.168345320208317, 14.58693607555078, 0.0 ], [ 104.168032212877279, 14.587041254499427, 0.0 ] ] ] ] } },
{ "type": "Feature", "properties": { "Plang": "21", "Rawang": "743", "Rai": 2.0, "NGan": 2.0, "Wa": 75.0, "CardID": "3330500333451", "Name": "นายเปรียม บุตะเคียน", "ADD": "24 ถ. ซ. ม.2 บ.ตะเคียนรามตะวัน ต.ตะเคียนราม อ.ภูสิงห์ จ.ศรีสะเกษ" }, "geometry": { "type": "MultiPolygon", "coordinates": [ [ [ [ 104.169524699065136, 14.582372098424763, 0.0 ], [ 104.170322738300897, 14.582335927147378, 0.0 ], [ 104.170462302359624, 14.581954808554915, 0.0 ], [ 104.170463703185575, 14.58194863887795, 0.0 ], [ 104.169475614976648, 14.581945135632527, 0.0 ], [ 104.169524699065136, 14.582372098424763, 0.0 ] ] ] ] } },
{ "type": "Feature", "properties": { "Plang": "22", "Rawang": "743", "Rai": 3.0, "NGan": 0.0, "Wa": 22.0, "CardID": "0000000000000", "Name": "นายเทียน หอมจิตร์", "ADD": "28 ถ. ซ. ม.2 บ.ตะเคียนรามตะวัน ต.ตะเคียนราม อ.ขุขันธ์ จ.ศรีสะเกษ" }, "geometry": { "type": "MultiPolygon", "coordinates": [ [ [ [ 104.169475614976648, 14.581945135632527, 0.0 ], [ 104.170463703185575, 14.58194863887795, 0.0 ], [ 104.170550954016335, 14.581564358056854, 0.0 ], [ 104.169476334835267, 14.581537378447088, 0.0 ], [ 104.169475614976648, 14.581945135632527, 0.0 ] ] ] ] } },
{ "type": "Feature", "properties": { "Plang": "23", "Rawang": "743", "Rai": 5.0, "NGan": 2.0, "Wa": 63.0, "CardID": "3330500237613", "Name": "นายพล บุตะเคียน", "ADD": "71 ถ. ซ. ม.12 บ.ห้วยยาง ต.ตะเคียนราม อ.ภูสิงห์ จ.ศรีสะเกษ" }, "geometry": { "type": "MultiPolygon", "coordinates": [ [ [ [ 104.170550954016335, 14.581564358056854, 0.0 ], [ 104.170583085715649, 14.580909787442154, 0.0 ], [ 104.169626017875899, 14.580760575173537, 0.0 ], [ 104.169510292445608, 14.581004747302517, 0.0 ], [ 104.169421885043661, 14.581548011200649, 0.0 ], [ 104.169476334835267, 14.581537378447088, 0.0 ], [ 104.170550954016335, 14.581564358056854, 0.0 ] ] ] ] } },
{ "type": "Feature", "properties": { "Plang": "10", "Rawang": "768", "Rai": 19.0, "NGan": 0.0, "Wa": 82.0, "CardID": "3330500078248", "Name": "นายมะลัน มะลิพันธ์", "ADD": "27 ถ. ซ. ม.11 บ. ต.ปรือใหญ่ อ.ขุขันธ์ จ.ศรีสะเกษ" }, "geometry": { "type": "MultiPolygon", "coordinates": [ [ [ [ 104.197788327031105, 14.592044148821161, 0.0 ], [ 104.1975411247154, 14.591284227824147, 0.0 ], [ 104.196684395572532, 14.589203267737709, 0.0 ], [ 104.195938924398476, 14.589550381154076, 0.0 ], [ 104.196167379282173, 14.590255778568425, 0.0 ], [ 104.196968934527291, 14.592177291719324, 0.0 ], [ 104.197788327031105, 14.592044148821161, 0.0 ] ] ] ] } },
{ "type": "Feature", "properties": { "Plang": "14", "Rawang": "1130", "Rai": 2.0, "NGan": 1.0, "Wa": 62.0, "CardID": "3330500219054", "Name": "นางมะลิ ไชยมาศ", "ADD": "84 ถ. ซ. ม.3 บ.ตะเคียนรามกลาง ต.ตะเคียนราม อ.ภูสิงห์ จ.ศรีสะเกษ" }, "geometry": { "type": "MultiPolygon", "coordinates": [ [ [ [ 104.178908664899396, 14.580951192680551, 0.0 ], [ 104.180667505169467, 14.58159119796313, 0.0 ], [ 104.180697832891113, 14.581229019113396, 0.0 ], [ 104.178908664899396, 14.580951192680551, 0.0 ] ] ] ] } },
{ "type": "Feature", "properties": { "Plang": "9", "Rawang": "1130", "Rai": 2.0, "NGan": 1.0, "Wa": 96.0, "CardID": "3330500213277", "Name": "นายทาน บุญขาว", "ADD": "9 ถ. ซ. ม.3 บ. ต.ตะเคียนราม อ.ภูสิงห์ จ.ศรีสะเกษ" }, "geometry": { "type": "MultiPolygon", "coordinates": [ [ [ [ 104.178775323921144, 14.580355665991465, 0.0 ], [ 104.177729390035665, 14.580424006056329, 0.0 ], [ 104.178051607929035, 14.580700943477085, 0.0 ], [ 104.178820439667518, 14.580832857813114, 0.0 ], [ 104.178775323921144, 14.580355665991465, 0.0 ] ] ] ] } },
{ "type": "Feature", "properties": { "Plang": "8", "Rawang": "1130", "Rai": 7.0, "NGan": 3.0, "Wa": 58.0, "CardID": "0000000000000", "Name": "นายสมัด ตะเคียนเกลี้ยง", "ADD": "20 ถ. ซ. ม.3 บ. ต.ตะเคียนราม อ.ขุขันธ์ จ.ศรีสะเกษ" }, "geometry": { "type": "MultiPolygon", "coordinates": [ [ [ [ 104.176120359488237, 14.581078155808081, 0.0 ], [ 104.176117260330898, 14.58154529215024, 0.0 ], [ 104.176215584010023, 14.581580708383933, 0.0 ], [ 104.176623923109517, 14.580346003855853, 0.0 ], [ 104.17635838224821, 14.579429592190669, 0.0 ], [ 104.175636078373003, 14.579614206660271, 0.0 ], [ 104.175642935104975, 14.579665447425635, 0.0 ], [ 104.176014875948027, 14.580673650365783, 0.0 ], [ 104.176120359488237, 14.581078155808081, 0.0 ] ] ] ] } },
{ "type": "Feature", "properties": { "Plang": "7", "Rawang": "1130", "Rai": 15.0, "NGan": 2.0, "Wa": 34.0, "CardID": "3330500218830", "Name": "นางเสวย ธรรมพร", "ADD": "33 ถ. ซ. ม.3 บ. ต.ตะเคียนราม อ.ภูสิงห์ จ.ศรีสะเกษ" }, "geometry": { "type": "MultiPolygon", "coordinates": [ [ [ [ 104.174784316965969, 14.583057284947568, 0.0 ], [ 104.175352365307106, 14.583116672768263, 0.0 ], [ 104.175923513710458, 14.583103096007344, 0.0 ], [ 104.175938541252819, 14.582923075073102, 0.0 ], [ 104.17587849289437, 14.582927572475912, 0.0 ], [ 104.176096859728659, 14.58172054818289, 0.0 ], [ 104.176117260330898, 14.58154529215024, 0.0 ], [ 104.176120359488237, 14.581078155808081, 0.0 ], [ 104.175850688555911, 14.5810252132618, 0.0 ], [ 104.175328980341732, 14.580888091504637, 0.0 ], [ 104.175328956536021, 14.580900169498564, 0.0 ], [ 104.175083391903442, 14.581889915924091, 0.0 ], [ 104.174784316965969, 14.583057284947568, 0.0 ] ] ] ] } },
{ "type": "Feature", "properties": { "Plang": "4", "Rawang": "1130", "Rai": 11.0, "NGan": 1.0, "Wa": 93.0, "CardID": "3330500213277", "Name": "นายทาน บุญขาว", "ADD": "9 ถ. ซ. ม.3 บ. ต.ตะเคียนราม อ.ภูสิงห์ จ.ศรีสะเกษ" }, "geometry": { "type": "MultiPolygon", "coordinates": [ [ [ [ 104.178738955568193, 14.582758508425361, 0.0 ], [ 104.178349637144109, 14.584594524195394, 0.0 ], [ 104.178914151998924, 14.584659508631709, 0.0 ], [ 104.179808425033329, 14.583113321978711, 0.0 ], [ 104.179812943014014, 14.583105510380422, 0.0 ], [ 104.17980851995506, 14.583104081316213, 0.0 ], [ 104.178738955568193, 14.582758508425361, 0.0 ] ] ] ] } },
{ "type": "Feature", "properties": { "Plang": "5", "Rawang": "1130", "Rai": 34.0, "NGan": 3.0, "Wa": 6.0, "CardID": "3330500214818", "Name": "นายเย็น แต้มงาม", "ADD": "21/2 ถ. ซ. ม.3 บ.ตะเคียนรามกลาง ต.ตะเคียนราม อ.ภูสิงห์ จ.ศรีสะเกษ" }, "geometry": { "type": "MultiPolygon", "coordinates": [ [ [ [ 104.178349637144109, 14.584594524195394, 0.0 ], [ 104.178738955568193, 14.582758508425361, 0.0 ], [ 104.176096859728659, 14.58172054818289, 0.0 ], [ 104.17587849289437, 14.582927572475912, 0.0 ], [ 104.175938541252819, 14.582923075073102, 0.0 ], [ 104.175923513710458, 14.583103096007344, 0.0 ], [ 104.177024408773406, 14.583246119547741, 0.0 ], [ 104.177215743357138, 14.583453531479064, 0.0 ], [ 104.177091040765205, 14.583975618466079, 0.0 ], [ 104.176866316336245, 14.584104313155649, 0.0 ], [ 104.176785222139884, 14.584202497606853, 0.0 ], [ 104.176713596757509, 14.584211986561845, 0.0 ], [ 104.176730606543956, 14.584293588531096, 0.0 ], [ 104.176908571353252, 14.584502721947064, 0.0 ], [ 104.178240337420874, 14.584623509739128, 0.0 ], [ 104.178349637144109, 14.584594524195394, 0.0 ] ] ] ] } },
{ "type": "Feature", "properties": { "Plang": "6", "Rawang": "1130", "Rai": 15.0, "NGan": 1.0, "Wa": 86.0, "CardID": "3330590001980", "Name": "นางเสงี่ยม ไพรบึง", "ADD": "22/1 ถ. ซ. ม.3 บ. ต.ตะเคียนราม อ.ภูสิงห์ จ.ศรีสะเกษ" }, "geometry": { "type": "MultiPolygon", "coordinates": [ [ [ [ 104.175352365307106, 14.583116672768263, 0.0 ], [ 104.175360215983901, 14.583140063866999, 0.0 ], [ 104.175431600744062, 14.583468888126086, 0.0 ], [ 104.175506099275879, 14.58345846419174, 0.0 ], [ 104.176140512381679, 14.584878098779184, 0.0 ], [ 104.176819053414889, 14.584730499100154, 0.0 ], [ 104.176880480124794, 14.584638711541002, 0.0 ], [ 104.176908571353252, 14.584502721947064, 0.0 ], [ 104.176730606543956, 14.584293588531096, 0.0 ], [ 104.176713596757509, 14.584211986561845, 0.0 ], [ 104.176785222139884, 14.584202497606853, 0.0 ], [ 104.176866316336245, 14.584104313155649, 0.0 ], [ 104.177091040765205, 14.583975618466079, 0.0 ], [ 104.177215743357138, 14.583453531479064, 0.0 ], [ 104.177024408773406, 14.583246119547741, 0.0 ], [ 104.175923513710458, 14.583103096007344, 0.0 ], [ 104.175352365307106, 14.583116672768263, 0.0 ] ] ] ] } },
{ "type": "Feature", "properties": { "Plang": "3", "Rawang": "1130", "Rai": 5.0, "NGan": 1.0, "Wa": 31.0, "CardID": "0000000000000", "Name": "นางเทียน ตะเคียนเกลี้ยง", "ADD": "1 ถ. ซ. ม.3 บ. ต.ตะเคียนราม อ.ภูสิงห์ จ.ศรีสะเกษ" }, "geometry": { "type": "MultiPolygon", "coordinates": [ [ [ [ 104.178240337420874, 14.584623509739128, 0.0 ], [ 104.176908571353252, 14.584502721947064, 0.0 ], [ 104.176880480124794, 14.584638711541002, 0.0 ], [ 104.177319035428312, 14.584676794779529, 0.0 ], [ 104.177358416271659, 14.584754101286469, 0.0 ], [ 104.176906148464298, 14.585083558247094, 0.0 ], [ 104.178107300856425, 14.585316496535061, 0.0 ], [ 104.178240337420874, 14.584623509739128, 0.0 ] ] ] ] } },
{ "type": "Feature", "properties": { "Plang": "2", "Rawang": "1130", "Rai": 8.0, "NGan": 2.0, "Wa": 19.0, "CardID": "0000000000000", "Name": "นางสฤทธิ์ ตะเคียนเกลี้ยง", "ADD": "28 ถ. ซ. ม.3 บ. ต.ตะเคียนราม อ.ภูสิงห์ จ.ศรีสะเกษ" }, "geometry": { "type": "MultiPolygon", "coordinates": [ [ [ [ 104.178107300856425, 14.585316496535061, 0.0 ], [ 104.176906148464298, 14.585083558247094, 0.0 ], [ 104.176920594916609, 14.585276678976188, 0.0 ], [ 104.176848849888529, 14.585295196892726, 0.0 ], [ 104.176975662883635, 14.586105319830029, 0.0 ], [ 104.176962675835199, 14.586171871678278, 0.0 ], [ 104.177889100355557, 14.586356789819785, 0.0 ], [ 104.178107300856425, 14.585316496535061, 0.0 ] ] ] ] } },
{ "type": "Feature", "properties": { "Plang": "1", "Rawang": "1130", "Rai": 29.0, "NGan": 3.0, "Wa": 88.0, "CardID": "3331700002404", "Name": "นางมี ตะเคียนเกลี้ยง", "ADD": "10 ถ. ซ. ม.3 บ. ต.ตะเคียนราม อ.ภูสิงห์ จ.ศรีสะเกษ" }, "geometry": { "type": "MultiPolygon", "coordinates": [ [ [ [ 104.176765277894958, 14.586194074086137, 0.0 ], [ 104.176975662883635, 14.586105319830029, 0.0 ], [ 104.176848849888529, 14.585295196892726, 0.0 ], [ 104.176920594916609, 14.585276678976188, 0.0 ], [ 104.176906148464298, 14.585083558247094, 0.0 ], [ 104.177358416271659, 14.584754101286469, 0.0 ], [ 104.177319035428312, 14.584676794779529, 0.0 ], [ 104.176880480124794, 14.584638711541002, 0.0 ], [ 104.176819053414889, 14.584730499100154, 0.0 ], [ 104.176140512381679, 14.584878098779184, 0.0 ], [ 104.175506099275879, 14.58345846419174, 0.0 ], [ 104.175431600744062, 14.583468888126086, 0.0 ], [ 104.175360215983901, 14.583140063866999, 0.0 ], [ 104.175352365307106, 14.583116672768263, 0.0 ], [ 104.174784316965969, 14.583057284947568, 0.0 ], [ 104.174624830575567, 14.583621093116287, 0.0 ], [ 104.174606954560304, 14.5840664183899, 0.0 ], [ 104.174579526482248, 14.58475998379248, 0.0 ], [ 104.174655405254597, 14.585328952913793, 0.0 ], [ 104.175512350026324, 14.585068220206054, 0.0 ], [ 104.175733143773556, 14.585515855023763, 0.0 ], [ 104.176054234923086, 14.586302619043483, 0.0 ], [ 104.176765277894958, 14.586194074086137, 0.0 ] ] ] ] } },
{ "type": "Feature", "properties": { "Plang": "3", "Rawang": "742", "Rai": 1.0, "NGan": 1.0, "Wa": 10.0, "CardID": "3330500231488", "Name": "นายสมุทร์ เสมอ", "ADD": "48 ถ. ซ. ม.2 บ.ตะเคียนรามตะวัน ต.ตะเคียนราม อ.ภูสิงห์ จ.ศรีสะเกษ" }, "geometry": { "type": "MultiPolygon", "coordinates": [ [ [ [ 104.172601585594137, 14.591227947633548, 0.0 ], [ 104.172562286750079, 14.59126922028984, 0.0 ], [ 104.172614926091939, 14.591347211511962, 0.0 ], [ 104.172823670271029, 14.591336901980979, 0.0 ], [ 104.172849948546855, 14.59141232879797, 0.0 ], [ 104.173660805548636, 14.591156334464197, 0.0 ], [ 104.173621110221532, 14.590966812947702, 0.0 ], [ 104.173566610619957, 14.590968927426514, 0.0 ], [ 104.172963287610685, 14.591249469904469, 0.0 ], [ 104.172923891017533, 14.591210878593454, 0.0 ], [ 104.172601585594137, 14.591227947633548, 0.0 ] ] ] ] } },
{ "type": "Feature", "properties": { "Plang": "8", "Rawang": "745", "Rai": 3.0, "NGan": 1.0, "Wa": 24.0, "CardID": "0000000000000", "Name": "นางเพ็ญ ตะเคียนเกลี้ยง", "ADD": "64 ถ. ซ. ม.2 บ.ตะเคียนรามตะวัน ต.ตะเคียนราม อ.ขุขันธ์ จ.ศรีสะเกษ" }, "geometry": { "type": "MultiPolygon", "coordinates": [ [ [ [ 104.165127315094281, 14.577133916464328, 0.0 ], [ 104.16524981448994, 14.577623715418056, 0.0 ], [ 104.166155753697126, 14.577445190501443, 0.0 ], [ 104.166074616814981, 14.576988191827629, 0.0 ], [ 104.165127315094281, 14.577133916464328, 0.0 ] ] ] ] } },
{ "type": "Feature", "properties": { "Plang": "7", "Rawang": "745", "Rai": 10.0, "NGan": 1.0, "Wa": 6.0, "CardID": "0000000000000", "Name": "นางวิไลวรรณ คำสุมาลี", "ADD": "52 ถ. ซ. ม.2 บ. ต.ตะเคียนราม อ.ขุขันธ์ จ.ศรีสะเกษ" }, "geometry": { "type": "MultiPolygon", "coordinates": [ [ [ [ 104.16524981448994, 14.577623715418056, 0.0 ], [ 104.165477499992662, 14.578555265102507, 0.0 ], [ 104.166602514348568, 14.577858302674834, 0.0 ], [ 104.167223008166076, 14.578194466993617, 0.0 ], [ 104.167290660087332, 14.577853218137095, 0.0 ], [ 104.167345444956851, 14.577372077438669, 0.0 ], [ 104.166703166572063, 14.57742934425138, 0.0 ], [ 104.166576055477393, 14.577387633796203, 0.0 ], [ 104.166155753697126, 14.577445190501443, 0.0 ], [ 104.16524981448994, 14.577623715418056, 0.0 ] ] ] ] } },
{ "type": "Feature", "properties": { "Plang": "6", "Rawang": "745", "Rai": 10.0, "NGan": 3.0, "Wa": 25.0, "CardID": "0000000000000", "Name": "นายฮีง บุตะเคียน", "ADD": "43 ถ. ซ. ม.2 บ.ตะเคียนรามตะวัน ต.ตะเคียนราม อ.ขุขันธ์ จ.ศรีสะเกษ" }, "geometry": { "type": "MultiPolygon", "coordinates": [ [ [ [ 104.165477499992662, 14.578555265102507, 0.0 ], [ 104.165880194174946, 14.579515513526637, 0.0 ], [ 104.166480526886417, 14.579073544069193, 0.0 ], [ 104.166849437194827, 14.578716409159883, 0.0 ], [ 104.167223008166076, 14.578194466993617, 0.0 ], [ 104.166602514348568, 14.577858302674834, 0.0 ], [ 104.165477499992662, 14.578555265102507, 0.0 ] ] ] ] } },
{ "type": "Feature", "properties": { "Plang": "4", "Rawang": "745", "Rai": 13.0, "NGan": 0.0, "Wa": 9.0, "CardID": "3330500231135", "Name": "นางสุก บุตะเคียน", "ADD": "26/1 ถ. ซ. ม.2 บ.ตะเคียนรามตะวัน ต.ตะเคียนราม อ.ภูสิงห์ จ.ศรีสะเกษ" }, "geometry": { "type": "MultiPolygon", "coordinates": [ [ [ [ 104.162968975853445, 14.576269087678986, 0.0 ], [ 104.162590069344972, 14.576176940839318, 0.0 ], [ 104.162390410122413, 14.576214085702766, 0.0 ], [ 104.162558121540798, 14.576614369204874, 0.0 ], [ 104.163098800011298, 14.577415965326047, 0.0 ], [ 104.163188664232962, 14.577986157001956, 0.0 ], [ 104.163845396716283, 14.578001544582193, 0.0 ], [ 104.163855432571026, 14.577953761239364, 0.0 ], [ 104.164261290860409, 14.577465731790953, 0.0 ], [ 104.164368627214174, 14.577348952676155, 0.0 ], [ 104.164505945092344, 14.576935534055433, 0.0 ], [ 104.163053399383585, 14.576681360803017, 0.0 ], [ 104.16295445326007, 14.576326592300578, 0.0 ], [ 104.162968975853445, 14.576269087678986, 0.0 ] ] ] ] } },
{ "type": "Feature", "properties": { "Plang": "5", "Rawang": "745", "Rai": 19.0, "NGan": 1.0, "Wa": 44.0, "CardID": "3330500238806", "Name": "นางเลย บุตะเคียน", "ADD": "51 ถ. ซ. ม.12 บ.ตะเคียนรามตะวัน ต.ตะเคียนราม อ.ขุขันธ์ จ.ศรีสะเกษ" }, "geometry": { "type": "MultiPolygon", "coordinates": [ [ [ [ 104.164208411381011, 14.578509792992707, 0.0 ], [ 104.16431445634224, 14.578821948107898, 0.0 ], [ 104.164584127875472, 14.578878711505164, 0.0 ], [ 104.164880832165139, 14.579532617902942, 0.0 ], [ 104.165712894763871, 14.57931283612664, 0.0 ], [ 104.165311767539947, 14.578137773578014, 0.0 ], [ 104.165044780311334, 14.577161911007856, 0.0 ], [ 104.164731015399113, 14.576848886748728, 0.0 ], [ 104.164505945092344, 14.576935534055433, 0.0 ], [ 104.164368627214174, 14.577348952676155, 0.0 ], [ 104.164261290860409, 14.577465731790953, 0.0 ], [ 104.163855432571026, 14.577953761239364, 0.0 ], [ 104.163845396716283, 14.578001544582193, 0.0 ], [ 104.164208411381011, 14.578509792992707, 0.0 ] ] ] ] } },
{ "type": "Feature", "properties": { "Plang": "3", "Rawang": "745", "Rai": 3.0, "NGan": 2.0, "Wa": 96.0, "CardID": "3330500231062", "Name": "นางสมัน บุตะเคียน", "ADD": "223 ถ. ซ. ม.2 บ. ต.ตะเคียนราม อ.ภูสิงห์ จ.ศรีสะเกษ" }, "geometry": { "type": "MultiPolygon", "coordinates": [ [ [ [ 104.163845396716283, 14.578001544582193, 0.0 ], [ 104.163188664232962, 14.577986157001956, 0.0 ], [ 104.163168039194005, 14.578630441187563, 0.0 ], [ 104.163821763084229, 14.578568688312323, 0.0 ], [ 104.164208411381011, 14.578509792992707, 0.0 ], [ 104.163845396716283, 14.578001544582193, 0.0 ] ] ] ] } },
{ "type": "Feature", "properties": { "Plang": "2", "Rawang": "745", "Rai": 3.0, "NGan": 2.0, "Wa": 34.0, "CardID": "3330500228461", "Name": "นายสวัสดิ์ บุตะเคียน", "ADD": "80 ถ. ซ. ม.12 บ.ตะเคียนรามตะวัน ต.ตะเคียนราม อ.ภูสิงห์ จ.ศรีสะเกษ" }, "geometry": { "type": "MultiPolygon", "coordinates": [ [ [ [ 104.163335728685169, 14.579202617430422, 0.0 ], [ 104.164299379587945, 14.578875629082475, 0.0 ], [ 104.16431445634224, 14.578821948107898, 0.0 ], [ 104.164208411381011, 14.578509792992707, 0.0 ], [ 104.163821763084229, 14.578568688312323, 0.0 ], [ 104.163168039194005, 14.578630441187563, 0.0 ], [ 104.163335728685169, 14.579202617430422, 0.0 ] ] ] ] } },
{ "type": "Feature", "properties": { "Plang": "1", "Rawang": "745", "Rai": 6.0, "NGan": 3.0, "Wa": 66.0, "CardID": "3330500332390", "Name": "นายพรหม บุตะเคียน", "ADD": "34 ถ. ซ. ม.9 บ. ต.ตะเคียนราม อ.ภูสิงห์ จ.ศรีสะเกษ" }, "geometry": { "type": "MultiPolygon", "coordinates": [ [ [ [ 104.16396323851643, 14.579863199064746, 0.0 ], [ 104.164880832165139, 14.579532617902942, 0.0 ], [ 104.164584127875472, 14.578878711505164, 0.0 ], [ 104.16431445634224, 14.578821948107898, 0.0 ], [ 104.164299379587945, 14.578875629082475, 0.0 ], [ 104.163335728685169, 14.579202617430422, 0.0 ], [ 104.16396323851643, 14.579863199064746, 0.0 ] ] ] ] } },
{ "type": "Feature", "properties": { "Plang": "20", "Rawang": "744", "Rai": 3.0, "NGan": 1.0, "Wa": 3.0, "CardID": "3330500239292", "Name": "นายเขมา เสาร์สา", "ADD": "72 ถ. ซ. ม.12 บ. ต.ตะเคียนราม อ.ภูสิงห์ จ.ศรีสะเกษ" }, "geometry": { "type": "MultiPolygon", "coordinates": [ [ [ [ 104.164843419142301, 14.581057171459396, 0.0 ], [ 104.164974629212224, 14.581384827475466, 0.0 ], [ 104.165805490919269, 14.581262248239563, 0.0 ], [ 104.16605981520901, 14.581272843914981, 0.0 ], [ 104.166096788432966, 14.580834041867863, 0.0 ], [ 104.164843419142301, 14.581057171459396, 0.0 ] ] ] ] } },
{ "type": "Feature", "properties": { "Plang": "19", "Rawang": "744", "Rai": 2.0, "NGan": 3.0, "Wa": 18.0, "CardID": "0000000000000", "Name": "นายเลื่อม บุตะเคียน", "ADD": "83 ถ. ซ. ม.2 บ.ตะเคียนราม ต.ตะเคียนราม อ.ขุขันธ์ จ.ศรีสะเกษ" }, "geometry": { "type": "MultiPolygon", "coordinates": [ [ [ [ 104.16605981520901, 14.581272843914981, 0.0 ], [ 104.165805490919269, 14.581262248239563, 0.0 ], [ 104.164974629212224, 14.581384827475466, 0.0 ], [ 104.165213157246754, 14.58177317030967, 0.0 ], [ 104.166032123291345, 14.581597715286877, 0.0 ], [ 104.16605981520901, 14.581272843914981, 0.0 ] ] ] ] } },
{ "type": "Feature", "properties": { "Plang": "21", "Rawang": "744", "Rai": 9.0, "NGan": 2.0, "Wa": 73.0, "CardID": "3330500238245", "Name": "นางสาวอุไร บุญขาว", "ADD": "69 ถ. ซ. ม.12 บ.ห้วยยาง ต.ตะเคียนราม อ.ภูสิงห์ จ.ศรีสะเกษ" }, "geometry": { "type": "MultiPolygon", "coordinates": [ [ [ [ 104.1650854499904, 14.580079675025315, 0.0 ], [ 104.164306157778867, 14.580273523990405, 0.0 ], [ 104.164843419142301, 14.581057171459396, 0.0 ], [ 104.166096788432966, 14.580834041867863, 0.0 ], [ 104.165841004030568, 14.579933563939216, 0.0 ], [ 104.1650854499904, 14.580079675025315, 0.0 ] ] ] ] } },
{ "type": "Feature", "properties": { "Plang": "23", "Rawang": "744", "Rai": 3.0, "NGan": 2.0, "Wa": 64.0, "CardID": "3330500236960", "Name": "นายแดง สมหวัง", "ADD": "9 ถ. ซ. ม.9 บ. ต.ตะเคียนราม อ.ภูสิงห์ จ.ศรีสะเกษ" }, "geometry": { "type": "MultiPolygon", "coordinates": [ [ [ [ 104.164880832165139, 14.579532617902942, 0.0 ], [ 104.1650854499904, 14.580079675025315, 0.0 ], [ 104.165841004030568, 14.579933563939216, 0.0 ], [ 104.165712894763871, 14.57931283612664, 0.0 ], [ 104.164880832165139, 14.579532617902942, 0.0 ] ] ] ] } },
{ "type": "Feature", "properties": { "Plang": "22", "Rawang": "744", "Rai": 3.0, "NGan": 2.0, "Wa": 33.0, "CardID": "3330500332667", "Name": "นายฤทธิ์ บุตะเคียน", "ADD": "35 ถ. ซ. ม.9 บ. ต.ตะเคียนราม อ.ภูสิงห์ จ.ศรีสะเกษ" }, "geometry": { "type": "MultiPolygon", "coordinates": [ [ [ [ 104.16396323851643, 14.579863199064746, 0.0 ], [ 104.164306157778867, 14.580273523990405, 0.0 ], [ 104.1650854499904, 14.580079675025315, 0.0 ], [ 104.164880832165139, 14.579532617902942, 0.0 ], [ 104.16396323851643, 14.579863199064746, 0.0 ] ] ] ] } },
{ "type": "Feature", "properties": { "Plang": "11", "Rawang": "744", "Rai": 5.0, "NGan": 1.0, "Wa": 15.0, "CardID": "3330500234754", "Name": "นายบุญ แพงตา", "ADD": "7 ถ. ซ. ม.9 บ. ต.ตะเคียนราม อ.ภูสิงห์ จ.ศรีสะเกษ" }, "geometry": { "type": "MultiPolygon", "coordinates": [ [ [ [ 104.169524699065136, 14.582372098424763, 0.0 ], [ 104.169475614976648, 14.581945135632527, 0.0 ], [ 104.169476334835267, 14.581537378447088, 0.0 ], [ 104.169421885043661, 14.581548011200649, 0.0 ], [ 104.168760841718836, 14.581664052504275, 0.0 ], [ 104.168657157656568, 14.582419948582951, 0.0 ], [ 104.1695131987736, 14.58255035870207, 0.0 ], [ 104.169524699065136, 14.582372098424763, 0.0 ] ] ] ] } },
{ "type": "Feature", "properties": { "Plang": "12", "Rawang": "744", "Rai": 13.0, "NGan": 1.0, "Wa": 52.0, "CardID": "3330500238474", "Name": "นายมี บุตะเคียน", "ADD": "46 ถ. ซ. ม.12 บ.ตะเคียนรามตะวัน ต.ตะเคียนราม อ.ภูสิงห์ จ.ศรีสะเกษ" }, "geometry": { "type": "MultiPolygon", "coordinates": [ [ [ [ 104.168760841718836, 14.581664052504275, 0.0 ], [ 104.169421885043661, 14.581548011200649, 0.0 ], [ 104.169510292445608, 14.581004747302517, 0.0 ], [ 104.169626017875899, 14.580760575173537, 0.0 ], [ 104.169908640306616, 14.580512708891067, 0.0 ], [ 104.169765398753114, 14.579926598016657, 0.0 ], [ 104.169731531779405, 14.579783516802793, 0.0 ], [ 104.16969216250682, 14.579620616587771, 0.0 ], [ 104.169355497866519, 14.579670539956139, 0.0 ], [ 104.168833384026698, 14.579786464650404, 0.0 ], [ 104.16866854755888, 14.580473731392244, 0.0 ], [ 104.168760841718836, 14.581664052504275, 0.0 ] ] ] ] } },
{ "type": "Feature", "properties": { "Plang": "30", "Rawang": "744", "Rai": 4.0, "NGan": 0.0, "Wa": 12.0, "CardID": "3330500328415", "Name": "นายกลัด บุตะเคียน", "ADD": "59 ถ. ซ. ม.12 บ. ต.ตะเคียนราม อ.ภูสิงห์ จ.ศรีสะเกษ" }, "geometry": { "type": "MultiPolygon", "coordinates": [ [ [ [ 104.168809148958957, 14.579012976107871, 0.0 ], [ 104.168833384026698, 14.579786464650404, 0.0 ], [ 104.169355497866519, 14.579670539956139, 0.0 ], [ 104.16969216250682, 14.579620616587773, 0.0 ], [ 104.169555259616345, 14.579054144920956, 0.0 ], [ 104.168809148958957, 14.579012976107871, 0.0 ] ] ] ] } },
{ "type": "Feature", "properties": { "Plang": "29", "Rawang": "744", "Rai": 7.0, "NGan": 2.0, "Wa": 19.0, "CardID": "3330500238989", "Name": "นายสุริน บุตะเคียน", "ADD": "91 ถ. ซ. ม.6 บ. ต.ตะเคียนราม อ.ภูสิงห์ จ.ศรีสะเกษ" }, "geometry": { "type": "MultiPolygon", "coordinates": [ [ [ [ 104.167015782894254, 14.578785423453143, 0.0 ], [ 104.167473035197418, 14.578861777759915, 0.0 ], [ 104.168076490055896, 14.578938605628604, 0.0 ], [ 104.168687771230807, 14.578983922077745, 0.0 ], [ 104.168856464522207, 14.57843586115748, 0.0 ], [ 104.168301574086286, 14.578442487537854, 0.0 ], [ 104.168136360986438, 14.5783194457838, 0.0 ], [ 104.167480718741444, 14.578266057701855, 0.0 ], [ 104.167223008166076, 14.578194466993617, 0.0 ], [ 104.166849437194827, 14.578716409159883, 0.0 ], [ 104.167015782894254, 14.578785423453143, 0.0 ] ] ] ] } },
{ "type": "Feature", "properties": { "Plang": "28", "Rawang": "744", "Rai": 3.0, "NGan": 2.0, "Wa": 1.0, "CardID": "3330500332667", "Name": "นายฤทธิ์ บุตะเคียน", "ADD": "35 ถ. ซ. ม.9 บ. ต.ตะเคียนราม อ.ภูสิงห์ จ.ศรีสะเกษ" }, "geometry": { "type": "MultiPolygon", "coordinates": [ [ [ [ 104.168687771230807, 14.578983922077745, 0.0 ], [ 104.168076490055896, 14.578938605628604, 0.0 ], [ 104.167473035197418, 14.578861777759915, 0.0 ], [ 104.167447684564081, 14.579288761314354, 0.0 ], [ 104.167999579825491, 14.579311754258468, 0.0 ], [ 104.168653893797057, 14.57937403344655, 0.0 ], [ 104.168687771230807, 14.578983922077745, 0.0 ] ] ] ] } },
{ "type": "Feature", "properties": { "Plang": "27", "Rawang": "744", "Rai": 6.0, "NGan": 2.0, "Wa": 49.0, "CardID": "0000000000000", "Name": "นางแดด บุตะเคียน", "ADD": "127 ถ. ซ. ม.2 บ.ตะเคียนรามตะวัน ต.ตะเคียนราม อ.ขุขันธ์ จ.ศรีสะเกษ" }, "geometry": { "type": "MultiPolygon", "coordinates": [ [ [ [ 104.167341219128048, 14.579972961952373, 0.0 ], [ 104.167438586313466, 14.580022547626875, 0.0 ], [ 104.168062385872588, 14.580067726019232, 0.0 ], [ 104.168613362290444, 14.580028139296447, 0.0 ], [ 104.168653893797057, 14.57937403344655, 0.0 ], [ 104.167999579825491, 14.579311754258468, 0.0 ], [ 104.167447684564081, 14.579288761314354, 0.0 ], [ 104.167341219128048, 14.579972961952373, 0.0 ] ] ] ] } },
{ "type": "Feature", "properties": { "Plang": "26", "Rawang": "744", "Rai": 4.0, "NGan": 0.0, "Wa": 7.0, "CardID": "3330500238997", "Name": "นายอินทร์ บุตะเคียน", "ADD": "101 ถ. ซ. ม.12 บ.ตะเคียนรามตะวัน ต.ตะเคียนราม อ.ภูสิงห์ จ.ศรีสะเกษ" }, "geometry": { "type": "MultiPolygon", "coordinates": [ [ [ [ 104.167447684564081, 14.579288761314354, 0.0 ], [ 104.167473035197418, 14.578861777759915, 0.0 ], [ 104.167015782894254, 14.578785423453143, 0.0 ], [ 104.166900668160935, 14.579637947234371, 0.0 ], [ 104.166927254758093, 14.579988712425433, 0.0 ], [ 104.167005818653749, 14.579957046301537, 0.0 ], [ 104.167341219128048, 14.579972961952373, 0.0 ], [ 104.167447684564081, 14.579288761314354, 0.0 ] ] ] ] } },
{ "type": "Feature", "properties": { "Plang": "25", "Rawang": "744", "Rai": 4.0, "NGan": 2.0, "Wa": 34.0, "CardID": "3330500238989", "Name": "นายสุริน บุตะเคียน", "ADD": "91 ถ. ซ. ม.6 บ. ต.ตะเคียนราม อ.ภูสิงห์ จ.ศรีสะเกษ" }, "geometry": { "type": "MultiPolygon", "coordinates": [ [ [ [ 104.167015782894254, 14.578785423453143, 0.0 ], [ 104.166849437194827, 14.578716409159883, 0.0 ], [ 104.166480526886417, 14.579073544069193, 0.0 ], [ 104.165880194174946, 14.579515513526637, 0.0 ], [ 104.165911087458483, 14.579784528748906, 0.0 ], [ 104.166467400547702, 14.579646966181235, 0.0 ], [ 104.166900668160935, 14.579637947234371, 0.0 ], [ 104.167015782894254, 14.578785423453143, 0.0 ] ] ] ] } },
{ "type": "Feature", "properties": { "Plang": "24", "Rawang": "744", "Rai": 2.0, "NGan": 3.0, "Wa": 30.0, "CardID": "5330590013252", "Name": "นางสมิ บุตะเคียน", "ADD": "15 ถ. ซ. ม.12 บ.ห้วยยาง ต.ตะเคียนราม อ.ภูสิงห์ จ.ศรีสะเกษ" }, "geometry": { "type": "MultiPolygon", "coordinates": [ [ [ [ 104.16603286970485, 14.580162618242584, 0.0 ], [ 104.166927254758093, 14.579988712425433, 0.0 ], [ 104.166900668160935, 14.579637947234371, 0.0 ], [ 104.166467400547702, 14.579646966181235, 0.0 ], [ 104.165911087458483, 14.579784528748906, 0.0 ], [ 104.16603286970485, 14.580162618242584, 0.0 ] ] ] ] } },
{ "type": "Feature", "properties": { "Plang": "17", "Rawang": "744", "Rai": 5.0, "NGan": 2.0, "Wa": 73.0, "CardID": "3330500230431", "Name": "นางสมัย บุตะเคียน", "ADD": "30 ถ. ซ. ม.12 บ.ตะเคียนรามตะวัน ต.ตะเคียนราม อ.ขุขันธ์ จ.ศรีสะเกษ" }, "geometry": { "type": "MultiPolygon", "coordinates": [ [ [ [ 104.167462314174927, 14.580367978987063, 0.0 ], [ 104.167438586313466, 14.580022547626875, 0.0 ], [ 104.167341219128048, 14.579972961952373, 0.0 ], [ 104.167005818653749, 14.579957046301537, 0.0 ], [ 104.166927254758093, 14.579988712425433, 0.0 ], [ 104.16603286970485, 14.580162618242584, 0.0 ], [ 104.166171227236944, 14.580790005155237, 0.0 ], [ 104.167462314174927, 14.580367978987063, 0.0 ] ] ] ] } },
{ "type": "Feature", "properties": { "Plang": "27", "Rawang": "735", "Rai": 2.0, "NGan": 2.0, "Wa": 96.0, "CardID": "3330500240193", "Name": "นายชิด ตะเคียนเกลี้ยง", "ADD": "49 ถ. ซ. ม.6 บ. ต.ตะเคียนราม อ.ภูสิงห์ จ.ศรีสะเกษ" }, "geometry": { "type": "MultiPolygon", "coordinates": [ [ [ [ 104.162748596096861, 14.586189191726653, 0.0 ], [ 104.163272893687818, 14.586089915322457, 0.0 ], [ 104.163308301675983, 14.585900412580941, 0.0 ], [ 104.16303791338639, 14.58565158579183, 0.0 ], [ 104.162310136389962, 14.585924788884903, 0.0 ], [ 104.162334098642532, 14.586209841669358, 0.0 ], [ 104.162748596096861, 14.586189191726653, 0.0 ] ] ] ] } },
{ "type": "Feature", "properties": { "Plang": "28", "Rawang": "735", "Rai": 7.0, "NGan": 2.0, "Wa": 16.0, "CardID": "3330500240126", "Name": "นางเนตร บุตะเคียน", "ADD": "48 ถ. ซ. ม.6 บ.กระโดน ต.ตะเคียนราม อ.ภูสิงห์ จ.ศรีสะเกษ" }, "geometry": { "type": "MultiPolygon", "coordinates": [ [ [ [ 104.161919725604889, 14.586259612889023, 0.0 ], [ 104.162334098642532, 14.586209841669358, 0.0 ], [ 104.162310136389962, 14.585924788884903, 0.0 ], [ 104.16303791338639, 14.58565158579183, 0.0 ], [ 104.162723335214864, 14.585441036025539, 0.0 ], [ 104.161780964795341, 14.585557252906259, 0.0 ], [ 104.16134138119952, 14.585647269174627, 0.0 ], [ 104.161118845330492, 14.586465194896013, 0.0 ], [ 104.161589087529478, 14.586353219289958, 0.0 ], [ 104.161919725604889, 14.586259612889023, 0.0 ] ] ] ] } },
{ "type": "Feature", "properties": { "Plang": "29", "Rawang": "735", "Rai": 5.0, "NGan": 2.0, "Wa": 17.0, "CardID": "3330500234312", "Name": "นายลำ บุตะเคียน", "ADD": "54 ถ. ซ. ม.6 บ. ต.ตะเคียนราม อ.ภูสิงห์ จ.ศรีสะเกษ" }, "geometry": { "type": "MultiPolygon", "coordinates": [ [ [ [ 104.161780964795341, 14.585557252906259, 0.0 ], [ 104.162723335214864, 14.585441036025539, 0.0 ], [ 104.162065131850568, 14.585078050753294, 0.0 ], [ 104.161335267384757, 14.584475077103198, 0.0 ], [ 104.161221152262897, 14.584549754788776, 0.0 ], [ 104.16135630457137, 14.585049720538935, 0.0 ], [ 104.16134138119952, 14.585647269174627, 0.0 ], [ 104.161780964795341, 14.585557252906259, 0.0 ] ] ] ] } },
{ "type": "Feature", "properties": { "Plang": "21", "Rawang": "735", "Rai": 2.0, "NGan": 3.0, "Wa": 17.0, "CardID": "0000000000000", "Name": "นางของ บุตะเคียน", "ADD": "28 ถ. ซ. ม.6 บ. ต.ตะเคียนราม อ.ขุขันธ์ จ.ศรีสะเกษ" }, "geometry": { "type": "MultiPolygon", "coordinates": [ [ [ [ 104.163754741363206, 14.586985709162363, 0.0 ], [ 104.163695417613795, 14.586473481332185, 0.0 ], [ 104.163376184410282, 14.585965314282157, 0.0 ], [ 104.163159381339767, 14.586964336989366, 0.0 ], [ 104.163754741363206, 14.586985709162363, 0.0 ] ] ] ] } },
{ "type": "Feature", "properties": { "Plang": "22", "Rawang": "735", "Rai": 2.0, "NGan": 2.0, "Wa": 73.0, "CardID": "5330500019248", "Name": "นายธิน บุตะเคียน", "ADD": "93 ถ. ซ. ม.5 บ. ต.ตะเคียนราม อ.ภูสิงห์ จ.ศรีสะเกษ" }, "geometry": { "type": "MultiPolygon", "coordinates": [ [ [ [ 104.162735413366391, 14.5869801554355, 0.0 ], [ 104.163079070637494, 14.586961287018559, 0.0 ], [ 104.163272893687818, 14.586089915322457, 0.0 ], [ 104.162748596096861, 14.586189191726653, 0.0 ], [ 104.162735413366391, 14.5869801554355, 0.0 ] ] ] ] } },
{ "type": "Feature", "properties": { "Plang": "23", "Rawang": "735", "Rai": 2.0, "NGan": 1.0, "Wa": 64.0, "CardID": "0000000000000", "Name": "นางเสียน บุตะเคียน", "ADD": "28 ถ. ซ. ม.6 บ. ต.ตะเคียนราม อ.ขุขันธ์ จ.ศรีสะเกษ" }, "geometry": { "type": "MultiPolygon", "coordinates": [ [ [ [ 104.162346431342755, 14.587019840151068, 0.0 ], [ 104.162735413366391, 14.5869801554355, 0.0 ], [ 104.162748596096861, 14.586189191726653, 0.0 ], [ 104.162334098642532, 14.586209841669358, 0.0 ], [ 104.162346431342755, 14.587019840151068, 0.0 ] ] ] ] } },
{ "type": "Feature", "properties": { "Plang": "24", "Rawang": "735", "Rai": 2.0, "NGan": 1.0, "Wa": 6.0, "CardID": "3330500234428", "Name": "นางริน บุตะเคียน", "ADD": "54 ถ. ซ. ม.6 บ. ต.ตะเคียนราม อ.ภูสิงห์ จ.ศรีสะเกษ" }, "geometry": { "type": "MultiPolygon", "coordinates": [ [ [ [ 104.161996976668263, 14.587035043118705, 0.0 ], [ 104.162346431342755, 14.587019840151068, 0.0 ], [ 104.162334098642532, 14.586209841669358, 0.0 ], [ 104.161919725604889, 14.586259612889023, 0.0 ], [ 104.161996976668263, 14.587035043118705, 0.0 ] ] ] ] } },
{ "type": "Feature", "properties": { "Plang": "25", "Rawang": "735", "Rai": 1.0, "NGan": 3.0, "Wa": 62.0, "CardID": "3330500234410", "Name": "นางปริน บุตะเคียน", "ADD": "51 ถ. ซ. ม.6 บ.กระโดน ต.ตะเคียนราม อ.ภูสิงห์ จ.ศรีสะเกษ" }, "geometry": { "type": "MultiPolygon", "coordinates": [ [ [ [ 104.161642133328911, 14.587030050992054, 0.0 ], [ 104.161996976668263, 14.587035043118705, 0.0 ], [ 104.161919725604889, 14.586259612889023, 0.0 ], [ 104.161589087529478, 14.586353219289958, 0.0 ], [ 104.161642133328911, 14.587030050992054, 0.0 ] ] ] ] } },
{ "type": "Feature", "properties": { "Plang": "26", "Rawang": "735", "Rai": 2.0, "NGan": 0.0, "Wa": 80.0, "CardID": "3330500234401", "Name": "นายอินทร์ บุตะเคียน", "ADD": "18 ถ. ซ. ม.6 บ.กระโดน ต.ตะเคียนราม อ.ภูสิงห์ จ.ศรีสะเกษ" }, "geometry": { "type": "MultiPolygon", "coordinates": [ [ [ [ 104.161207453484778, 14.587086771551013, 0.0 ], [ 104.161642133328911, 14.587030050992054, 0.0 ], [ 104.161589087529478, 14.586353219289958, 0.0 ], [ 104.161118845330492, 14.586465194896013, 0.0 ], [ 104.161207453484778, 14.587086771551013, 0.0 ] ] ] ] } },
{ "type": "Feature", "properties": { "Plang": "16", "Rawang": "735", "Rai": 3.0, "NGan": 3.0, "Wa": 70.0, "CardID": "0000000000000", "Name": "นายเหลิม บุตะเคียน", "ADD": "80 ถ. ซ. ม.2 บ. ต.ตะเคียนราม อ.ขุขันธ์ จ.ศรีสะเกษ" }, "geometry": { "type": "MultiPolygon", "coordinates": [ [ [ [ 104.163754741363206, 14.586985709162363, 0.0 ], [ 104.16388675978294, 14.587683418963531, 0.0 ], [ 104.163903156712564, 14.587752746363481, 0.0 ], [ 104.16434752935362, 14.587727574670476, 0.0 ], [ 104.164220761637509, 14.587213090759507, 0.0 ], [ 104.164306868177817, 14.587206514107018, 0.0 ], [ 104.164262901292602, 14.586838679464014, 0.0 ], [ 104.163695417613795, 14.586473481332185, 0.0 ], [ 104.163754741363206, 14.586985709162363, 0.0 ] ] ] ] } },
{ "type": "Feature", "properties": { "Plang": "15", "Rawang": "735", "Rai": 3.0, "NGan": 1.0, "Wa": 18.0, "CardID": "3330500231950", "Name": "นางสาวรัณ บุตะเคียน", "ADD": "24 ถ. ซ. ม.12 บ.ห้วยยาง ต.ตะเคียนราม อ.ภูสิงห์ จ.ศรีสะเกษ" }, "geometry": { "type": "MultiPolygon", "coordinates": [ [ [ [ 104.164306868177817, 14.587206514107018, 0.0 ], [ 104.164220761637509, 14.587213090759507, 0.0 ], [ 104.16434752935362, 14.587727574670476, 0.0 ], [ 104.164420385596216, 14.587714733956913, 0.0 ], [ 104.164571796085497, 14.587680147832963, 0.0 ], [ 104.164903804651019, 14.587719689384738, 0.0 ], [ 104.164917383392847, 14.587684409614075, 0.0 ], [ 104.164909649288376, 14.58733380860421, 0.0 ], [ 104.164849957094916, 14.587312669899317, 0.0 ], [ 104.164868898836005, 14.587008963706342, 0.0 ], [ 104.164414676294896, 14.586969585696048, 0.0 ], [ 104.164262901292602, 14.586838679464014, 0.0 ], [ 104.164306868177817, 14.587206514107018, 0.0 ] ] ] ] } },
{ "type": "Feature", "properties": { "Plang": "14", "Rawang": "735", "Rai": 5.0, "NGan": 0.0, "Wa": 85.0, "CardID": "0000000000000", "Name": "นายเหลิม บุตะเคียน", "ADD": "80 ถ. ซ. ม.2 บ. ต.ตะเคียนราม อ.ขุขันธ์ จ.ศรีสะเกษ" }, "geometry": { "type": "MultiPolygon", "coordinates": [ [ [ [ 104.165218791480811, 14.587705407138065, 0.0 ], [ 104.164917383392847, 14.587684409614075, 0.0 ], [ 104.164903804651019, 14.587719689384738, 0.0 ], [ 104.164571796085497, 14.587680147832963, 0.0 ], [ 104.164420385596216, 14.587714733956913, 0.0 ], [ 104.164530042431707, 14.588089090347198, 0.0 ], [ 104.164607497498025, 14.58853565735056, 0.0 ], [ 104.164592043642955, 14.588726679596366, 0.0 ], [ 104.165293096199477, 14.588733240431688, 0.0 ], [ 104.165186080206041, 14.58822112666158, 0.0 ], [ 104.165218791480811, 14.587705407138065, 0.0 ] ] ] ] } },
{ "type": "Feature", "properties": { "Plang": "20", "Rawang": "735", "Rai": 3.0, "NGan": 2.0, "Wa": 94.0, "CardID": "3330500232255", "Name": "นางบุ ศรีลาชัย", "ADD": "47 ถ. ซ. ม.6 บ. ต.ตะเคียนราม อ.ภูสิงห์ จ.ศรีสะเกษ" }, "geometry": { "type": "MultiPolygon", "coordinates": [ [ [ [ 104.163754741363206, 14.586985709162363, 0.0 ], [ 104.163159381339767, 14.586964336989366, 0.0 ], [ 104.163010219305534, 14.58762716022957, 0.0 ], [ 104.16388675978294, 14.587683418963531, 0.0 ], [ 104.163754741363206, 14.586985709162363, 0.0 ] ] ] ] } },
{ "type": "Feature", "properties": { "Plang": "19", "Rawang": "735", "Rai": 7.0, "NGan": 3.0, "Wa": 13.0, "CardID": "0000000000000", "Name": "นางสุข บุตะเคียน", "ADD": "47 ถ. ซ. ม.6 บ. ต.ตะเคียนราม อ.ขุขันธ์ จ.ศรีสะเกษ" }, "geometry": { "type": "MultiPolygon", "coordinates": [ [ [ [ 104.161207453484778, 14.587086771551013, 0.0 ], [ 104.161318930210186, 14.587596112643711, 0.0 ], [ 104.162927768819017, 14.58763965677019, 0.0 ], [ 104.163079070637494, 14.586961287018559, 0.0 ], [ 104.162735413366391, 14.5869801554355, 0.0 ], [ 104.162346431342755, 14.587019840151068, 0.0 ], [ 104.161996976668263, 14.587035043118705, 0.0 ], [ 104.161642133328911, 14.587030050992054, 0.0 ], [ 104.161207453484778, 14.587086771551013, 0.0 ] ] ] ] } },
{ "type": "Feature", "properties": { "Plang": "17", "Rawang": "735", "Rai": 4.0, "NGan": 2.0, "Wa": 15.0, "CardID": "3330500232441", "Name": "นางสมบูรณ์ บุตะเคียน", "ADD": "4 ถ. ซ. ม.6 บ. ต.ตะเคียนราม อ.ภูสิงห์ จ.ศรีสะเกษ" }, "geometry": { "type": "MultiPolygon", "coordinates": [ [ [ [ 104.164420385596216, 14.587714733956913, 0.0 ], [ 104.16434752935362, 14.587727574670476, 0.0 ], [ 104.163903156712564, 14.587752746363481, 0.0 ], [ 104.16388675978294, 14.587683418963531, 0.0 ], [ 104.163010219305534, 14.58762716022957, 0.0 ], [ 104.162902406383097, 14.58809848660251, 0.0 ], [ 104.164530042431707, 14.588089090347198, 0.0 ], [ 104.164420385596216, 14.587714733956913, 0.0 ] ] ] ] } },
{ "type": "Feature", "properties": { "Plang": "13", "Rawang": "735", "Rai": 6.0, "NGan": 1.0, "Wa": 11.0, "CardID": "3330500231330", "Name": "นางวราภรณ์ ศรีลาชัย", "ADD": "1 ถ. ซ. ม.6 บ.ตะเคียนรามตะวันออก ต.ตะเคียนราม อ.ภูสิงห์ จ.ศรีสะเกษ" }, "geometry": { "type": "MultiPolygon", "coordinates": [ [ [ [ 104.164530042431707, 14.588089090347198, 0.0 ], [ 104.162902406383097, 14.58809848660251, 0.0 ], [ 104.162791348634144, 14.5885665506609, 0.0 ], [ 104.163585659305781, 14.588585593797673, 0.0 ], [ 104.164262718542901, 14.588581670446743, 0.0 ], [ 104.164607497498025, 14.58853565735056, 0.0 ], [ 104.164530042431707, 14.588089090347198, 0.0 ] ] ] ] } },
{ "type": "Feature", "properties": { "Plang": "18", "Rawang": "735", "Rai": 5.0, "NGan": 1.0, "Wa": 24.0, "CardID": "3330500232441", "Name": "นางสมบูรณ์ บุตะเคียน", "ADD": "4 ถ. ซ. ม.6 บ. ต.ตะเคียนราม อ.ภูสิงห์ จ.ศรีสะเกษ" }, "geometry": { "type": "MultiPolygon", "coordinates": [ [ [ [ 104.161318930210186, 14.587596112643711, 0.0 ], [ 104.16139246647576, 14.588070136532416, 0.0 ], [ 104.162820838385827, 14.588095927560433, 0.0 ], [ 104.162927768819017, 14.58763965677019, 0.0 ], [ 104.161318930210186, 14.587596112643711, 0.0 ] ] ] ] } },
{ "type": "Feature", "properties": { "Plang": "12", "Rawang": "735", "Rai": 4.0, "NGan": 1.0, "Wa": 34.0, "CardID": "3330500231330", "Name": "นางวราภรณ์ ศรีลาชัย", "ADD": "1 ถ. ซ. ม.6 บ.ตะเคียนรามตะวันออก ต.ตะเคียนราม อ.ภูสิงห์ จ.ศรีสะเกษ" }, "geometry": { "type": "MultiPolygon", "coordinates": [ [ [ [ 104.16139246647576, 14.588070136532416, 0.0 ], [ 104.161537349824243, 14.588488979567787, 0.0 ], [ 104.162715510191759, 14.588561367835853, 0.0 ], [ 104.162820838385827, 14.588095927560433, 0.0 ], [ 104.16139246647576, 14.588070136532416, 0.0 ] ] ] ] } },
{ "type": "Feature", "properties": { "Plang": "7", "Rawang": "735", "Rai": 2.0, "NGan": 1.0, "Wa": 74.0, "CardID": "3330500331008", "Name": "นางทองไสย์ ตะเคียนราม", "ADD": "14 ถ. ซ. ม.06 บ. ต.ตะเคียนราม อ.ภูสิงห์ จ.ศรีสะเกษ" }, "geometry": { "type": "MultiPolygon", "coordinates": [ [ [ [ 104.163585659305781, 14.588585593797673, 0.0 ], [ 104.162791348634144, 14.5885665506609, 0.0 ], [ 104.162689311522072, 14.588947261448698, 0.0 ], [ 104.162834861833133, 14.588951752419968, 0.0 ], [ 104.163603862823123, 14.588980624013431, 0.0 ], [ 104.163585659305781, 14.588585593797673, 0.0 ] ] ] ] } },
{ "type": "Feature", "properties": { "Plang": "8", "Rawang": "735", "Rai": 4.0, "NGan": 1.0, "Wa": 29.0, "CardID": "0000000000000", "Name": "นายยืน ตะเคียนเกลี้ยง", "ADD": "50 ถ. ซ. ม.6 บ. ต.ตะเคียนราม อ.ขุขันธ์ จ.ศรีสะเกษ" }, "geometry": { "type": "MultiPolygon", "coordinates": [ [ [ [ 104.162834861833133, 14.588951752419968, 0.0 ], [ 104.162767260380079, 14.589584138568373, 0.0 ], [ 104.163319202663843, 14.589672901936025, 0.0 ], [ 104.163342456404024, 14.58974930102787, 0.0 ], [ 104.163555100132356, 14.589758746754137, 0.0 ], [ 104.163634505312487, 14.589468079805261, 0.0 ], [ 104.163603862823123, 14.588980624013431, 0.0 ], [ 104.162834861833133, 14.588951752419968, 0.0 ] ] ] ] } },
{ "type": "Feature", "properties": { "Plang": "6", "Rawang": "735", "Rai": 5.0, "NGan": 1.0, "Wa": 76.0, "CardID": "3330500234541", "Name": "นายสรนันต์ บุตะเคียน", "ADD": "739/4 ถ. ซ. ม.8 บ.สว่าง ต.น้ำอ้อม อ.กันทรลักษ์ จ.ศรีสะเกษ" }, "geometry": { "type": "MultiPolygon", "coordinates": [ [ [ [ 104.163585659305781, 14.588585593797673, 0.0 ], [ 104.163603862823123, 14.588980624013431, 0.0 ], [ 104.163634505312487, 14.589468079805261, 0.0 ], [ 104.163555100132356, 14.589758746754137, 0.0 ], [ 104.164081943614804, 14.589875546175124, 0.0 ], [ 104.164111075036928, 14.589676207453113, 0.0 ], [ 104.164185019947695, 14.589369724108815, 0.0 ], [ 104.164262718542901, 14.588581670446743, 0.0 ], [ 104.163585659305781, 14.588585593797673, 0.0 ] ] ] ] } },
{ "type": "Feature", "properties": { "Plang": "4", "Rawang": "735", "Rai": 1.0, "NGan": 2.0, "Wa": 60.0, "CardID": "3330500232247", "Name": "นายคุ บุตะเคียน", "ADD": "102 ถ. ซ. ม.6 บ. ต.ตะเคียนราม อ.ภูสิงห์ จ.ศรีสะเกษ" }, "geometry": { "type": "MultiPolygon", "coordinates": [ [ [ [ 104.163342456404024, 14.58974930102787, 0.0 ], [ 104.163362131120977, 14.589895583834929, 0.0 ], [ 104.163401621039583, 14.590086817190574, 0.0 ], [ 104.164061795365896, 14.590147130545789, 0.0 ], [ 104.164081943614804, 14.589875546175124, 0.0 ], [ 104.163555100132356, 14.589758746754137, 0.0 ], [ 104.163342456404024, 14.58974930102787, 0.0 ] ] ] ] } },
{ "type": "Feature", "properties": { "Plang": "10", "Rawang": "735", "Rai": 4.0, "NGan": 3.0, "Wa": 30.0, "CardID": "0000000000000", "Name": "นายสมัน ตะเคียนเกลี้ยง", "ADD": "8 ถ. ซ. ม.6 บ. ต.ตะเคียนราม อ.ขุขันธ์ จ.ศรีสะเกษ" }, "geometry": { "type": "MultiPolygon", "coordinates": [ [ [ [ 104.162485670282194, 14.589551934096919, 0.0 ], [ 104.162628869977183, 14.58893797024019, 0.0 ], [ 104.161544766194837, 14.588861790595008, 0.0 ], [ 104.161678151681286, 14.589618884966493, 0.0 ], [ 104.162146213326707, 14.58955922949376, 0.0 ], [ 104.162485670282194, 14.589551934096919, 0.0 ] ] ] ] } },
{ "type": "Feature", "properties": { "Plang": "25", "Rawang": "734", "Rai": 2.0, "NGan": 0.0, "Wa": 57.0, "CardID": "3330500234045", "Name": "นายใบ บุตะเคียน", "ADD": "76 ถ. ซ. ม.6 บ.กระโดน ต.ตะเคียนราม อ.ภูสิงห์ จ.ศรีสะเกษ" }, "geometry": { "type": "MultiPolygon", "coordinates": [ [ [ [ 104.160659801896486, 14.585905543992753, 0.0 ], [ 104.160921143584773, 14.585923849929669, 0.0 ], [ 104.160890865177478, 14.584921927489065, 0.0 ], [ 104.160590302251265, 14.584878890537583, 0.0 ], [ 104.160659801896486, 14.585905543992753, 0.0 ] ] ] ] } },
{ "type": "Feature", "properties": { "Plang": "26", "Rawang": "734", "Rai": 2.0, "NGan": 2.0, "Wa": 23.0, "CardID": "3330500332136", "Name": "นางละมัย บุตะเคียน", "ADD": "63 ถ. ซ. ม.6 บ. ต.ตะเคียนราม อ.ขุขันธ์ จ.ศรีสะเกษ" }, "geometry": { "type": "MultiPolygon", "coordinates": [ [ [ [ 104.161286815345292, 14.584964174331361, 0.0 ], [ 104.160890865177478, 14.584921927489065, 0.0 ], [ 104.160921143584773, 14.585923849929669, 0.0 ], [ 104.161198499865051, 14.585943277302604, 0.0 ], [ 104.161286815345292, 14.584964174331361, 0.0 ] ] ] ] } },
{ "type": "Feature", "properties": { "Plang": "12", "Rawang": "734", "Rai": 4.0, "NGan": 1.0, "Wa": 86.0, "CardID": "0000000000000", "Name": "นางสาวอ่อน บุตะเคียน", "ADD": "31 ถ. ซ. ม.6 บ. ต.ตะเคียนราม อ.ขุขันธ์ จ.ศรีสะเกษ" }, "geometry": { "type": "MultiPolygon", "coordinates": [ [ [ [ 104.160921143584773, 14.585923849929669, 0.0 ], [ 104.160659801896486, 14.585905543992753, 0.0 ], [ 104.160497004134371, 14.585916577557015, 0.0 ], [ 104.160579501682619, 14.586984899173343, 0.0 ], [ 104.161148850412005, 14.586952215837636, 0.0 ], [ 104.161088304572246, 14.58648662755833, 0.0 ], [ 104.161128823343631, 14.586140379684361, 0.0 ], [ 104.161198499865051, 14.585943277302604, 0.0 ], [ 104.160921143584773, 14.585923849929669, 0.0 ] ] ] ] } },
{ "type": "Feature", "properties": { "Plang": "8", "Rawang": "734", "Rai": 4.0, "NGan": 1.0, "Wa": 43.0, "CardID": "3330500239799", "Name": "นายเอก บุตะเคียน", "ADD": "45 ถ. ซ. ม.6 บ. ต.ตะเคียนราม อ.ภูสิงห์ จ.ศรีสะเกษ" }, "geometry": { "type": "MultiPolygon", "coordinates": [ [ [ [ 104.160479770350932, 14.587877742259698, 0.0 ], [ 104.160401211971845, 14.58846828481968, 0.0 ], [ 104.161028880099693, 14.588607471925744, 0.0 ], [ 104.161484227141955, 14.588630492029832, 0.0 ], [ 104.161429340545567, 14.588313338586449, 0.0 ], [ 104.16128158705628, 14.588040741483711, 0.0 ], [ 104.160824003004379, 14.587936300688787, 0.0 ], [ 104.160479770350932, 14.587877742259698, 0.0 ] ] ] ] } },
{ "type": "Feature", "properties": { "Plang": "6", "Rawang": "734", "Rai": 2.0, "NGan": 2.0, "Wa": 79.0, "CardID": "3330500239411", "Name": "นางตู พลแก้ว", "ADD": "39 ถ. ซ. ม.6 บ. ต.ตะเคียนราม อ.ภูสิงห์ จ.ศรีสะเกษ" }, "geometry": { "type": "MultiPolygon", "coordinates": [ [ [ [ 104.16010880973235, 14.58843913171604, 0.0 ], [ 104.16010173426092, 14.588751258788156, 0.0 ], [ 104.160347181912613, 14.588788419172429, 0.0 ], [ 104.161498354883065, 14.588854129033901, 0.0 ], [ 104.161484227141955, 14.588630492029832, 0.0 ], [ 104.161028880099693, 14.588607471925744, 0.0 ], [ 104.160401211971845, 14.58846828481968, 0.0 ], [ 104.16010880973235, 14.58843913171604, 0.0 ] ] ] ] } },
{ "type": "Feature", "properties": { "Plang": "5", "Rawang": "734", "Rai": 4.0, "NGan": 0.0, "Wa": 48.0, "CardID": "3330500239993", "Name": "นางสาวสนัย แก้วสุด", "ADD": "33 ถ. ซ. ม.6 บ.กระโดน ต.ตะเคียนราม อ.ภูสิงห์ จ.ศรีสะเกษ" }, "geometry": { "type": "MultiPolygon", "coordinates": [ [ [ [ 104.160088860431884, 14.58914827691698, 0.0 ], [ 104.161566622612796, 14.589246106963508, 0.0 ], [ 104.161498354883065, 14.588854129033901, 0.0 ], [ 104.160347181912613, 14.588788419172429, 0.0 ], [ 104.16010173426092, 14.588751258788156, 0.0 ], [ 104.160088860431884, 14.58914827691698, 0.0 ] ] ] ] } },
{ "type": "Feature", "properties": { "Plang": "22", "Rawang": "734", "Rai": 6.0, "NGan": 3.0, "Wa": 35.0, "CardID": "3330500239730", "Name": "นางเสวย บุตะเคียน", "ADD": "81/1 ถ. ซ. ม.06 บ. ต.ตะเคียนราม อ.ขุขันธ์ จ.ศรีสะเกษ" }, "geometry": { "type": "MultiPolygon", "coordinates": [ [ [ [ 104.15941180545201, 14.582042309827358, 0.0 ], [ 104.159190903582356, 14.581930047514351, 0.0 ], [ 104.159037851862834, 14.581827449206529, 0.0 ], [ 104.158736556713961, 14.581697439421252, 0.0 ], [ 104.158566269551926, 14.581598900081522, 0.0 ], [ 104.158379291067533, 14.581229107310932, 0.0 ], [ 104.15795164654233, 14.581029597512282, 0.0 ], [ 104.157666247603288, 14.581074802569802, 0.0 ], [ 104.158878422008783, 14.58228698125132, 0.0 ], [ 104.158942738699039, 14.582535123771709, 0.0 ], [ 104.159049229765756, 14.582685735194072, 0.0 ], [ 104.159261893106418, 14.582667162538479, 0.0 ], [ 104.159615364966399, 14.582452674924337, 0.0 ], [ 104.159599804687332, 14.582261844656424, 0.0 ], [ 104.15941180545201, 14.582042309827358, 0.0 ] ] ] ] } },
{ "type": "Feature", "properties": { "Plang": "21", "Rawang": "734", "Rai": 18.0, "NGan": 2.0, "Wa": 77.0, "CardID": "3330500231062", "Name": "นางสมัน บุตะเคียน", "ADD": "223 ถ. ซ. ม.2 บ. ต.ตะเคียนราม อ.ภูสิงห์ จ.ศรีสะเกษ" }, "geometry": { "type": "MultiPolygon", "coordinates": [ [ [ [ 104.160280169228713, 14.583429987602814, 0.0 ], [ 104.1598347450944, 14.582843655203636, 0.0 ], [ 104.159773814852088, 14.582850256638187, 0.0 ], [ 104.159615364966399, 14.582452674924337, 0.0 ], [ 104.159261893106418, 14.582667162538479, 0.0 ], [ 104.159049229765756, 14.582685735194072, 0.0 ], [ 104.158942738699039, 14.582535123771709, 0.0 ], [ 104.15800500470904, 14.582231834565665, 0.0 ], [ 104.15750401501856, 14.582537689160747, 0.0 ], [ 104.157359318732787, 14.583502099885168, 0.0 ], [ 104.15947993429873, 14.58346563805968, 0.0 ], [ 104.159480177888753, 14.583450514452966, 0.0 ], [ 104.160280169228713, 14.583429987602814, 0.0 ] ] ] ] } },
{ "type": "Feature", "properties": { "Plang": "19", "Rawang": "734", "Rai": 25.0, "NGan": 1.0, "Wa": 92.0, "CardID": "3330500231780", "Name": "นายกอน บุตะเคียน", "ADD": "9 ถ. ซ. ม.2 บ. ต.ตะเคียนราม อ.ภูสิงห์ จ.ศรีสะเกษ" }, "geometry": { "type": "MultiPolygon", "coordinates": [ [ [ [ 104.15947993429873, 14.58346563805968, 0.0 ], [ 104.157359318732787, 14.583502099885168, 0.0 ], [ 104.15738632305667, 14.583824846413396, 0.0 ], [ 104.156459732820892, 14.583905452966706, 0.0 ], [ 104.155993511143663, 14.585151228007915, 0.0 ], [ 104.157337256336078, 14.584789669956756, 0.0 ], [ 104.158106147716595, 14.584588051934229, 0.0 ], [ 104.159422499313024, 14.584409170125733, 0.0 ], [ 104.15947993429873, 14.58346563805968, 0.0 ] ] ] ] } },
{ "type": "Feature", "properties": { "Plang": "20", "Rawang": "734", "Rai": 9.0, "NGan": 0.0, "Wa": 83.0, "CardID": "0000000000000", "Name": "นายแก้ว บุตะเคียน", "ADD": "44 ถ. ซ. ม.6 บ. ต.ตะเคียนราม อ.ขุขันธ์ จ.ศรีสะเกษ" }, "geometry": { "type": "MultiPolygon", "coordinates": [ [ [ [ 104.15947993429873, 14.58346563805968, 0.0 ], [ 104.159422499313024, 14.584409170125733, 0.0 ], [ 104.1611537238186, 14.584504572395463, 0.0 ], [ 104.160286095365635, 14.5834663008661, 0.0 ], [ 104.15947993429873, 14.58346563805968, 0.0 ] ] ] ] } },
{ "type": "Feature", "properties": { "Plang": "14", "Rawang": "734", "Rai": 4.0, "NGan": 3.0, "Wa": 94.0, "CardID": "3330500234321", "Name": "นายสุทิน บุตะเคียน", "ADD": "81 ถ. ซ. ม.6 บ. ต.ตะเคียนราม อ.ภูสิงห์ จ.ศรีสะเกษ" }, "geometry": { "type": "MultiPolygon", "coordinates": [ [ [ [ 104.160890865177478, 14.584921927489065, 0.0 ], [ 104.161286815345292, 14.584964174331361, 0.0 ], [ 104.161174210373687, 14.584547222106936, 0.0 ], [ 104.159419022547652, 14.584454306429517, 0.0 ], [ 104.159561175690442, 14.584893894485996, 0.0 ], [ 104.159734062656142, 14.584870577200528, 0.0 ], [ 104.159963287034614, 14.584871475862615, 0.0 ], [ 104.160306134964671, 14.584873118630867, 0.0 ], [ 104.160487226582006, 14.584875496078316, 0.0 ], [ 104.160590302251265, 14.584878890537583, 0.0 ], [ 104.160890865177478, 14.584921927489065, 0.0 ] ] ] ] } },
{ "type": "Feature", "properties": { "Plang": "24", "Rawang": "734", "Rai": 1.0, "NGan": 3.0, "Wa": 95.0, "CardID": "3330500234029", "Name": "นางมก บุตะเคียน", "ADD": "24 ถ. ซ. ม.6 บ.กระโดน ต.ตะเคียนราม อ.ภูสิงห์ จ.ศรีสะเกษ" }, "geometry": { "type": "MultiPolygon", "coordinates": [ [ [ [ 104.160497004134371, 14.585916577557015, 0.0 ], [ 104.160659801896486, 14.585905543992753, 0.0 ], [ 104.160590302251265, 14.584878890537583, 0.0 ], [ 104.160487226582006, 14.584875496078316, 0.0 ], [ 104.160306134964671, 14.584873118630867, 0.0 ], [ 104.160391401671859, 14.585917799157558, 0.0 ], [ 104.160497004134371, 14.585916577557015, 0.0 ] ] ] ] } },
{ "type": "Feature", "properties": { "Plang": "23", "Rawang": "734", "Rai": 2.0, "NGan": 0.0, "Wa": 79.0, "CardID": "3330500234037", "Name": "นายเสมียน บุตะเคียน", "ADD": "27 ถ. ซ. ม.5 บ. ต.ตะเคียนราม อ.ภูสิงห์ จ.ศรีสะเกษ" }, "geometry": { "type": "MultiPolygon", "coordinates": [ [ [ [ 104.159963287034614, 14.584871475862615, 0.0 ], [ 104.160145953419203, 14.585921023274414, 0.0 ], [ 104.160230299105592, 14.585917429814126, 0.0 ], [ 104.160391401671859, 14.585917799157558, 0.0 ], [ 104.160306134964671, 14.584873118630867, 0.0 ], [ 104.159963287034614, 14.584871475862615, 0.0 ] ] ] ] } },
{ "type": "Feature", "properties": { "Plang": "13", "Rawang": "734", "Rai": 2.0, "NGan": 3.0, "Wa": 56.0, "CardID": "3330500332799", "Name": "นางลมิด บุตะเคียน", "ADD": "68 ถ. ซ. ม.6 บ. ต.ตะเคียนราม อ.ขุขันธ์ จ.ศรีสะเกษ" }, "geometry": { "type": "MultiPolygon", "coordinates": [ [ [ [ 104.160145953419203, 14.585921023274414, 0.0 ], [ 104.159963287034614, 14.584871475862615, 0.0 ], [ 104.159734062656142, 14.584870577200528, 0.0 ], [ 104.159561175690442, 14.584893894485996, 0.0 ], [ 104.159640275705968, 14.585167286913917, 0.0 ], [ 104.159704944156104, 14.585541381696997, 0.0 ], [ 104.159873767201915, 14.585936345697673, 0.0 ], [ 104.160145953419203, 14.585921023274414, 0.0 ] ] ] ] } },
{ "type": "Feature", "properties": { "Plang": "15", "Rawang": "734", "Rai": 4.0, "NGan": 2.0, "Wa": 1.0, "CardID": "3330500232671", "Name": "นางจันสวาท ตะเคียนเกลี้ยง", "ADD": "8 ถ. ซ. ม.6 บ. ต.ตะเคียนราม อ.ภูสิงห์ จ.ศรีสะเกษ" }, "geometry": { "type": "MultiPolygon", "coordinates": [ [ [ [ 104.159419022547652, 14.584454306429517, 0.0 ], [ 104.159055003789163, 14.584490349515189, 0.0 ], [ 104.159460110757635, 14.586059463152774, 0.0 ], [ 104.159873767201915, 14.585936345697673, 0.0 ], [ 104.159704944156104, 14.585541381696997, 0.0 ], [ 104.159640275705968, 14.585167286913917, 0.0 ], [ 104.159561175690442, 14.584893894485996, 0.0 ], [ 104.159419022547652, 14.584454306429517, 0.0 ] ] ] ] } },
{ "type": "Feature", "properties": { "Plang": "16", "Rawang": "734", "Rai": 5.0, "NGan": 2.0, "Wa": 38.0, "CardID": "3330500232701", "Name": "นายปรัน ตะเคียนเกลี้ยง", "ADD": "23/1 ถ. ซ. ม.7 บ. ต.ตะเคียนราม อ.ภูสิงห์ จ.ศรีสะเกษ" }, "geometry": { "type": "MultiPolygon", "coordinates": [ [ [ [ 104.158607904894396, 14.584542548584112, 0.0 ], [ 104.158993536312082, 14.586179936330041, 0.0 ], [ 104.159460110757635, 14.586059463152774, 0.0 ], [ 104.159055003789163, 14.584490349515189, 0.0 ], [ 104.158607904894396, 14.584542548584112, 0.0 ] ] ] ] } },
{ "type": "Feature", "properties": { "Plang": "17", "Rawang": "734", "Rai": 6.0, "NGan": 1.0, "Wa": 80.0, "CardID": "3330500232697", "Name": "นายจำรัส ตะเคียนเกลี้ยง", "ADD": "86 ถ. ซ. ม.6 บ.กะโดน ต.ตะเคียนราม อ.ภูสิงห์ จ.ศรีสะเกษ" }, "geometry": { "type": "MultiPolygon", "coordinates": [ [ [ [ 104.158471983292216, 14.58629746409111, 0.0 ], [ 104.158993536312082, 14.586179936330041, 0.0 ], [ 104.158607904894396, 14.584542548584112, 0.0 ], [ 104.158125318357364, 14.584618708295269, 0.0 ], [ 104.158471983292216, 14.58629746409111, 0.0 ] ] ] ] } },
{ "type": "Feature", "properties": { "Plang": "18", "Rawang": "734", "Rai": 11.0, "NGan": 1.0, "Wa": 0.0, "CardID": "3330500219861", "Name": "นายฉลอง ตะเคียนเกลี้ยง", "ADD": "79 ถ. ซ. ม.6 บ.กระโดน ต.ตะเคียนราม อ.ภูสิงห์ จ.ศรีสะเกษ" }, "geometry": { "type": "MultiPolygon", "coordinates": [ [ [ [ 104.158125318357364, 14.584618708295269, 0.0 ], [ 104.157369859756869, 14.584823729077051, 0.0 ], [ 104.157485256650219, 14.585965787842383, 0.0 ], [ 104.157578586199008, 14.586616772432718, 0.0 ], [ 104.158041194869497, 14.586566405447606, 0.0 ], [ 104.158062638209088, 14.586389675156976, 0.0 ], [ 104.158471983292216, 14.58629746409111, 0.0 ], [ 104.158125318357364, 14.584618708295269, 0.0 ] ] ] ] } },
{ "type": "Feature", "properties": { "Plang": "7", "Rawang": "734", "Rai": 1.0, "NGan": 1.0, "Wa": 51.0, "CardID": "3330500233189", "Name": "นายบรรจง ตะเคียนราม", "ADD": "15 ถ. ซ. ม.6 บ.กระโดน ต.ตะเคียนราม อ.ขุขันธ์ จ.ศรีสะเกษ" }, "geometry": { "type": "MultiPolygon", "coordinates": [ [ [ [ 104.160479770350932, 14.587877742259698, 0.0 ], [ 104.160145412893868, 14.58783586719797, 0.0 ], [ 104.160096249075067, 14.588418967688456, 0.0 ], [ 104.16010880973235, 14.58843913171604, 0.0 ], [ 104.160401211971845, 14.58846828481968, 0.0 ], [ 104.160479770350932, 14.587877742259698, 0.0 ] ] ] ] } },
{ "type": "Feature", "properties": { "Plang": "9", "Rawang": "734", "Rai": 8.0, "NGan": 1.0, "Wa": 93.0, "CardID": "0000000000000", "Name": "นางอินทร์ บุตะเคียน", "ADD": "21 ถ. ซ. ม.6 บ. ต.ตะเคียนราม อ.ขุขันธ์ จ.ศรีสะเกษ" }, "geometry": { "type": "MultiPolygon", "coordinates": [ [ [ [ 104.159985201190509, 14.587029666533114, 0.0 ], [ 104.159880204233005, 14.587772364668249, 0.0 ], [ 104.160144035579876, 14.587798928321988, 0.0 ], [ 104.160145412893868, 14.58783586719797, 0.0 ], [ 104.160479770350932, 14.587877742259698, 0.0 ], [ 104.160824003004379, 14.587936300688787, 0.0 ], [ 104.16128158705628, 14.588040741483711, 0.0 ], [ 104.161148850412005, 14.586952215837636, 0.0 ], [ 104.160579501682619, 14.586984899173343, 0.0 ], [ 104.159985201190509, 14.587029666533114, 0.0 ] ] ] ] } },
{ "type": "Feature", "properties": { "Plang": "11", "Rawang": "734", "Rai": 4.0, "NGan": 3.0, "Wa": 8.0, "CardID": "3330500236676", "Name": "นายเกษ บุตะเคียน", "ADD": "31 ถ. ซ. ม.6 บ.กระโดน ต.ตะเคียนราม อ.ภูสิงห์ จ.ศรีสะเกษ" }, "geometry": { "type": "MultiPolygon", "coordinates": [ [ [ [ 104.160579501682619, 14.586984899173343, 0.0 ], [ 104.160497004134371, 14.585916577557015, 0.0 ], [ 104.160391401671859, 14.585917799157558, 0.0 ], [ 104.160230299105592, 14.585917429814126, 0.0 ], [ 104.160145953419203, 14.585921023274414, 0.0 ], [ 104.159873767201915, 14.585936345697673, 0.0 ], [ 104.159960879234646, 14.586518702479673, 0.0 ], [ 104.159985201190509, 14.587029666533114, 0.0 ], [ 104.160579501682619, 14.586984899173343, 0.0 ] ] ] ] } },
{ "type": "Feature", "properties": { "Plang": "10", "Rawang": "734", "Rai": 20.0, "NGan": 3.0, "Wa": 70.0, "CardID": "3330500233189", "Name": "นายบรรจง ตะเคียนราม", "ADD": "15 ถ. ซ. ม.6 บ.กระโดน ต.ตะเคียนราม อ.ขุขันธ์ จ.ศรีสะเกษ" }, "geometry": { "type": "MultiPolygon", "coordinates": [ [ [ [ 104.159637794614838, 14.587740548870221, 0.0 ], [ 104.159880204233005, 14.587772364668249, 0.0 ], [ 104.159985201190509, 14.587029666533114, 0.0 ], [ 104.159960879234646, 14.586518702479673, 0.0 ], [ 104.159873767201915, 14.585936345697673, 0.0 ], [ 104.159460110757635, 14.586059463152774, 0.0 ], [ 104.158993536312082, 14.586179936330041, 0.0 ], [ 104.158471983292216, 14.58629746409111, 0.0 ], [ 104.158062638209088, 14.586389675156976, 0.0 ], [ 104.158041194869497, 14.586566405447606, 0.0 ], [ 104.157974699480789, 14.587043381955651, 0.0 ], [ 104.157900671097465, 14.58739554078646, 0.0 ], [ 104.158183132018664, 14.587452320649488, 0.0 ], [ 104.158527623006023, 14.587611037620382, 0.0 ], [ 104.159369196082707, 14.587720238766185, 0.0 ], [ 104.159637794614838, 14.587740548870221, 0.0 ] ] ] ] } },
{ "type": "Feature", "properties": { "Plang": "1", "Rawang": "734", "Rai": 3.0, "NGan": 0.0, "Wa": 17.0, "CardID": "3330500240916", "Name": "นางเกตุ ตะเคียนเกลี้ยง", "ADD": "59 ถ. ซ. ม.6 บ. ต.ตะเคียนราม อ.ภูสิงห์ จ.ศรีสะเกษ" }, "geometry": { "type": "MultiPolygon", "coordinates": [ [ [ [ 104.158527623006023, 14.587611037620382, 0.0 ], [ 104.158522926204583, 14.588220716101727, 0.0 ], [ 104.158963156830325, 14.588330786988742, 0.0 ], [ 104.159258816608016, 14.587909329698093, 0.0 ], [ 104.159369196082707, 14.587720238766185, 0.0 ], [ 104.158527623006023, 14.587611037620382, 0.0 ] ] ] ] } },
{ "type": "Feature", "properties": { "Plang": "2", "Rawang": "734", "Rai": 9.0, "NGan": 0.0, "Wa": 67.0, "CardID": "5330500054591", "Name": "นางรีม บุตะเคียน", "ADD": "26 ถ. ซ. ม.9 บ.พยอม ต.ตะเคียนราม อ.ภูสิงห์ จ.ศรีสะเกษ" }, "geometry": { "type": "MultiPolygon", "coordinates": [ [ [ [ 104.158441398585424, 14.589217790399912, 0.0 ], [ 104.158583387823214, 14.589203643034228, 0.0 ], [ 104.159488828579455, 14.589267535484103, 0.0 ], [ 104.159637794614838, 14.587740548870221, 0.0 ], [ 104.159369196082707, 14.587720238766185, 0.0 ], [ 104.159258816608016, 14.587909329698093, 0.0 ], [ 104.158963156830325, 14.588330786988742, 0.0 ], [ 104.158522926204583, 14.588220716101727, 0.0 ], [ 104.158467572626108, 14.588585164648888, 0.0 ], [ 104.158441398585424, 14.589217790399912, 0.0 ] ] ] ] } },
{ "type": "Feature", "properties": { "Plang": "11", "Rawang": "733", "Rai": 2.0, "NGan": 1.0, "Wa": 84.0, "CardID": "3330500234053", "Name": "นางพิศ ตะเคียนเกลี้ยง", "ADD": "78 ถ. ซ. ม.6 บ.กระโดน ต.ตะเคียนราม อ.ภูสิงห์ จ.ศรีสะเกษ" }, "geometry": { "type": "MultiPolygon", "coordinates": [ [ [ [ 104.155144190936696, 14.588671593867078, 0.0 ], [ 104.155212917826901, 14.588326724992598, 0.0 ], [ 104.15481763983864, 14.588126434384176, 0.0 ], [ 104.154830186334038, 14.587675440516149, 0.0 ], [ 104.154636508681747, 14.587737447357256, 0.0 ], [ 104.1545956093819, 14.588440208182121, 0.0 ], [ 104.154530879331588, 14.588528687956213, 0.0 ], [ 104.154752765267162, 14.588565678934751, 0.0 ], [ 104.155144190936696, 14.588671593867078, 0.0 ] ] ] ] } },
{ "type": "Feature", "properties": { "Plang": "6", "Rawang": "733", "Rai": 1.0, "NGan": 2.0, "Wa": 72.0, "CardID": "3330500239616", "Name": "นายเหลือง บุตะเคียน", "ADD": "42 ถ. ซ. ม.6 บ. ต.ตะเคียนราม อ.ภูสิงห์ จ.ศรีสะเกษ" }, "geometry": { "type": "MultiPolygon", "coordinates": [ [ [ [ 104.154309215779406, 14.587457339588354, 0.0 ], [ 104.153736943874392, 14.586701695172236, 0.0 ], [ 104.153770225259649, 14.587400596742279, 0.0 ], [ 104.153809705899391, 14.587544061455512, 0.0 ], [ 104.154309215779406, 14.587457339588354, 0.0 ] ] ] ] } },
{ "type": "Feature", "properties": { "Plang": "25", "Rawang": "733", "Rai": 8.0, "NGan": 3.0, "Wa": 72.0, "CardID": "3330500234282", "Name": "นายกลิ่น ธรรมพร", "ADD": "26 ถ. ซ. ม.6 บ. ต.ตะเคียนราม อ.ภูสิงห์ จ.ศรีสะเกษ" }, "geometry": { "type": "MultiPolygon", "coordinates": [ [ [ [ 104.156025475972925, 14.585185628203453, 0.0 ], [ 104.15599558755288, 14.585747068720401, 0.0 ], [ 104.156754217464595, 14.585841841625895, 0.0 ], [ 104.157485256650219, 14.585965787842383, 0.0 ], [ 104.157369859756869, 14.584823729077051, 0.0 ], [ 104.156025475972925, 14.585185628203453, 0.0 ] ] ] ] } },
{ "type": "Feature", "properties": { "Plang": "26", "Rawang": "733", "Rai": 4.0, "NGan": 0.0, "Wa": 13.0, "CardID": "3330500239527", "Name": "นายสุนทร บุตะเคียน", "ADD": "40 ถ. ซ. ม.6 บ. ต.ตะเคียนราม อ.ภูสิงห์ จ.ศรีสะเกษ" }, "geometry": { "type": "MultiPolygon", "coordinates": [ [ [ [ 104.155949156361089, 14.585739496714803, 0.0 ], [ 104.15599558755288, 14.585747068720401, 0.0 ], [ 104.156025475972925, 14.585185628203453, 0.0 ], [ 104.155944652609705, 14.585168810869918, 0.0 ], [ 104.155756735214425, 14.585129709812692, 0.0 ], [ 104.155127051138706, 14.585167529122218, 0.0 ], [ 104.15522873592829, 14.585858522131973, 0.0 ], [ 104.155949156361089, 14.585739496714803, 0.0 ] ] ] ] } },
{ "type": "Feature", "properties": { "Plang": "29", "Rawang": "637", "Rai": 11.0, "NGan": 0.0, "Wa": 1.0, "CardID": "3330500232671", "Name": "นางจันสวาท ตะเคียนเกลี", "ADD": "8 ถ. ซ. ม.6 บ. ต.ตะเคียนราม อ.ภูสิงห์ จ.ศรีสะเกษ" }, "geometry": { "type": "MultiPolygon", "coordinates": [ [ [ [ 104.148122534241097, 14.584553451135697, 0.0 ], [ 104.148087407128031, 14.585161333426335, 0.0 ], [ 104.150028485852445, 14.58515998458345, 0.0 ], [ 104.150284306923368, 14.58573156789587, 0.0 ], [ 104.150360033355028, 14.585737618220863, 0.0 ], [ 104.150587219153138, 14.585802656190792, 0.0 ], [ 104.150369719687902, 14.584931825736332, 0.0 ], [ 104.149871443359942, 14.584701403640947, 0.0 ], [ 104.149799306230932, 14.584533245081706, 0.0 ], [ 104.149542024762866, 14.584537296547083, 0.0 ], [ 104.148122534241097, 14.584553451135697, 0.0 ] ] ] ] } },
{ "type": "Feature", "properties": { "Plang": "9", "Rawang": "637", "Rai": 9.0, "NGan": 1.0, "Wa": 50.0, "CardID": "3330500236684", "Name": "นายสมเด็ช บุตะเคียน", "ADD": "52/1 ถ. ซ. ม.6 บ.กระโดน ต.ตะเคียนราม อ.ภูสิงห์ จ.ศรีสะเกษ" }, "geometry": { "type": "MultiPolygon", "coordinates": [ [ [ [ 104.148087407128031, 14.585161333426335, 0.0 ], [ 104.148066120992056, 14.585850919979791, 0.0 ], [ 104.148454818073162, 14.585778002062835, 0.0 ], [ 104.148921429402861, 14.585764852098119, 0.0 ], [ 104.149439479296277, 14.58573911860336, 0.0 ], [ 104.150014224692484, 14.585750259320028, 0.0 ], [ 104.150284306923368, 14.58573156789587, 0.0 ], [ 104.150028485852445, 14.58515998458345, 0.0 ], [ 104.148087407128031, 14.585161333426335, 0.0 ] ] ] ] } },
{ "type": "Feature", "properties": { "Plang": "8", "Rawang": "637", "Rai": 7.0, "NGan": 1.0, "Wa": 88.0, "CardID": "3330500232522", "Name": "นางใบ บุตะเคียน", "ADD": "5 ถ. ซ. ม.6 บ. ต.ตะเคียนราม อ.ภูสิงห์ จ.ศรีสะเกษ" }, "geometry": { "type": "MultiPolygon", "coordinates": [ [ [ [ 104.149035586505477, 14.586248218002073, 0.0 ], [ 104.14906251773138, 14.586354630283063, 0.0 ], [ 104.149842447656297, 14.586257028522446, 0.0 ], [ 104.150447368125242, 14.586321991994605, 0.0 ], [ 104.15096992261347, 14.586301514722949, 0.0 ], [ 104.150819387928266, 14.586003273336534, 0.0 ], [ 104.150587219153138, 14.585802656190792, 0.0 ], [ 104.150360033355028, 14.585737618220863, 0.0 ], [ 104.150284306923368, 14.58573156789587, 0.0 ], [ 104.150014224692484, 14.585750259320028, 0.0 ], [ 104.149439479296277, 14.58573911860336, 0.0 ], [ 104.148921429402861, 14.585764852098119, 0.0 ], [ 104.148955774896706, 14.585928847406915, 0.0 ], [ 104.148983199579817, 14.586083573813411, 0.0 ], [ 104.149035586505477, 14.586248218002073, 0.0 ] ] ] ] } },
{ "type": "Feature", "properties": { "Plang": "7", "Rawang": "637", "Rai": 8.0, "NGan": 1.0, "Wa": 2.0, "CardID": "2330500034200", "Name": "นางสาวสบด บุตะเคียน", "ADD": "105 ถ. ซ. ม.6 บ.กระโดน ต.ตะเคียนราม อ.ภูสิงห์ จ.ศรีสะเกษ" }, "geometry": { "type": "MultiPolygon", "coordinates": [ [ [ [ 104.149079859844107, 14.586425740057383, 0.0 ], [ 104.14928657742449, 14.586972460374181, 0.0 ], [ 104.149301416899945, 14.586990138557454, 0.0 ], [ 104.149900282195958, 14.586949792695538, 0.0 ], [ 104.149963795797831, 14.586961354944091, 0.0 ], [ 104.150553888578614, 14.586861741442158, 0.0 ], [ 104.15086120583733, 14.586843003088131, 0.0 ], [ 104.15096992261347, 14.586301514722949, 0.0 ], [ 104.150447368125242, 14.586321991994605, 0.0 ], [ 104.149842447656297, 14.586257028522446, 0.0 ], [ 104.14906251773138, 14.586354630283063, 0.0 ], [ 104.149079859844107, 14.586425740057383, 0.0 ] ] ] ] } },
{ "type": "Feature", "properties": { "Plang": "11", "Rawang": "550", "Rai": 9.0, "NGan": 1.0, "Wa": 82.0, "CardID": "3330500222951", "Name": "นายสนอง ตะเคียนราม", "ADD": "78 ถ. ซ. ม.1 บ. ต.ตะเคียนราม อ.ภูสิงห์ จ.ศรีสะเกษ" }, "geometry": { "type": "MultiPolygon", "coordinates": [ [ [ [ 104.183273896974782, 14.589125885124341, 0.0 ], [ 104.18341764466858, 14.589131532605823, 0.0 ], [ 104.183394249860413, 14.588066261814802, 0.0 ], [ 104.183541920546475, 14.588041098535601, 0.0 ], [ 104.183534155179359, 14.587947805124847, 0.0 ], [ 104.184082661472715, 14.587735509618842, 0.0 ], [ 104.183852090341801, 14.587131116214726, 0.0 ], [ 104.182784077732393, 14.587337374642821, 0.0 ], [ 104.182806759181588, 14.587990814230327, 0.0 ], [ 104.183008688865783, 14.587994783480964, 0.0 ], [ 104.183038745231755, 14.589108416439165, 0.0 ], [ 104.183273896974782, 14.589125885124341, 0.0 ] ] ] ] } },
{ "type": "Feature", "properties": { "Plang": "8", "Rawang": "550", "Rai": 19.0, "NGan": 1.0, "Wa": 85.0, "CardID": "3330500226841", "Name": "นางเสวย ขุขันธิน", "ADD": "57 ถ. ซ. ม.1 บ. ต.ตะเคียนราม อ.ภูสิงห์ จ.ศรีสะเกษ" }, "geometry": { "type": "MultiPolygon", "coordinates": [ [ [ [ 104.186834867383155, 14.588987209541767, 0.0 ], [ 104.186687375611044, 14.5873099418185, 0.0 ], [ 104.186493319018766, 14.587322535113886, 0.0 ], [ 104.186471606414372, 14.587208475074455, 0.0 ], [ 104.186274392824203, 14.587245369544059, 0.0 ], [ 104.18572122978739, 14.587161023291197, 0.0 ], [ 104.185704618988453, 14.58711033056778, 0.0 ], [ 104.185395131364146, 14.587148324407497, 0.0 ], [ 104.185401441075427, 14.587234688649213, 0.0 ], [ 104.185254713938718, 14.587229081354954, 0.0 ], [ 104.185248318018211, 14.587361618046804, 0.0 ], [ 104.185009340798061, 14.587481046401727, 0.0 ], [ 104.185118550356677, 14.587580879259418, 0.0 ], [ 104.185324485479555, 14.588048183301126, 0.0 ], [ 104.185720487771988, 14.589183782562575, 0.0 ], [ 104.186834867383155, 14.588987209541767, 0.0 ] ] ] ] } },
{ "type": "Feature", "properties": { "Plang": "9", "Rawang": "550", "Rai": 31.0, "NGan": 0.0, "Wa": 11.0, "CardID": "2330500021539", "Name": "นางนวน ตะเคียนเกลี้ยง", "ADD": "8 ถ. ซ. ม.1 บ.ตะเคียนรามตะวัน ต.ตะเคียนราม อ.ภูสิงห์ จ.ศรีสะเกษ" }, "geometry": { "type": "MultiPolygon", "coordinates": [ [ [ [ 104.185170709750324, 14.590289598743942, 0.0 ], [ 104.186019163779264, 14.59005855249705, 0.0 ], [ 104.185925335062421, 14.589841847137972, 0.0 ], [ 104.185720487771988, 14.589183782562575, 0.0 ], [ 104.185324485479555, 14.588048183301126, 0.0 ], [ 104.185118550356677, 14.587580879259418, 0.0 ], [ 104.185009340798061, 14.587481046401727, 0.0 ], [ 104.184934239562836, 14.58751134980097, 0.0 ], [ 104.184883852744321, 14.587426341300599, 0.0 ], [ 104.184688949898572, 14.587412699257028, 0.0 ], [ 104.184544057710923, 14.58748879673268, 0.0 ], [ 104.184082661472715, 14.587735509618842, 0.0 ], [ 104.183534155179359, 14.587947805124847, 0.0 ], [ 104.183541920546475, 14.588041098535601, 0.0 ], [ 104.183394249860413, 14.588066261814802, 0.0 ], [ 104.18341764466858, 14.589131532605823, 0.0 ], [ 104.184679182582968, 14.58931912515374, 0.0 ], [ 104.184785807645255, 14.589645505448363, 0.0 ], [ 104.184975302336795, 14.589919475768008, 0.0 ], [ 104.185170709750324, 14.590289598743942, 0.0 ] ] ] ] } },
{ "type": "Feature", "properties": { "Plang": "6", "Rawang": "550", "Rai": 8.0, "NGan": 1.0, "Wa": 11.0, "CardID": "3330500223485", "Name": "นางสมใจ พลภักดี", "ADD": "80 ถ. ซ. ม.1 บ. ต.ตะเคียนราม อ.ภูสิงห์ จ.ศรีสะเกษ" }, "geometry": { "type": "MultiPolygon", "coordinates": [ [ [ [ 104.185462233775965, 14.591542706117918, 0.0 ], [ 104.18643795775246, 14.591065840816762, 0.0 ], [ 104.186112042319763, 14.590442641959186, 0.0 ], [ 104.186019163779264, 14.59005855249705, 0.0 ], [ 104.185170709750324, 14.590289598743942, 0.0 ], [ 104.185275808818318, 14.59044012746512, 0.0 ], [ 104.185285435589975, 14.590534384206144, 0.0 ], [ 104.185316564960502, 14.590602155704675, 0.0 ], [ 104.185326351438164, 14.590852457397594, 0.0 ], [ 104.185285785653832, 14.590916094226685, 0.0 ], [ 104.185462233775965, 14.591542706117918, 0.0 ] ] ] ] } },
{ "type": "Feature", "properties": { "Plang": "21", "Rawang": "733", "Rai": 9.0, "NGan": 3.0, "Wa": 32.0, "CardID": "3330500240916", "Name": "นางเกตุ ตะเคียนเกลี้ยง", "ADD": "59 ถ. ซ. ม.6 บ. ต.ตะเคียนราม อ.ภูสิงห์ จ.ศรีสะเกษ" }, "geometry": { "type": "MultiPolygon", "coordinates": [ [ [ [ 104.158041194869497, 14.586566405447606, 0.0 ], [ 104.157578586199008, 14.586616772432718, 0.0 ], [ 104.15731619265847, 14.586673321632656, 0.0 ], [ 104.157145049445134, 14.58664540352097, 0.0 ], [ 104.156695625811068, 14.586629575250408, 0.0 ], [ 104.155953341089898, 14.586643544806277, 0.0 ], [ 104.155321669324437, 14.586674691843522, 0.0 ], [ 104.15513038887697, 14.587134816175759, 0.0 ], [ 104.155633318985551, 14.587175683068613, 0.0 ], [ 104.156051966769496, 14.587148727639711, 0.0 ], [ 104.156885204380586, 14.587107302608132, 0.0 ], [ 104.157974699480789, 14.587043381955651, 0.0 ], [ 104.158041194869497, 14.586566405447606, 0.0 ] ] ] ] } },
{ "type": "Feature", "properties": { "Plang": "20", "Rawang": "733", "Rai": 2.0, "NGan": 3.0, "Wa": 61.0, "CardID": "0000000000000", "Name": "นางสาวผ่อน บุตะเคียน", "ADD": "23 ถ. ซ. ม.6 บ. ต.ตะเคียนราม อ.ขุขันธ์ จ.ศรีสะเกษ" }, "geometry": { "type": "MultiPolygon", "coordinates": [ [ [ [ 104.156885204380586, 14.587107302608132, 0.0 ], [ 104.156051966769496, 14.587148727639711, 0.0 ], [ 104.156050151493602, 14.587626083192466, 0.0 ], [ 104.156381504644827, 14.587600903768285, 0.0 ], [ 104.156881029772322, 14.587576464368672, 0.0 ], [ 104.156885204380586, 14.587107302608132, 0.0 ] ] ] ] } },
{ "type": "Feature", "properties": { "Plang": "19", "Rawang": "733", "Rai": 4.0, "NGan": 0.0, "Wa": 90.0, "CardID": "3330500233979", "Name": "นางเสวียน บุตะเคียน", "ADD": "23 ถ. ซ. ม.6 บ. ต.ตะเคียนราม อ.ภูสิงห์ จ.ศรีสะเกษ" }, "geometry": { "type": "MultiPolygon", "coordinates": [ [ [ [ 104.156051966769496, 14.587148727639711, 0.0 ], [ 104.155633318985551, 14.587175683068613, 0.0 ], [ 104.15513038887697, 14.587134816175759, 0.0 ], [ 104.154929642294704, 14.587717333865012, 0.0 ], [ 104.155413933053069, 14.587755090833406, 0.0 ], [ 104.155786698045489, 14.587678974869574, 0.0 ], [ 104.156050151493602, 14.587626083192466, 0.0 ], [ 104.156051966769496, 14.587148727639711, 0.0 ] ] ] ] } },
{ "type": "Feature", "properties": { "Plang": "18", "Rawang": "733", "Rai": 10.0, "NGan": 0.0, "Wa": 71.0, "CardID": "3330500248428", "Name": "นายสาลี บุตะเคียน", "ADD": "52 ถ. ซ. ม.6 บ.กระโดน ต.ตะเคียนราม อ.ภูสิงห์ จ.ศรีสะเกษ" }, "geometry": { "type": "MultiPolygon", "coordinates": [ [ [ [ 104.157197043917151, 14.588200716419481, 0.0 ], [ 104.157111737951624, 14.587464017823777, 0.0 ], [ 104.157000082821526, 14.587549846921995, 0.0 ], [ 104.156881029772322, 14.587576464368672, 0.0 ], [ 104.156381504644827, 14.587600903768285, 0.0 ], [ 104.156050151493602, 14.587626083192466, 0.0 ], [ 104.155786698045489, 14.587678974869574, 0.0 ], [ 104.155413933053069, 14.587755090833406, 0.0 ], [ 104.154929642294704, 14.587717333865012, 0.0 ], [ 104.154893344538834, 14.588124944975716, 0.0 ], [ 104.155212917826901, 14.588326724992598, 0.0 ], [ 104.157197043917151, 14.588200716419481, 0.0 ] ] ] ] } },
{ "type": "Feature", "properties": { "Plang": "17", "Rawang": "733", "Rai": 8.0, "NGan": 3.0, "Wa": 4.0, "CardID": "3330501443969", "Name": "นางทาม ไกรษี", "ADD": "43 ถ. ซ. ม.6 บ. ต.ตะเคียนราม อ.ภูสิงห์ จ.ศรีสะเกษ" }, "geometry": { "type": "MultiPolygon", "coordinates": [ [ [ [ 104.155212917826901, 14.588326724992598, 0.0 ], [ 104.155144190936696, 14.588671593867078, 0.0 ], [ 104.156899677514147, 14.588979764451777, 0.0 ], [ 104.157197968825585, 14.588781743860118, 0.0 ], [ 104.157201853595708, 14.588541967238799, 0.0 ], [ 104.157366440206872, 14.588607018547888, 0.0 ], [ 104.157355185933568, 14.588488870130959, 0.0 ], [ 104.157208456983696, 14.588371990135499, 0.0 ], [ 104.157197043917151, 14.588200716419481, 0.0 ], [ 104.155212917826901, 14.588326724992598, 0.0 ] ] ] ] } },
{ "type": "Feature", "properties": { "Plang": "10", "Rawang": "733", "Rai": 8.0, "NGan": 2.0, "Wa": 30.0, "CardID": "3330500232794", "Name": "นางสอด ตะเคียนเกลี้ยง", "ADD": "09 ถ. ซ. ม.6 บ.กระโดน ต.ตะเคียนราม อ.ขุขันธ์ จ.ศรีสะเกษ" }, "geometry": { "type": "MultiPolygon", "coordinates": [ [ [ [ 104.155144190936696, 14.588671593867078, 0.0 ], [ 104.154752765267162, 14.588565678934751, 0.0 ], [ 104.154706916693286, 14.588751851912996, 0.0 ], [ 104.154749793777128, 14.588866394552598, 0.0 ], [ 104.155120132088101, 14.589068552520883, 0.0 ], [ 104.155210920635753, 14.589105231529187, 0.0 ], [ 104.155374683227762, 14.589100562094028, 0.0 ], [ 104.155581865942878, 14.589531294774217, 0.0 ], [ 104.155988076960284, 14.589530235578627, 0.0 ], [ 104.156211654696605, 14.589531041924477, 0.0 ], [ 104.15642068766445, 14.589510861346348, 0.0 ], [ 104.156424658707849, 14.589323255496, 0.0 ], [ 104.156956076985296, 14.589346335248337, 0.0 ], [ 104.156899677514147, 14.588979764451777, 0.0 ], [ 104.155144190936696, 14.588671593867078, 0.0 ] ] ] ] } },
{ "type": "Feature", "properties": { "Plang": "5", "Rawang": "733", "Rai": 6.0, "NGan": 1.0, "Wa": 82.0, "CardID": "3330500232522", "Name": "นางใบ บุตะเคียน", "ADD": "5 ถ. ซ. ม.6 บ. ต.ตะเคียนราม อ.ภูสิงห์ จ.ศรีสะเกษ" }, "geometry": { "type": "MultiPolygon", "coordinates": [ [ [ [ 104.154309215779406, 14.587457339588354, 0.0 ], [ 104.153809705899391, 14.587544061455512, 0.0 ], [ 104.153894337738606, 14.587965017159508, 0.0 ], [ 104.153888326511208, 14.588740768706064, 0.0 ], [ 104.154501230013182, 14.588764897816368, 0.0 ], [ 104.154530879331588, 14.588528687956213, 0.0 ], [ 104.1545956093819, 14.588440208182121, 0.0 ], [ 104.154636508681747, 14.587737447357256, 0.0 ], [ 104.154309215779406, 14.587457339588354, 0.0 ] ] ] ] } },
{ "type": "Feature", "properties": { "Plang": "3", "Rawang": "733", "Rai": 25.0, "NGan": 2.0, "Wa": 48.0, "CardID": "3330500233260", "Name": "นายเรือง บุตะเคียน", "ADD": "17 ถ. ซ. ม.6 บ. ต.ตะเคียนราม อ.ภูสิงห์ จ.ศรีสะเกษ" }, "geometry": { "type": "MultiPolygon", "coordinates": [ [ [ [ 104.152620784768914, 14.589517730731851, 0.0 ], [ 104.15328447123315, 14.589944517747554, 0.0 ], [ 104.153656856559465, 14.588864977488599, 0.0 ], [ 104.153888326511208, 14.588740768706064, 0.0 ], [ 104.153894337738606, 14.587965017159508, 0.0 ], [ 104.153809705899391, 14.587544061455512, 0.0 ], [ 104.153770225259649, 14.587400596742279, 0.0 ], [ 104.153736943874392, 14.586701695172236, 0.0 ], [ 104.153488513328838, 14.586507090918113, 0.0 ], [ 104.153286851870959, 14.586873156738031, 0.0 ], [ 104.152292000949245, 14.587139005344964, 0.0 ], [ 104.152413303336729, 14.587623890707624, 0.0 ], [ 104.152673074758397, 14.587962780201526, 0.0 ], [ 104.152516124197419, 14.588954958757641, 0.0 ], [ 104.152620784768914, 14.589517730731851, 0.0 ] ] ] ] } },
{ "type": "Feature", "properties": { "Plang": "1", "Rawang": "733", "Rai": 4.0, "NGan": 3.0, "Wa": 62.0, "CardID": "3330500233090", "Name": "นางสุบรรณ บุญขาว", "ADD": "96 ถ. ซ. ม.6 บ.กระโดน ต.ตะเคียนราม อ.ภูสิงห์ จ.ศรีสะเกษ" }, "geometry": { "type": "MultiPolygon", "coordinates": [ [ [ [ 104.152516124197419, 14.588954958757641, 0.0 ], [ 104.151573717282119, 14.589077207700576, 0.0 ], [ 104.15247102997867, 14.59017247841795, 0.0 ], [ 104.152544948207364, 14.589936062393623, 0.0 ], [ 104.152620784768914, 14.589517730731851, 0.0 ], [ 104.152516124197419, 14.588954958757641, 0.0 ] ] ] ] } },
{ "type": "Feature", "properties": { "Plang": "2", "Rawang": "733", "Rai": 3.0, "NGan": 2.0, "Wa": 81.0, "CardID": "3330500234177", "Name": "นายเทียบ บุตะเคียน", "ADD": "94 ถ. ซ. ม.6 บ. ต.ตะเคียนราม อ.ภูสิงห์ จ.ศรีสะเกษ" }, "geometry": { "type": "MultiPolygon", "coordinates": [ [ [ [ 104.153030050439199, 14.590664915752139, 0.0 ], [ 104.15328447123315, 14.589944517747554, 0.0 ], [ 104.152620784768914, 14.589517730731851, 0.0 ], [ 104.152544948207364, 14.589936062393623, 0.0 ], [ 104.15247102997867, 14.59017247841795, 0.0 ], [ 104.153030050439199, 14.590664915752139, 0.0 ] ] ] ] } },
{ "type": "Feature", "properties": { "Plang": "4", "Rawang": "733", "Rai": 14.0, "NGan": 1.0, "Wa": 88.0, "CardID": "3330500332616", "Name": "นายมุด ตะเคียนเกลี้ยง", "ADD": "30 ถ. ซ. ม.6 บ.กระโดน ต.ตะเคียนราม อ.ภูสิงห์ จ.ศรีสะเกษ" }, "geometry": { "type": "MultiPolygon", "coordinates": [ [ [ [ 104.153030050439199, 14.590664915752139, 0.0 ], [ 104.153571845223624, 14.591083303843043, 0.0 ], [ 104.153789081336413, 14.590644916819121, 0.0 ], [ 104.154749793777128, 14.588866394552598, 0.0 ], [ 104.154706916693286, 14.588751851912996, 0.0 ], [ 104.154752765267162, 14.588565678934751, 0.0 ], [ 104.154530879331588, 14.588528687956213, 0.0 ], [ 104.154501230013182, 14.588764897816368, 0.0 ], [ 104.153888326511208, 14.588740768706064, 0.0 ], [ 104.153656856559465, 14.588864977488599, 0.0 ], [ 104.15328447123315, 14.589944517747554, 0.0 ], [ 104.153030050439199, 14.590664915752139, 0.0 ] ] ] ] } },
{ "type": "Feature", "properties": { "Plang": "8", "Rawang": "733", "Rai": 8.0, "NGan": 2.0, "Wa": 35.0, "CardID": "3330500333337", "Name": "นายตน บุตะเคียน", "ADD": "81 ถ. ซ. ม.12 บ. ต.ตะเคียนราม อ.ภูสิงห์ จ.ศรีสะเกษ" }, "geometry": { "type": "MultiPolygon", "coordinates": [ [ [ [ 104.155120132088101, 14.589068552520883, 0.0 ], [ 104.154749793777128, 14.588866394552598, 0.0 ], [ 104.153789081336413, 14.590644916819121, 0.0 ], [ 104.154414668571022, 14.591027238857768, 0.0 ], [ 104.155120132088101, 14.589068552520883, 0.0 ] ] ] ] } },
{ "type": "Feature", "properties": { "Plang": "10", "Rawang": "550", "Rai": 7.0, "NGan": 3.0, "Wa": 88.0, "CardID": "3150600534051", "Name": "นายสมพิศ บุตะเคียน", "ADD": "25 ถ. ซ. ม.1 บ. ต.ตะเคียนราม อ.ภูสิงห์ จ.ศรีสะเกษ" }, "geometry": { "type": "MultiPolygon", "coordinates": [ [ [ [ 104.183246497405662, 14.589937968338099, 0.0 ], [ 104.183885855333742, 14.589907155009861, 0.0 ], [ 104.184975302336795, 14.589919475768008, 0.0 ], [ 104.184785807645255, 14.589645505448363, 0.0 ], [ 104.184679182582968, 14.58931912515374, 0.0 ], [ 104.18341764466858, 14.589131532605823, 0.0 ], [ 104.183273896974782, 14.589125885124341, 0.0 ], [ 104.183246497405662, 14.589937968338099, 0.0 ] ] ] ] } },
{ "type": "Feature", "properties": { "Plang": "5", "Rawang": "550", "Rai": 4.0, "NGan": 3.0, "Wa": 32.0, "CardID": "3330500226166", "Name": "นายทา ตะเคียนราม", "ADD": "44 ถ. ซ. ม.1 บ.ตะเคียนรามตะวัน ต.ตะเคียนราม อ.ภูสิงห์ จ.ศรีสะเกษ" }, "geometry": { "type": "MultiPolygon", "coordinates": [ [ [ [ 104.183978524382738, 14.590389516922942, 0.0 ], [ 104.185285435589975, 14.590534384206144, 0.0 ], [ 104.185275808818318, 14.59044012746512, 0.0 ], [ 104.185170709750324, 14.590289598743942, 0.0 ], [ 104.184975302336795, 14.589919475768008, 0.0 ], [ 104.183885855333742, 14.589907155009861, 0.0 ], [ 104.183978524382738, 14.590389516922942, 0.0 ] ] ] ] } },
{ "type": "Feature", "properties": { "Plang": "4", "Rawang": "550", "Rai": 3.0, "NGan": 2.0, "Wa": 62.0, "CardID": "3330500224902", "Name": "นางบรรเทิง สุดสัง", "ADD": "94 ถ. ซ. ม.1 บ.ตะเคียนรามตะวัน ต.ตะเคียนราม อ.ภูสิงห์ จ.ศรีสะเกษ" }, "geometry": { "type": "MultiPolygon", "coordinates": [ [ [ [ 104.18404710874627, 14.590753789090046, 0.0 ], [ 104.18489392453958, 14.590878642950726, 0.0 ], [ 104.185285785653832, 14.590916094226685, 0.0 ], [ 104.185326351438164, 14.590852457397594, 0.0 ], [ 104.185316564960502, 14.590602155704675, 0.0 ], [ 104.185285435589975, 14.590534384206144, 0.0 ], [ 104.183978524382738, 14.590389516922942, 0.0 ], [ 104.18404710874627, 14.590753789090046, 0.0 ] ] ] ] } },
{ "type": "Feature", "properties": { "Plang": "3", "Rawang": "550", "Rai": 2.0, "NGan": 1.0, "Wa": 28.0, "CardID": "3330500225194", "Name": "นายสาด บุตะเคียน", "ADD": "30 ถ. ซ. ม.1 บ. ต.ตะเคียนราม อ.ภูสิงห์ จ.ศรีสะเกษ" }, "geometry": { "type": "MultiPolygon", "coordinates": [ [ [ [ 104.184866254502325, 14.591522120524763, 0.0 ], [ 104.185462233775965, 14.591542706117918, 0.0 ], [ 104.185285785653832, 14.590916094226685, 0.0 ], [ 104.18489392453958, 14.590878642950726, 0.0 ], [ 104.184866254502325, 14.591522120524763, 0.0 ] ] ] ] } },
{ "type": "Feature", "properties": { "Plang": "2", "Rawang": "550", "Rai": 3.0, "NGan": 3.0, "Wa": 52.0, "CardID": "3330500224007", "Name": "นางสาวจุติพร ตะเคียนราม", "ADD": "136 ถ. ซ. ม.01 บ. ต.ตะเคียนราม อ.ภูสิงห์ จ.ศรีสะเกษ" }, "geometry": { "type": "MultiPolygon", "coordinates": [ [ [ [ 104.184164836134201, 14.591468174431805, 0.0 ], [ 104.184866254502325, 14.591522120524763, 0.0 ], [ 104.18489392453958, 14.590878642950726, 0.0 ], [ 104.18404710874627, 14.590753789090046, 0.0 ], [ 104.184164836134201, 14.591468174431805, 0.0 ] ] ] ] } },
{ "type": "Feature", "properties": { "Plang": "1", "Rawang": "550", "Rai": 7.0, "NGan": 3.0, "Wa": 7.0, "CardID": "3330500225879", "Name": "นายปิ บุตะเคียน", "ADD": "41 ถ. ซ. ม.1 บ. ต.ตะเคียนราม อ.ภูสิงห์ จ.ศรีสะเกษ" }, "geometry": { "type": "MultiPolygon", "coordinates": [ [ [ [ 104.183440266227336, 14.591407955808629, 0.0 ], [ 104.184164836134201, 14.591468174431805, 0.0 ], [ 104.18404710874627, 14.590753789090046, 0.0 ], [ 104.183978524382738, 14.590389516922942, 0.0 ], [ 104.183885855333742, 14.589907155009861, 0.0 ], [ 104.183246497405662, 14.589937968338099, 0.0 ], [ 104.183440266227336, 14.591407955808629, 0.0 ] ] ] ] } },
{ "type": "Feature", "properties": { "Plang": "14", "Rawang": "733", "Rai": 5.0, "NGan": 1.0, "Wa": 83.0, "CardID": "3330500240690", "Name": "นายชิม บุตะเคียน", "ADD": "56 ถ. ซ. ม.6 บ. ต.ตะเคียนราม อ.ภูสิงห์ จ.ศรีสะเกษ" }, "geometry": { "type": "MultiPolygon", "coordinates": [ [ [ [ 104.158467572626108, 14.588585164648888, 0.0 ], [ 104.157694802921498, 14.588679311692022, 0.0 ], [ 104.157576207763157, 14.588654517641329, 0.0 ], [ 104.157366440206872, 14.588607018547888, 0.0 ], [ 104.157201853595708, 14.588541967238799, 0.0 ], [ 104.157197968825585, 14.588781743860118, 0.0 ], [ 104.157346172801383, 14.589173162919103, 0.0 ], [ 104.157595729423235, 14.589278677907922, 0.0 ], [ 104.158441398585424, 14.589217790399912, 0.0 ], [ 104.158467572626108, 14.588585164648888, 0.0 ] ] ] ] } },
{ "type": "Feature", "properties": { "Plang": "27", "Rawang": "733", "Rai": 2.0, "NGan": 3.0, "Wa": 60.0, "CardID": "3330500233995", "Name": "นางสาวฉวี บุตะเคียน", "ADD": "107 ถ. ซ. ม.6 บ.กระโดน ต.ตะเคียนราม อ.ภูสิงห์ จ.ศรีสะเกษ" }, "geometry": { "type": "MultiPolygon", "coordinates": [ [ [ [ 104.156885204380586, 14.587107302608132, 0.0 ], [ 104.156881029772322, 14.587576464368672, 0.0 ], [ 104.157000082821526, 14.587549846921995, 0.0 ], [ 104.157111737951624, 14.587464017823777, 0.0 ], [ 104.157298452022161, 14.587425742784442, 0.0 ], [ 104.157488569247107, 14.587419463746789, 0.0 ], [ 104.157900671097465, 14.58739554078646, 0.0 ], [ 104.157974699480789, 14.587043381955651, 0.0 ], [ 104.156885204380586, 14.587107302608132, 0.0 ] ] ] ] } },
{ "type": "Feature", "properties": { "Plang": "24", "Rawang": "733", "Rai": 4.0, "NGan": 1.0, "Wa": 97.0, "CardID": "3330500236714", "Name": "นายเกษ ตะเคียนเกลี้ยง", "ADD": "32 ถ. ซ. ม.6 บ.กระโดน ต.ตะเคียนราม อ.ภูสิงห์ จ.ศรีสะเกษ" }, "geometry": { "type": "MultiPolygon", "coordinates": [ [ [ [ 104.157485256650219, 14.585965787842383, 0.0 ], [ 104.156754217464595, 14.585841841625895, 0.0 ], [ 104.156695625811068, 14.586629575250408, 0.0 ], [ 104.157145049445134, 14.58664540352097, 0.0 ], [ 104.15731619265847, 14.586673321632656, 0.0 ], [ 104.157578586199008, 14.586616772432718, 0.0 ], [ 104.157485256650219, 14.585965787842383, 0.0 ] ] ] ] } },
{ "type": "Feature", "properties": { "Plang": "23", "Rawang": "733", "Rai": 4.0, "NGan": 3.0, "Wa": 46.0, "CardID": "3330500239381", "Name": "นางสงวน รัตนพันธ์", "ADD": "38 ถ. ซ. ม.6 บ. ต.ตะเคียนราม อ.ภูสิงห์ จ.ศรีสะเกษ" }, "geometry": { "type": "MultiPolygon", "coordinates": [ [ [ [ 104.156695625811068, 14.586629575250408, 0.0 ], [ 104.156754217464595, 14.585841841625895, 0.0 ], [ 104.15599558755288, 14.585747068720401, 0.0 ], [ 104.155949156361089, 14.585739496714803, 0.0 ], [ 104.155953341089898, 14.586643544806277, 0.0 ], [ 104.156695625811068, 14.586629575250408, 0.0 ] ] ] ] } },
{ "type": "Feature", "properties": { "Plang": "22", "Rawang": "733", "Rai": 4.0, "NGan": 1.0, "Wa": 25.0, "CardID": "3330500234291", "Name": "นางสาวสวาสดิ์ ธรรมพร", "ADD": "26 ถ. ซ. ม.6 บ. ต.ตะเคียนราม อ.ภูสิงห์ จ.ศรีสะเกษ" }, "geometry": { "type": "MultiPolygon", "coordinates": [ [ [ [ 104.155321669324437, 14.586674691843522, 0.0 ], [ 104.155953341089898, 14.586643544806277, 0.0 ], [ 104.155949156361089, 14.585739496714803, 0.0 ], [ 104.15522873592829, 14.585858522131973, 0.0 ], [ 104.155321669324437, 14.586674691843522, 0.0 ] ] ] ] } },
{ "type": "Feature", "properties": { "Plang": "16", "Rawang": "733", "Rai": 3.0, "NGan": 0.0, "Wa": 8.0, "CardID": "3305000239322", "Name": "นายสุข บุตะเคียน", "ADD": "37 ถ. ซ. ม.6 บ. ต.ตะเคียนราม อ.ภูสิงห์ จ.ศรีสะเกษ" }, "geometry": { "type": "MultiPolygon", "coordinates": [ [ [ [ 104.157576207763157, 14.588654517641329, 0.0 ], [ 104.157488569247107, 14.587419463746789, 0.0 ], [ 104.157298452022161, 14.587425742784442, 0.0 ], [ 104.157111737951624, 14.587464017823777, 0.0 ], [ 104.157197043917151, 14.588200716419481, 0.0 ], [ 104.157208456983696, 14.588371990135499, 0.0 ], [ 104.157355185933568, 14.588488870130959, 0.0 ], [ 104.157366440206872, 14.588607018547888, 0.0 ], [ 104.157576207763157, 14.588654517641329, 0.0 ] ] ] ] } },
{ "type": "Feature", "properties": { "Plang": "15", "Rawang": "733", "Rai": 8.0, "NGan": 2.0, "Wa": 20.0, "CardID": "3330500240860", "Name": "นางสาวสด บุตะเคียน", "ADD": "58 ถ. ซ. ม.6 บ.กระโดน ต.ตะเคียนราม อ.ภูสิงห์ จ.ศรีสะเกษ" }, "geometry": { "type": "MultiPolygon", "coordinates": [ [ [ [ 104.157488569247107, 14.587419463746789, 0.0 ], [ 104.157576207763157, 14.588654517641329, 0.0 ], [ 104.157694802921498, 14.588679311692022, 0.0 ], [ 104.158467572626108, 14.588585164648888, 0.0 ], [ 104.158522926204583, 14.588220716101727, 0.0 ], [ 104.158527623006023, 14.587611037620382, 0.0 ], [ 104.158183132018664, 14.587452320649488, 0.0 ], [ 104.157900671097465, 14.58739554078646, 0.0 ], [ 104.157488569247107, 14.587419463746789, 0.0 ] ] ] ] } },
{ "type": "Feature", "properties": { "Plang": "16", "Rawang": "598", "Rai": 20.0, "NGan": 1.0, "Wa": 50.0, "CardID": "3330590011411", "Name": "นางสมัย ใจดี", "ADD": "15 ถ. ซ. ม.12 บ. ต.ปรือใหญ่ อ.ขุขันธ์ จ.ศรีสะเกษ" }, "geometry": { "type": "MultiPolygon", "coordinates": [ [ [ [ 104.189960457168027, 14.612402761421768, 0.0 ], [ 104.189733967810128, 14.611432375935243, 0.0 ], [ 104.186661239810761, 14.611677364215298, 0.0 ], [ 104.186784884091637, 14.612441728276998, 0.0 ], [ 104.1879830914894, 14.612461298861042, 0.0 ], [ 104.189960457168027, 14.612402761421768, 0.0 ] ] ] ] } },
{ "type": "Feature", "properties": { "Plang": "21", "Rawang": "598", "Rai": 2.0, "NGan": 2.0, "Wa": 76.0, "CardID": "2330500025391", "Name": "นางสาวสุทัย ปรือปรัง", "ADD": "13 ถ. ซ. ม.11 บ. ต.ปรือใหญ่ อ.ขุขันธ์ จ.ศรีสะเกษ" }, "geometry": { "type": "MultiPolygon", "coordinates": [ [ [ [ 104.191718727350292, 14.610161176909507, 0.0 ], [ 104.191038265698168, 14.610421291377254, 0.0 ], [ 104.19107724489605, 14.610612877416694, 0.0 ], [ 104.191119650041472, 14.610821301941041, 0.0 ], [ 104.19193486005625, 14.610646486839542, 0.0 ], [ 104.191718727350292, 14.610161176909507, 0.0 ] ] ] ] } },
{ "type": "Feature", "properties": { "Plang": "20", "Rawang": "598", "Rai": 6.0, "NGan": 0.0, "Wa": 47.0, "CardID": "0000000000000", "Name": "นายเกษียร ปรือปรัง", "ADD": "55 ถ. ซ. ม.11 บ. ต.ปรือใหญ่ อ.ขุขันธ์ จ.ศรีสะเกษ" }, "geometry": { "type": "MultiPolygon", "coordinates": [ [ [ [ 104.192173964338281, 14.610773706104723, 0.0 ], [ 104.19193486005625, 14.610646486839542, 0.0 ], [ 104.191119650041472, 14.610821301941041, 0.0 ], [ 104.191203558300629, 14.61123371640401, 0.0 ], [ 104.191245963653685, 14.611442140906762, 0.0 ], [ 104.192771302028689, 14.611207828846087, 0.0 ], [ 104.192752543638534, 14.611081546906215, 0.0 ], [ 104.192173964338281, 14.610773706104723, 0.0 ] ] ] ] } },
{ "type": "Feature", "properties": { "Plang": "41", "Rawang": "758", "Rai": 12.0, "NGan": 1.0, "Wa": 77.0, "CardID": "3330500190935", "Name": "นางสหัส เพชรล้วน", "ADD": "22 ถ. ซ. ม.11 บ.กระเบา ต.ห้วยใต้ อ.ขุขันธ์ จ.ศรีสะเกษ" }, "geometry": { "type": "MultiPolygon", "coordinates": [ [ [ [ 104.187515514969903, 14.604168435930571, 0.0 ], [ 104.190058906105236, 14.604364658174408, 0.0 ], [ 104.190028406809759, 14.604133239725174, 0.0 ], [ 104.190232006737446, 14.604048526449784, 0.0 ], [ 104.19023981559954, 14.603912839094381, 0.0 ], [ 104.187248752103358, 14.60339295647934, 0.0 ], [ 104.187515514969903, 14.604168435930571, 0.0 ] ] ] ] } },
{ "type": "Feature", "properties": { "Plang": "39", "Rawang": "758", "Rai": 17.0, "NGan": 2.0, "Wa": 83.0, "CardID": "3330500085376", "Name": "นายคำมา ปรือปรัก", "ADD": "22 ถ. ซ. ม.11 บ.เนินแสง ต.ปรือใหญ่ อ.ขุขันธ์ จ.ศรีสะเกษ" }, "geometry": { "type": "MultiPolygon", "coordinates": [ [ [ [ 104.192109391024232, 14.603602066785458, 0.0 ], [ 104.190232006737446, 14.604048526449784, 0.0 ], [ 104.190028406809759, 14.604133239725174, 0.0 ], [ 104.190058906105236, 14.604364658174408, 0.0 ], [ 104.190222605159576, 14.605055294725787, 0.0 ], [ 104.191424440500455, 14.604914385969218, 0.0 ], [ 104.191879805743682, 14.604864150120203, 0.0 ], [ 104.19243974358784, 14.604806243469083, 0.0 ], [ 104.192109391024232, 14.603602066785458, 0.0 ] ] ] ] } },
{ "type": "Feature", "properties": { "Plang": "42", "Rawang": "758", "Rai": 13.0, "NGan": 1.0, "Wa": 23.0, "CardID": "3330500077829", "Name": "นางรอง พลภักดี", "ADD": "48 ถ. ซ. ม.11 บ. ต.เทพกระษัตรี อ.ถลาง จ.ภูเก็ต" }, "geometry": { "type": "MultiPolygon", "coordinates": [ [ [ [ 104.190232006737446, 14.604048526449784, 0.0 ], [ 104.192109391024232, 14.603602066785458, 0.0 ], [ 104.191851469528999, 14.602213364383811, 0.0 ], [ 104.190308115828103, 14.603524150532378, 0.0 ], [ 104.19023981559954, 14.603912839094381, 0.0 ], [ 104.190232006737446, 14.604048526449784, 0.0 ] ] ] ] } },
{ "type": "Feature", "properties": { "Plang": "44", "Rawang": "758", "Rai": 7.0, "NGan": 1.0, "Wa": 14.0, "CardID": "3330500086500", "Name": "นายลึม ปรือปรัง", "ADD": "26 ถ. ซ. ม.4 บ. ต.ปรือใหญ่ อ.ขุขันธ์ จ.ศรีสะเกษ" }, "geometry": { "type": "MultiPolygon", "coordinates": [ [ [ [ 104.194037868214096, 14.603270385173529, 0.0 ], [ 104.193945406283689, 14.601650786398435, 0.0 ], [ 104.193573939586258, 14.601763459155514, 0.0 ], [ 104.193270186056992, 14.601841999145265, 0.0 ], [ 104.193315489175077, 14.602173885366433, 0.0 ], [ 104.193380304990967, 14.602149116911491, 0.0 ], [ 104.193373774678733, 14.603276525123379, 0.0 ], [ 104.194037868214096, 14.603270385173529, 0.0 ] ] ] ] } },
{ "type": "Feature", "properties": { "Plang": "43", "Rawang": "758", "Rai": 14.0, "NGan": 2.0, "Wa": 62.0, "CardID": "3330500081320", "Name": "นายนงค์ ภาธง", "ADD": "65 ถ. ซ. ม.7 บ.ปรือคันตะวันตก ต.ปรือใหญ่ อ.ขุขันธ์ จ.ศรีสะเกษ" }, "geometry": { "type": "MultiPolygon", "coordinates": [ [ [ [ 104.191857318532612, 14.602212663224391, 0.0 ], [ 104.19213132183485, 14.60356358251004, 0.0 ], [ 104.19334347547715, 14.603678423180188, 0.0 ], [ 104.193373774678733, 14.603276525123379, 0.0 ], [ 104.193380304990967, 14.602149116911491, 0.0 ], [ 104.193315489175077, 14.602173885366433, 0.0 ], [ 104.191857318532612, 14.602212663224391, 0.0 ] ] ] ] } },
{ "type": "Feature", "properties": { "Plang": "38", "Rawang": "758", "Rai": 9.0, "NGan": 1.0, "Wa": 5.0, "CardID": "3330500083616", "Name": "นายใจ ปรือปรัง", "ADD": "43 ถ. ซ. ม.11 บ.เนินแสง ต.ปรือใหญ่ อ.ขุขันธ์ จ.ศรีสะเกษ" }, "geometry": { "type": "MultiPolygon", "coordinates": [ [ [ [ 104.193468683745394, 14.604646998843879, 0.0 ], [ 104.193444557183241, 14.603754136904502, 0.0 ], [ 104.19334322956442, 14.603746006322655, 0.0 ], [ 104.19334347547715, 14.603678423180188, 0.0 ], [ 104.19213132183485, 14.60356358251004, 0.0 ], [ 104.192455570580634, 14.604763825354562, 0.0 ], [ 104.192569105630824, 14.604758250892049, 0.0 ], [ 104.193468683745394, 14.604646998843879, 0.0 ] ] ] ] } },
{ "type": "Feature", "properties": { "Plang": "9", "Rawang": "748", "Rai": 2.0, "NGan": 2.0, "Wa": 86.0, "CardID": "3330500228771", "Name": "นางเกษ แพงตา", "ADD": "80 ถ. ซ. ม.12 บ. ต.ตะเคียนราม อ.ภูสิงห์ จ.ศรีสะเกษ" }, "geometry": { "type": "MultiPolygon", "coordinates": [ [ [ [ 104.166290088974336, 14.589085215808412, 0.0 ], [ 104.16631276531119, 14.589355885569079, 0.0 ], [ 104.166453997492354, 14.589347695498704, 0.0 ], [ 104.166447043560737, 14.58951044934725, 0.0 ], [ 104.166707926788348, 14.589576725776585, 0.0 ], [ 104.166782767460333, 14.589595485354934, 0.0 ], [ 104.166885370234368, 14.589264080251173, 0.0 ], [ 104.166841304610401, 14.589098724541483, 0.0 ], [ 104.166795092225286, 14.589062659170894, 0.0 ], [ 104.166241235952697, 14.588611656118612, 0.0 ], [ 104.166186542028925, 14.588623735225788, 0.0 ], [ 104.166290088974336, 14.589085215808412, 0.0 ] ] ] ] } },
{ "type": "Feature", "properties": { "Plang": "10", "Rawang": "748", "Rai": 6.0, "NGan": 0.0, "Wa": 47.0, "CardID": "3330500228908", "Name": "นายลิ บุตะเคียน", "ADD": "05 ถ. ซ. ม.12 บ.ตะเคียนรามตะวัน ต.ตะเคียนราม อ.ภูสิงห์ จ.ศรีสะเกษ" }, "geometry": { "type": "MultiPolygon", "coordinates": [ [ [ [ 104.1656705686583, 14.588744216319757, 0.0 ], [ 104.165326679149459, 14.588898246610396, 0.0 ], [ 104.165373809236769, 14.589366243252188, 0.0 ], [ 104.165618817312804, 14.589353271670358, 0.0 ], [ 104.165540257071697, 14.58966737900561, 0.0 ], [ 104.166171755061043, 14.589713872113579, 0.0 ], [ 104.166294414944133, 14.589696194870507, 0.0 ], [ 104.16631276531119, 14.589355885569079, 0.0 ], [ 104.166290088974336, 14.589085215808412, 0.0 ], [ 104.166186542028925, 14.588623735225788, 0.0 ], [ 104.1656705686583, 14.588744216319757, 0.0 ] ] ] ] } },
{ "type": "Feature", "properties": { "Plang": "5", "Rawang": "748", "Rai": 9.0, "NGan": 3.0, "Wa": 29.0, "CardID": "3330500332667", "Name": "นายฤทธิ์ บุตะเคียน", "ADD": "35 ถ. ซ. ม.9 บ. ต.ตะเคียนราม อ.ภูสิงห์ จ.ศรีสะเกษ" }, "geometry": { "type": "MultiPolygon", "coordinates": [ [ [ [ 104.168000252530547, 14.591251233872388, 0.0 ], [ 104.167959076493077, 14.591854082341067, 0.0 ], [ 104.16837769189668, 14.591855362037698, 0.0 ], [ 104.168501911222819, 14.592134299810784, 0.0 ], [ 104.168691093356216, 14.592058507885097, 0.0 ], [ 104.169085272236501, 14.591760107963772, 0.0 ], [ 104.168993599836568, 14.591351166494736, 0.0 ], [ 104.168947260726156, 14.591288375340454, 0.0 ], [ 104.168851692954263, 14.591300366762635, 0.0 ], [ 104.16878579434433, 14.591214558532981, 0.0 ], [ 104.168491910020379, 14.591211860531352, 0.0 ], [ 104.168603145276307, 14.590929172856489, 0.0 ], [ 104.16862693720735, 14.590740220074593, 0.0 ], [ 104.168560910853756, 14.590724499383542, 0.0 ], [ 104.168559136069007, 14.590596277407508, 0.0 ], [ 104.168545920480327, 14.590574522907712, 0.0 ], [ 104.168158105081886, 14.590518240220883, 0.0 ], [ 104.168079376868064, 14.590544825928017, 0.0 ], [ 104.167719042569118, 14.590527457367516, 0.0 ], [ 104.167789306910734, 14.590848178833566, 0.0 ], [ 104.167732697794463, 14.591203731015069, 0.0 ], [ 104.168000252530547, 14.591251233872388, 0.0 ] ] ] ] } },
{ "type": "Feature", "properties": { "Plang": "3", "Rawang": "748", "Rai": 3.0, "NGan": 1.0, "Wa": 76.0, "CardID": "3330500238709", "Name": "นางสาวสมุน บุตะเคียน", "ADD": "35 ถ. ซ. ม.14 บ.ใหม่สามัคคี ต.ตะเคียนราม อ.ภูสิงห์ จ.ศรีสะเกษ" }, "geometry": { "type": "MultiPolygon", "coordinates": [ [ [ [ 104.166453997492354, 14.589347695498704, 0.0 ], [ 104.16631276531119, 14.589355885569079, 0.0 ], [ 104.166294414944133, 14.589696194870507, 0.0 ], [ 104.166171755061043, 14.589713872113579, 0.0 ], [ 104.166339281780026, 14.590424143758742, 0.0 ], [ 104.166367982334179, 14.590440092474569, 0.0 ], [ 104.166380845514283, 14.590605184157443, 0.0 ], [ 104.166493997408054, 14.590626705603912, 0.0 ], [ 104.166529381922658, 14.591021595461354, 0.0 ], [ 104.166536776319873, 14.591134594363972, 0.0 ], [ 104.166817762729664, 14.591115748230129, 0.0 ], [ 104.166659029459311, 14.590447302085799, 0.0 ], [ 104.166613447499458, 14.59028429296016, 0.0 ], [ 104.166535425977969, 14.590302265101867, 0.0 ], [ 104.16640664960326, 14.589977112179566, 0.0 ], [ 104.166707926788348, 14.589576725776585, 0.0 ], [ 104.166447043560737, 14.58951044934725, 0.0 ], [ 104.166453997492354, 14.589347695498704, 0.0 ] ] ] ] } },
{ "type": "Feature", "properties": { "Plang": "2", "Rawang": "748", "Rai": 4.0, "NGan": 3.0, "Wa": 86.0, "CardID": "3330500231143", "Name": "นางเสวย บุตะเคียน", "ADD": "41 ถ. ซ. ม.6 บ.ตะเคียนรามตะวัน ต.ตะเคียนราม อ.ภูสิงห์ จ.ศรีสะเกษ" }, "geometry": { "type": "MultiPolygon", "coordinates": [ [ [ [ 104.165540257071697, 14.58966737900561, 0.0 ], [ 104.165476656464122, 14.589888087397217, 0.0 ], [ 104.165931970748986, 14.589885264640118, 0.0 ], [ 104.165989704219029, 14.590225924496181, 0.0 ], [ 104.165578801311341, 14.590284814650532, 0.0 ], [ 104.165664787181967, 14.590873642838876, 0.0 ], [ 104.166529381922658, 14.591021595461354, 0.0 ], [ 104.166493997408054, 14.590626705603912, 0.0 ], [ 104.166380845514283, 14.590605184157443, 0.0 ], [ 104.166367982334179, 14.590440092474569, 0.0 ], [ 104.166339281780026, 14.590424143758742, 0.0 ], [ 104.166171755061043, 14.589713872113579, 0.0 ], [ 104.165540257071697, 14.58966737900561, 0.0 ] ] ] ] } },
{ "type": "Feature", "properties": { "Plang": "1", "Rawang": "747", "Rai": 2.0, "NGan": 1.0, "Wa": 49.0, "CardID": "3330500219054", "Name": "นางมะลิ ไชยมาศ", "ADD": "84 ถ. ซ. ม.3 บ.ตะเคียนรามกลาง ต.ตะเคียนราม อ.ภูสิงห์ จ.ศรีสะเกษ" }, "geometry": { "type": "MultiPolygon", "coordinates": [ [ [ [ 104.176046450236711, 14.59389319474905, 0.0 ], [ 104.176420230445245, 14.594035895854685, 0.0 ], [ 104.176514990348139, 14.592971607068055, 0.0 ], [ 104.176238127980852, 14.593005908514652, 0.0 ], [ 104.176046450236711, 14.59389319474905, 0.0 ] ] ] ] } },
{ "type": "Feature", "properties": { "Plang": "3", "Rawang": "747", "Rai": 3.0, "NGan": 2.0, "Wa": 89.0, "CardID": "3330500213901", "Name": "นางสุพนธ์ ตะเคียนราม", "ADD": "12/2 ถ. ซ. ม.3 บ. ต.ตะเคียนราม อ.ภูสิงห์ จ.ศรีสะเกษ" }, "geometry": { "type": "MultiPolygon", "coordinates": [ [ [ [ 104.176838255028684, 14.592982455673123, 0.0 ], [ 104.176689774288675, 14.592964938550926, 0.0 ], [ 104.17659889860019, 14.594039180299248, 0.0 ], [ 104.177053111237853, 14.594145013698947, 0.0 ], [ 104.177143803532132, 14.592994210069689, 0.0 ], [ 104.176838255028684, 14.592982455673123, 0.0 ] ] ] ] } },
{ "type": "Feature", "properties": { "Plang": "4", "Rawang": "747", "Rai": 4.0, "NGan": 0.0, "Wa": 95.0, "CardID": "0000000000000", "Name": "นายสุบิน ตะเคียนเกลี้ยง", "ADD": "1 ถ. ซ. ม.3 บ.ตะเคียนกลาง ต.ตะเคียนราม อ.ขุขันธ์ จ.ศรีสะเกษ" }, "geometry": { "type": "MultiPolygon", "coordinates": [ [ [ [ 104.177143803532132, 14.592994210069689, 0.0 ], [ 104.177053111237853, 14.594145013698947, 0.0 ], [ 104.177540323126195, 14.594186142165638, 0.0 ], [ 104.17750221500701, 14.593921487105849, 0.0 ], [ 104.177562428617904, 14.593801958078728, 0.0 ], [ 104.177630749042279, 14.592974020325917, 0.0 ], [ 104.177143803532132, 14.592994210069689, 0.0 ] ] ] ] } },
{ "type": "Feature", "properties": { "Plang": "20", "Rawang": "747", "Rai": 3.0, "NGan": 3.0, "Wa": 64.0, "CardID": "3330500215466", "Name": "นางจำเนียร สมหวัง", "ADD": "100 ถ. ซ. ม.3 บ. ต.ตะเคียนราม อ.ภูสิงห์ จ.ศรีสะเกษ" }, "geometry": { "type": "MultiPolygon", "coordinates": [ [ [ [ 104.175893734376444, 14.592942823534329, 0.0 ], [ 104.176238127980852, 14.593005908514652, 0.0 ], [ 104.176514990348139, 14.592971607068055, 0.0 ], [ 104.176689774288675, 14.592964938550926, 0.0 ], [ 104.176838255028684, 14.592982455673123, 0.0 ], [ 104.176895670304035, 14.592389016380707, 0.0 ], [ 104.176131947638851, 14.592330097330244, 0.0 ], [ 104.175893734376444, 14.592942823534329, 0.0 ] ] ] ] } },
{ "type": "Feature", "properties": { "Plang": "21", "Rawang": "747", "Rai": 5.0, "NGan": 2.0, "Wa": 30.0, "CardID": "3330500213617", "Name": "นายจันทร์ ตะเคียนเกลี้ยง", "ADD": "10 ถ. ซ. ม.3 บ.ตะเคียนรามกลาง ต.ตะเคียนราม อ.ภูสิงห์ จ.ศรีสะเกษ" }, "geometry": { "type": "MultiPolygon", "coordinates": [ [ [ [ 104.176952132160366, 14.591598136202929, 0.0 ], [ 104.177088260582465, 14.591037814181989, 0.0 ], [ 104.176694973528356, 14.591007259801804, 0.0 ], [ 104.176131947638851, 14.592330097330244, 0.0 ], [ 104.176895670304035, 14.592389016380707, 0.0 ], [ 104.176991989718246, 14.591644254006942, 0.0 ], [ 104.176952132160366, 14.591598136202929, 0.0 ] ] ] ] } },
{ "type": "Feature", "properties": { "Plang": "19", "Rawang": "747", "Rai": 10.0, "NGan": 1.0, "Wa": 32.0, "CardID": "3330500220338", "Name": "นางพวย ตะเคียนเกลี้ยง", "ADD": "102 ถ. ซ. ม.3 บ. ต.ตะเคียนราม อ.ภูสิงห์ จ.ศรีสะเกษ" }, "geometry": { "type": "MultiPolygon", "coordinates": [ [ [ [ 104.176838255028684, 14.592982455673123, 0.0 ], [ 104.177143803532132, 14.592994210069689, 0.0 ], [ 104.177630749042279, 14.592974020325917, 0.0 ], [ 104.177611073572237, 14.592395329307692, 0.0 ], [ 104.177694651484941, 14.591904469965881, 0.0 ], [ 104.177693985247572, 14.591690452765373, 0.0 ], [ 104.177753787188038, 14.59107863918655, 0.0 ], [ 104.177088260582465, 14.591037814181989, 0.0 ], [ 104.176952132160366, 14.591598136202929, 0.0 ], [ 104.176991989718246, 14.591644254006942, 0.0 ], [ 104.176895670304035, 14.592389016380707, 0.0 ], [ 104.176838255028684, 14.592982455673123, 0.0 ] ] ] ] } },
{ "type": "Feature", "properties": { "Plang": "18", "Rawang": "747", "Rai": 6.0, "NGan": 3.0, "Wa": 87.0, "CardID": "3330500214478", "Name": "นางอิด ตะเคียนเกลี้ยง", "ADD": "18 ถ. ซ. ม.3 บ.ตะเคียนกลาง ต.ตะเคียนราม อ.ภูสิงห์ จ.ศรีสะเกษ" }, "geometry": { "type": "MultiPolygon", "coordinates": [ [ [ [ 104.178270969254868, 14.59112365489686, 0.0 ], [ 104.177753787188038, 14.59107863918655, 0.0 ], [ 104.177693985247572, 14.591690452765373, 0.0 ], [ 104.177694651484941, 14.591904469965881, 0.0 ], [ 104.177611073572237, 14.592395329307692, 0.0 ], [ 104.177630749042279, 14.592974020325917, 0.0 ], [ 104.178053787263863, 14.59294580370058, 0.0 ], [ 104.178242297613863, 14.591719915265109, 0.0 ], [ 104.178270969254868, 14.59112365489686, 0.0 ] ] ] ] } },
{ "type": "Feature", "properties": { "Plang": "16", "Rawang": "747", "Rai": 1.0, "NGan": 3.0, "Wa": 29.0, "CardID": "0000000000000", "Name": "นางจันทร์ ตะเคียนเกลี้ยง", "ADD": "5 ถ. ซ. ม.5 บ. ต.ตะเคียนราม อ.ภูสิงห์ จ.ศรีสะเกษ" }, "geometry": { "type": "MultiPolygon", "coordinates": [ [ [ [ 104.178242297613863, 14.591719915265109, 0.0 ], [ 104.178696279002168, 14.591735543780599, 0.0 ], [ 104.178688622090192, 14.591147795663391, 0.0 ], [ 104.178270969254868, 14.59112365489686, 0.0 ], [ 104.178242297613863, 14.591719915265109, 0.0 ] ] ] ] } },
{ "type": "Feature", "properties": { "Plang": "15", "Rawang": "747", "Rai": 4.0, "NGan": 1.0, "Wa": 65.0, "CardID": "3330500218830", "Name": "นางเสวย ธรรมพร", "ADD": "33 ถ. ซ. ม.3 บ. ต.ตะเคียนราม อ.ภูสิงห์ จ.ศรีสะเกษ" }, "geometry": { "type": "MultiPolygon", "coordinates": [ [ [ [ 104.178688622090192, 14.591147795663391, 0.0 ], [ 104.178696279002168, 14.591735543780599, 0.0 ], [ 104.178693070977516, 14.592137114543025, 0.0 ], [ 104.179342853493054, 14.592191766086044, 0.0 ], [ 104.179259237674543, 14.591175824869975, 0.0 ], [ 104.178688622090192, 14.591147795663391, 0.0 ] ] ] ] } },
{ "type": "Feature", "properties": { "Plang": "17", "Rawang": "747", "Rai": 4.0, "NGan": 2.0, "Wa": 61.0, "CardID": "3330500222624", "Name": "นายเฮง รัตนพันธ์", "ADD": "53 ถ. ซ. ม.3 บ.ตะเคียนกลาง ต.ตะเคียนราม อ.ภูสิงห์ จ.ศรีสะเกษ" }, "geometry": { "type": "MultiPolygon", "coordinates": [ [ [ [ 104.178696279002168, 14.591735543780599, 0.0 ], [ 104.178242297613863, 14.591719915265109, 0.0 ], [ 104.178053787263863, 14.59294580370058, 0.0 ], [ 104.178652675797366, 14.592861857744445, 0.0 ], [ 104.178678119162242, 14.592832478872523, 0.0 ], [ 104.178693070977516, 14.592137114543025, 0.0 ], [ 104.178696279002168, 14.591735543780599, 0.0 ] ] ] ] } },
{ "type": "Feature", "properties": { "Plang": "6", "Rawang": "747", "Rai": 11.0, "NGan": 3.0, "Wa": 16.0, "CardID": "3330500225674", "Name": "นางกัลยา จะรินรัมย์", "ADD": "96 ถ. ซ. ม.1 บ.ตะเคียนรามตะวัน ต.ตะเคียนราม อ.ภูสิงห์ จ.ศรีสะเกษ" }, "geometry": { "type": "MultiPolygon", "coordinates": [ [ [ [ 104.180471686240352, 14.592447085792005, 0.0 ], [ 104.179986718710325, 14.59248495885762, 0.0 ], [ 104.179779285935993, 14.592905018891392, 0.0 ], [ 104.179715572634606, 14.593151561858493, 0.0 ], [ 104.180065568297749, 14.593182842855271, 0.0 ], [ 104.180125541039288, 14.593877998823785, 0.0 ], [ 104.180726605019544, 14.593614138424924, 0.0 ], [ 104.180678860952156, 14.593098373531532, 0.0 ], [ 104.181473082229985, 14.592903591488843, 0.0 ], [ 104.181939941148002, 14.592841180992099, 0.0 ], [ 104.181989792113598, 14.592473968610783, 0.0 ], [ 104.181013319323398, 14.592421555991928, 0.0 ], [ 104.180471686240352, 14.592447085792005, 0.0 ] ] ] ] } },
{ "type": "Feature", "properties": { "Plang": "7", "Rawang": "747", "Rai": 2.0, "NGan": 2.0, "Wa": 20.0, "CardID": "3330500213641", "Name": "นายเจ็น รัตนพันธ์", "ADD": "4 ถ. ซ. ม.14 บ. ต.ตะเคียนราม อ.ภูสิงห์ จ.ศรีสะเกษ" }, "geometry": { "type": "MultiPolygon", "coordinates": [ [ [ [ 104.18154403097661, 14.593214184476832, 0.0 ], [ 104.181473082229985, 14.592903591488843, 0.0 ], [ 104.180678860952156, 14.593098373531532, 0.0 ], [ 104.180726605019544, 14.593614138424924, 0.0 ], [ 104.18154403097661, 14.593214184476832, 0.0 ] ] ] ] } },
{ "type": "Feature", "properties": { "Plang": "8", "Rawang": "747", "Rai": 2.0, "NGan": 1.0, "Wa": 36.0, "CardID": "3330500226948", "Name": "นางวรรณา ศรีลาชัย", "ADD": "56 ถ. ซ. ม.1 บ. ต.ตะเคียนราม อ.ภูสิงห์ จ.ศรีสะเกษ" }, "geometry": { "type": "MultiPolygon", "coordinates": [ [ [ [ 104.18154403097661, 14.593214184476832, 0.0 ], [ 104.182645954972614, 14.592709580944076, 0.0 ], [ 104.182407839852843, 14.592581375202448, 0.0 ], [ 104.182167231145911, 14.59250745855951, 0.0 ], [ 104.181989792113598, 14.592473968610783, 0.0 ], [ 104.181939941148002, 14.592841180992099, 0.0 ], [ 104.181473082229985, 14.592903591488843, 0.0 ], [ 104.18154403097661, 14.593214184476832, 0.0 ] ] ] ] } },
{ "type": "Feature", "properties": { "Plang": "4", "Rawang": "897", "Rai": 28.0, "NGan": 3.0, "Wa": 32.0, "CardID": "3330500227961", "Name": "นายมั่น เสมอ", "ADD": "9 ถ. ซ. ม.12 บ.ตะเคียนรามตะวัน ต.ตะเคียนราม อ.ภูสิงห์ จ.ศรีสะเกษ" }, "geometry": { "type": "MultiPolygon", "coordinates": [ [ [ [ 104.161301102142843, 14.575160243155775, 0.0 ], [ 104.161350075024856, 14.575528845508922, 0.0 ], [ 104.161311368142677, 14.575893998243966, 0.0 ], [ 104.161251682583114, 14.576226307066305, 0.0 ], [ 104.161181100417238, 14.576877730593097, 0.0 ], [ 104.161114681924403, 14.57715866922447, 0.0 ], [ 104.161224964914467, 14.577608105846522, 0.0 ], [ 104.161417638980126, 14.577710867098091, 0.0 ], [ 104.16145442710382, 14.577856644258294, 0.0 ], [ 104.161787172762644, 14.577953346237413, 0.0 ], [ 104.162126410644035, 14.578474148803409, 0.0 ], [ 104.162498525633296, 14.57841645610106, 0.0 ], [ 104.163033584795784, 14.578773089476073, 0.0 ], [ 104.163122452299049, 14.578482597098235, 0.0 ], [ 104.162689962436431, 14.576966076068633, 0.0 ], [ 104.162497384440073, 14.576528063419788, 0.0 ], [ 104.162344471352242, 14.576256111777212, 0.0 ], [ 104.162234345910548, 14.575866609763962, 0.0 ], [ 104.162121453504838, 14.575720144115115, 0.0 ], [ 104.161941862277928, 14.575511817434172, 0.0 ], [ 104.161686192150796, 14.575440621828115, 0.0 ], [ 104.161379682979614, 14.575149750799884, 0.0 ], [ 104.161301102142843, 14.575160243155775, 0.0 ] ] ] ] } },
{ "type": "Feature", "properties": { "Plang": "3", "Rawang": "897", "Rai": 4.0, "NGan": 3.0, "Wa": 40.0, "CardID": "3330500228223", "Name": "นางสาวสุพัฒตรา เนาวิรัตน์", "ADD": "1 ถ. ซ. ม.2 บ. ต.ตะเคียนราม อ.ภูสิงห์ จ.ศรีสะเกษ" }, "geometry": { "type": "MultiPolygon", "coordinates": [ [ [ [ 104.161752418738104, 14.578642143727809, 0.0 ], [ 104.162126410644035, 14.578474148803409, 0.0 ], [ 104.161787172762644, 14.577953346237413, 0.0 ], [ 104.16145442710382, 14.577856644258294, 0.0 ], [ 104.161417638980126, 14.577710867098091, 0.0 ], [ 104.161224964914467, 14.577608105846522, 0.0 ], [ 104.161114681924403, 14.57715866922447, 0.0 ], [ 104.160943154343329, 14.57736900095416, 0.0 ], [ 104.161406024821204, 14.578630192889889, 0.0 ], [ 104.161752418738104, 14.578642143727809, 0.0 ] ] ] ] } },
{ "type": "Feature", "properties": { "Plang": "2", "Rawang": "897", "Rai": 13.0, "NGan": 3.0, "Wa": 68.0, "CardID": "3330500229262", "Name": "นายมูล ศรีลาชัย", "ADD": "31 ถ. ซ. ม.12 บ.ตะเคียนรามตะวัน ต.ตะเคียนราม อ.ภูสิงห์ จ.ศรีสะเกษ" }, "geometry": { "type": "MultiPolygon", "coordinates": [ [ [ [ 104.163033584795784, 14.578773089476073, 0.0 ], [ 104.162498525633296, 14.57841645610106, 0.0 ], [ 104.162126410644035, 14.578474148803409, 0.0 ], [ 104.161752418738104, 14.578642143727809, 0.0 ], [ 104.161406024821204, 14.578630192889889, 0.0 ], [ 104.159960248153013, 14.579069108885381, 0.0 ], [ 104.160697383385298, 14.57966479052458, 0.0 ], [ 104.16087249784286, 14.579681305470132, 0.0 ], [ 104.160834824497243, 14.57941738380006, 0.0 ], [ 104.16096790576232, 14.57941786072654, 0.0 ], [ 104.160982838850032, 14.57920961236124, 0.0 ], [ 104.16297166922061, 14.57931501363656, 0.0 ], [ 104.163033584795784, 14.578773089476073, 0.0 ] ] ] ] } },
{ "type": "Feature", "properties": { "Plang": "1", "Rawang": "897", "Rai": 7.0, "NGan": 1.0, "Wa": 92.0, "CardID": "3330500333353", "Name": "นางสุตารัตน์ เสดา", "ADD": "89 ถ. ซ. ม.12 บ. ต.ตะเคียนราม อ.ภูสิงห์ จ.ศรีสะเกษ" }, "geometry": { "type": "MultiPolygon", "coordinates": [ [ [ [ 104.162796677299511, 14.579862764986931, 0.0 ], [ 104.16297166922061, 14.57931501363656, 0.0 ], [ 104.160982838850032, 14.57920961236124, 0.0 ], [ 104.16096790576232, 14.57941786072654, 0.0 ], [ 104.160834824497243, 14.57941738380006, 0.0 ], [ 104.16087249784286, 14.579681305470132, 0.0 ], [ 104.162796677299511, 14.579862764986931, 0.0 ] ] ] ] } },
{ "type": "Feature", "properties": { "Plang": "1", "Rawang": "896", "Rai": 6.0, "NGan": 2.0, "Wa": 77.0, "CardID": "3330500229530", "Name": "นางเสวย บุตะเคียน", "ADD": "68/1 ถ. ซ. ม.12 บ. ต.ตะเคียนราม อ.ภูสิงห์ จ.ศรีสะเกษ" }, "geometry": { "type": "MultiPolygon", "coordinates": [ [ [ [ 104.155298591775434, 14.573682670019684, 0.0 ], [ 104.155325615514556, 14.573403587383797, 0.0 ], [ 104.154542486434124, 14.573401985153929, 0.0 ], [ 104.153339184287816, 14.573188982324274, 0.0 ], [ 104.152911957050875, 14.573719366588104, 0.0 ], [ 104.154484229382376, 14.573766038882459, 0.0 ], [ 104.155300953772183, 14.573753816226358, 0.0 ], [ 104.155298591775434, 14.573682670019684, 0.0 ] ] ] ] } },
{ "type": "Feature", "properties": { "Plang": "12", "Rawang": "741", "Rai": 12.0, "NGan": 0.0, "Wa": 69.0, "CardID": "3330500231631", "Name": "นายลา ธรรมพร", "ADD": "08 ถ. ซ. ม.6 บ. ต.ตะเคียนราม อ.ภูสิงห์ จ.ศรีสะเกษ" }, "geometry": { "type": "MultiPolygon", "coordinates": [ [ [ [ 104.173070410101388, 14.594939441299502, 0.0 ], [ 104.172908419092593, 14.595294100206333, 0.0 ], [ 104.172756232803906, 14.595658374789171, 0.0 ], [ 104.1727128370337, 14.596030093645284, 0.0 ], [ 104.172773102997212, 14.596052314861083, 0.0 ], [ 104.17272164749771, 14.596205863957504, 0.0 ], [ 104.17306345372829, 14.596227172057343, 0.0 ], [ 104.173937712904447, 14.59616451444977, 0.0 ], [ 104.17391257625178, 14.596041533365209, 0.0 ], [ 104.173982991097191, 14.595586031256351, 0.0 ], [ 104.17391216106418, 14.5949767467178, 0.0 ], [ 104.17383703783463, 14.594824015196266, 0.0 ], [ 104.173584911455507, 14.594794105525683, 0.0 ], [ 104.173558423571819, 14.594619573227712, 0.0 ], [ 104.17338916621685, 14.594607793034475, 0.0 ], [ 104.173308834369095, 14.594391200032032, 0.0 ], [ 104.173169360828226, 14.594379223825523, 0.0 ], [ 104.173161467339668, 14.594511124055773, 0.0 ], [ 104.173080811682425, 14.594663644791263, 0.0 ], [ 104.173070410101388, 14.594939441299502, 0.0 ] ] ] ] } },
{ "type": "Feature", "properties": { "Plang": "6", "Rawang": "741", "Rai": 3.0, "NGan": 1.0, "Wa": 75.0, "CardID": "3330500220575", "Name": "นางเลือม บุตะเคียน", "ADD": "22 ถ. ซ. ม.14 บ. ต.ตะเคียนราม อ.ภูสิงห์ จ.ศรีสะเกษ" }, "geometry": { "type": "MultiPolygon", "coordinates": [ [ [ [ 104.172151670128414, 14.59593295882766, 0.0 ], [ 104.171972114738622, 14.596874136231548, 0.0 ], [ 104.172441040678422, 14.596888749139879, 0.0 ], [ 104.172452607839531, 14.596591138481083, 0.0 ], [ 104.172540263181972, 14.596404644668018, 0.0 ], [ 104.17272164749771, 14.596205863957504, 0.0 ], [ 104.172773102997212, 14.596052314861083, 0.0 ], [ 104.1727128370337, 14.596030093645284, 0.0 ], [ 104.172151670128414, 14.59593295882766, 0.0 ] ] ] ] } },
{ "type": "Feature", "properties": { "Plang": "31", "Rawang": "737", "Rai": 2.0, "NGan": 1.0, "Wa": 73.0, "CardID": "0000000000000", "Name": "นายลวก บุตะเคียน", "ADD": "68 ถ. ซ. ม.2 บ.ตะเคียนรามตะวัน ต.ตะเคียนราม อ.ขุขันธ์ จ.ศรีสะเกษ" }, "geometry": { "type": "MultiPolygon", "coordinates": [ [ [ [ 104.161379682979614, 14.575149750799884, 0.0 ], [ 104.16117293296098, 14.574781509283087, 0.0 ], [ 104.160652595415996, 14.57493346021089, 0.0 ], [ 104.160131900475676, 14.574859291070769, 0.0 ], [ 104.160153402021578, 14.575154638418885, 0.0 ], [ 104.161301102142843, 14.575160243155775, 0.0 ], [ 104.161379682979614, 14.575149750799884, 0.0 ] ] ] ] } },
{ "type": "Feature", "properties": { "Plang": "30", "Rawang": "737", "Rai": 5.0, "NGan": 3.0, "Wa": 74.0, "CardID": "3330500238482", "Name": "นางบิน บุตะเคียน", "ADD": "46 ถ. ซ. ม.12 บ.ตะเคียนรามตะวัน ต.ตะเคียนราม อ.ภูสิงห์ จ.ศรีสะเกษ" }, "geometry": { "type": "MultiPolygon", "coordinates": [ [ [ [ 104.160153402021578, 14.575154638418885, 0.0 ], [ 104.160131900475676, 14.574859291070769, 0.0 ], [ 104.159706501192204, 14.574797914511851, 0.0 ], [ 104.157951249252193, 14.574698144589487, 0.0 ], [ 104.157945115212001, 14.574949888695537, 0.0 ], [ 104.157932912966615, 14.575087823459821, 0.0 ], [ 104.160153402021578, 14.575154638418885, 0.0 ] ] ] ] } },
{ "type": "Feature", "properties": { "Plang": "32", "Rawang": "737", "Rai": 8.0, "NGan": 1.0, "Wa": 5.0, "CardID": "1331700001545", "Name": "นางสาวตรีนุช บุตะเคียน", "ADD": "20 ถ. ซ. ม.12 บ.ห้วยยาง ต.ตะเคียนราม อ.ภูสิงห์ จ.ศรีสะเกษ" }, "geometry": { "type": "MultiPolygon", "coordinates": [ [ [ [ 104.161089317788594, 14.574532317680706, 0.0 ], [ 104.158003003824746, 14.574364377395979, 0.0 ], [ 104.157951249252193, 14.574698144589487, 0.0 ], [ 104.159706501192204, 14.574797914511851, 0.0 ], [ 104.160131900475676, 14.574859291070769, 0.0 ], [ 104.160652595415996, 14.57493346021089, 0.0 ], [ 104.16117293296098, 14.574781509283087, 0.0 ], [ 104.161089317788594, 14.574532317680706, 0.0 ] ] ] ] } },
{ "type": "Feature", "properties": { "Plang": "33", "Rawang": "737", "Rai": 6.0, "NGan": 2.0, "Wa": 73.0, "CardID": "0000000000000", "Name": "นายลิน บุญขาว", "ADD": "14 ถ. ซ. ม.2 บ.ตะเคียนรามตะวัน ต.ตะเคียนราม อ.ขุขันธ์ จ.ศรีสะเกษ" }, "geometry": { "type": "MultiPolygon", "coordinates": [ [ [ [ 104.15798243084825, 14.574300830496332, 0.0 ], [ 104.158003003824746, 14.574364377395979, 0.0 ], [ 104.161089317788594, 14.574532317680706, 0.0 ], [ 104.161063707908667, 14.574267426312277, 0.0 ], [ 104.15803627572231, 14.57404157413041, 0.0 ], [ 104.15798243084825, 14.574300830496332, 0.0 ] ] ] ] } },
{ "type": "Feature", "properties": { "Plang": "28", "Rawang": "737", "Rai": 20.0, "NGan": 1.0, "Wa": 60.0, "CardID": "3330500235785", "Name": "นายสงค์ บุตะเคียน", "ADD": "73 ถ. ซ. ม.12 บ.ตะเคียนรามตะวัน ต.ตะเคียนราม อ.ภูสิงห์ จ.ศรีสะเกษ" }, "geometry": { "type": "MultiPolygon", "coordinates": [ [ [ [ 104.157951249252193, 14.574698144589487, 0.0 ], [ 104.158003003824746, 14.574364377395979, 0.0 ], [ 104.15798243084825, 14.574300830496332, 0.0 ], [ 104.155581733196527, 14.574291531939286, 0.0 ], [ 104.155575734740495, 14.574151794998468, 0.0 ], [ 104.155316782452488, 14.574104442209737, 0.0 ], [ 104.153467107296166, 14.574349549070515, 0.0 ], [ 104.153658207054349, 14.574705221435325, 0.0 ], [ 104.155054760543848, 14.5747870172661, 0.0 ], [ 104.155561975137914, 14.574734768103877, 0.0 ], [ 104.155561212113824, 14.575046152620539, 0.0 ], [ 104.155780594769382, 14.57503934690226, 0.0 ], [ 104.157945115212001, 14.574949888695537, 0.0 ], [ 104.157951249252193, 14.574698144589487, 0.0 ] ] ] ] } },
{ "type": "Feature", "properties": { "Plang": "37", "Rawang": "737", "Rai": 9.0, "NGan": 0.0, "Wa": 72.0, "CardID": "3330500229530", "Name": "นางเสวย บุตะเคียน", "ADD": "68/1 ถ. ซ. ม.12 บ.ห้วยยาง ต.ตะเคียนราม อ.ภูสิงห์ จ.ศรีสะเกษ" }, "geometry": { "type": "MultiPolygon", "coordinates": [ [ [ [ 104.155316782452488, 14.574104442209737, 0.0 ], [ 104.155300953772183, 14.573753816226358, 0.0 ], [ 104.154484229382376, 14.573766038882459, 0.0 ], [ 104.152911957050875, 14.573719366588104, 0.0 ], [ 104.15252313812482, 14.573957574661911, 0.0 ], [ 104.153467107296166, 14.574349549070515, 0.0 ], [ 104.155316782452488, 14.574104442209737, 0.0 ] ] ] ] } },
{ "type": "Feature", "properties": { "Plang": "36", "Rawang": "737", "Rai": 13.0, "NGan": 0.0, "Wa": 83.0, "CardID": "3330500238466", "Name": "นางสาวจำเนียร บุตะเคียน", "ADD": "59 ถ. ซ. ม.12 บ.ห้วยยาง ต.ตะเคียนราม อ.ภูสิงห์ จ.ศรีสะเกษ" }, "geometry": { "type": "MultiPolygon", "coordinates": [ [ [ [ 104.15803627572231, 14.57404157413041, 0.0 ], [ 104.158090283266162, 14.573728256398173, 0.0 ], [ 104.158112576894581, 14.573565512954373, 0.0 ], [ 104.155298591775434, 14.573682670019684, 0.0 ], [ 104.155300953772183, 14.573753816226358, 0.0 ], [ 104.155316782452488, 14.574104442209737, 0.0 ], [ 104.155575734740495, 14.574151794998468, 0.0 ], [ 104.155581733196527, 14.574291531939286, 0.0 ], [ 104.15798243084825, 14.574300830496332, 0.0 ], [ 104.15803627572231, 14.57404157413041, 0.0 ] ] ] ] } },
{ "type": "Feature", "properties": { "Plang": "27", "Rawang": "737", "Rai": 8.0, "NGan": 3.0, "Wa": 93.0, "CardID": "0000000000000", "Name": "นายอน บุตะเคียน", "ADD": "16 ถ. ซ. ม.2 บ.ตะเคียนรามตะวัน ต.ตะเคียนราม อ.ขุขันธ์ จ.ศรีสะเกษ" }, "geometry": { "type": "MultiPolygon", "coordinates": [ [ [ [ 104.153658207054349, 14.574705221435325, 0.0 ], [ 104.15377650091699, 14.575435246999767, 0.0 ], [ 104.15538219113806, 14.575411222944743, 0.0 ], [ 104.155360948885431, 14.575246307549927, 0.0 ], [ 104.155552306921678, 14.575246997602507, 0.0 ], [ 104.155561212113824, 14.575046152620539, 0.0 ], [ 104.155561975137914, 14.574734768103877, 0.0 ], [ 104.155054760543848, 14.5747870172661, 0.0 ], [ 104.153658207054349, 14.574705221435325, 0.0 ] ] ] ] } },
{ "type": "Feature", "properties": { "Plang": "26", "Rawang": "737", "Rai": 10.0, "NGan": 0.0, "Wa": 0.0, "CardID": "3330500236676", "Name": "นายเกษ บุตะเคียน", "ADD": "31 ถ. ซ. ม.6 บ.กระโดน ต.ตะเคียนราม อ.ภูสิงห์ จ.ศรีสะเกษ" }, "geometry": { "type": "MultiPolygon", "coordinates": [ [ [ [ 104.153564202449573, 14.575519149219174, 0.0 ], [ 104.153573112366118, 14.575948431046021, 0.0 ], [ 104.155525464982063, 14.576004767789698, 0.0 ], [ 104.15579034410635, 14.575984878316493, 0.0 ], [ 104.155780594769382, 14.57503934690226, 0.0 ], [ 104.155561212113824, 14.575046152620539, 0.0 ], [ 104.155552306921678, 14.575246997602507, 0.0 ], [ 104.155360948885431, 14.575246307549927, 0.0 ], [ 104.15538219113806, 14.575411222944743, 0.0 ], [ 104.15377650091699, 14.575435246999767, 0.0 ], [ 104.153564202449573, 14.575519149219174, 0.0 ] ] ] ] } },
{ "type": "Feature", "properties": { "Plang": "39", "Rawang": "737", "Rai": 12.0, "NGan": 1.0, "Wa": 23.0, "CardID": "3330500236706", "Name": "นางทองเพียร บุตะเคียน", "ADD": "31 ถ. ซ. ม.6 บ. ต.ตะเคียนราม อ.ภูสิงห์ จ.ศรีสะเกษ" }, "geometry": { "type": "MultiPolygon", "coordinates": [ [ [ [ 104.157945115212001, 14.574949888695537, 0.0 ], [ 104.155780594769382, 14.57503934690226, 0.0 ], [ 104.15579034410635, 14.575984878316493, 0.0 ], [ 104.156092468267843, 14.575956798840169, 0.0 ], [ 104.157130655232834, 14.575635373135128, 0.0 ], [ 104.15793982890095, 14.575605842419824, 0.0 ], [ 104.157951688961418, 14.575586403307, 0.0 ], [ 104.157932912966615, 14.575087823459821, 0.0 ], [ 104.157945115212001, 14.574949888695537, 0.0 ] ] ] ] } },
{ "type": "Feature", "properties": { "Plang": "22", "Rawang": "737", "Rai": 9.0, "NGan": 2.0, "Wa": 59.0, "CardID": "3330500236161", "Name": "นายใจ ธรรมพร", "ADD": "11 ถ. ซ. ม.6 บ.กะโดน ต.ตะเคียนราม อ.ภูสิงห์ จ.ศรีสะเกษ" }, "geometry": { "type": "MultiPolygon", "coordinates": [ [ [ [ 104.157951688961418, 14.575586403307, 0.0 ], [ 104.15793982890095, 14.575605842419824, 0.0 ], [ 104.158000826583574, 14.576050241255464, 0.0 ], [ 104.16036359299946, 14.575853695466426, 0.0 ], [ 104.161311368142677, 14.575893998243966, 0.0 ], [ 104.161350075024856, 14.575528845508922, 0.0 ], [ 104.157951688961418, 14.575586403307, 0.0 ] ] ] ] } },
{ "type": "Feature", "properties": { "Plang": "21", "Rawang": "737", "Rai": 9.0, "NGan": 2.0, "Wa": 60.0, "CardID": "3330500237508", "Name": "นางปอง บุตะเคียน", "ADD": "49 ถ. ซ. ม.2 บ. ต.ตะเคียนราม อ.ภูสิงห์ จ.ศรีสะเกษ" }, "geometry": { "type": "MultiPolygon", "coordinates": [ [ [ [ 104.158026930014643, 14.576460501121339, 0.0 ], [ 104.158255649382554, 14.576499714849811, 0.0 ], [ 104.158799486892988, 14.576536563300312, 0.0 ], [ 104.160437664812491, 14.576135544172038, 0.0 ], [ 104.161251682583114, 14.576226307066305, 0.0 ], [ 104.161311368142677, 14.575893998243966, 0.0 ], [ 104.16036359299946, 14.575853695466426, 0.0 ], [ 104.158000826583574, 14.576050241255464, 0.0 ], [ 104.158026930014643, 14.576460501121339, 0.0 ] ] ] ] } },
{ "type": "Feature", "properties": { "Plang": "20", "Rawang": "737", "Rai": 14.0, "NGan": 2.0, "Wa": 80.0, "CardID": "3330500236528", "Name": "นายเที่ยง บุตะเคียน", "ADD": "36 ถ. ซ. ม.9 บ.พยอม ต.ตะเคียนราม อ.ภูสิงห์ จ.ศรีสะเกษ" }, "geometry": { "type": "MultiPolygon", "coordinates": [ [ [ [ 104.158305079070331, 14.577078897849306, 0.0 ], [ 104.159269199803489, 14.577107762713508, 0.0 ], [ 104.160461386162794, 14.576901469398381, 0.0 ], [ 104.161181100417238, 14.576877730593097, 0.0 ], [ 104.161251682583114, 14.576226307066305, 0.0 ], [ 104.160437664812491, 14.576135544172038, 0.0 ], [ 104.158799486892988, 14.576536563300312, 0.0 ], [ 104.158255649382554, 14.576499714849811, 0.0 ], [ 104.158305079070331, 14.577078897849306, 0.0 ] ] ] ] } },
{ "type": "Feature", "properties": { "Plang": "19", "Rawang": "737", "Rai": 14.0, "NGan": 3.0, "Wa": 67.0, "CardID": "3330500236838", "Name": "นายพรหม บุตะเคียน", "ADD": "2 ถ. ซ. ม.12 บ. ต.ตะเคียนราม อ.ภูสิงห์ จ.ศรีสะเกษ" }, "geometry": { "type": "MultiPolygon", "coordinates": [ [ [ [ 104.159269199803489, 14.577107762713508, 0.0 ], [ 104.158305079070331, 14.577078897849306, 0.0 ], [ 104.158344353614225, 14.577192453683534, 0.0 ], [ 104.158336783115629, 14.577660570658855, 0.0 ], [ 104.159488679859862, 14.577873664429944, 0.0 ], [ 104.160814188963741, 14.577799439300488, 0.0 ], [ 104.160751775478573, 14.577232193534124, 0.0 ], [ 104.161114681924403, 14.57715866922447, 0.0 ], [ 104.161181100417238, 14.576877730593097, 0.0 ], [ 104.160461386162794, 14.576901469398381, 0.0 ], [ 104.159269199803489, 14.577107762713508, 0.0 ] ] ] ] } },
{ "type": "Feature", "properties": { "Plang": "18", "Rawang": "737", "Rai": 15.0, "NGan": 0.0, "Wa": 2.0, "CardID": "3330500239209", "Name": "นางสาวสมบัติ บุตะเคียน", "ADD": "18 ถ. ซ. ม.2 บ.ตะเคียนรามตะวันตก ต.ตะเคียนราม อ.ภูสิงห์ จ.ศรีสะเกษ" }, "geometry": { "type": "MultiPolygon", "coordinates": [ [ [ [ 104.158255649382554, 14.576499714849811, 0.0 ], [ 104.158026930014643, 14.576460501121339, 0.0 ], [ 104.157539894824438, 14.576447434044489, 0.0 ], [ 104.156599081065437, 14.576611998357043, 0.0 ], [ 104.156587136966834, 14.577128025753264, 0.0 ], [ 104.156660938810319, 14.577410765330697, 0.0 ], [ 104.156586913587034, 14.577637278180816, 0.0 ], [ 104.156848419244596, 14.577637001830922, 0.0 ], [ 104.157108939993947, 14.577620997897339, 0.0 ], [ 104.158292571069353, 14.577807535823981, 0.0 ], [ 104.158336783115629, 14.577660570658855, 0.0 ], [ 104.158344353614225, 14.577192453683534, 0.0 ], [ 104.158305079070331, 14.577078897849306, 0.0 ], [ 104.158255649382554, 14.576499714849811, 0.0 ] ] ] ] } },
{ "type": "Feature", "properties": { "Plang": "23", "Rawang": "737", "Rai": 14.0, "NGan": 1.0, "Wa": 66.0, "CardID": "3330500228509", "Name": "นายเทียม ตะเคียนเกลี้ยง", "ADD": "61 ถ. ซ. ม.12 บ. ต.ตะเคียนราม อ.ภูสิงห์ จ.ศรีสะเกษ" }, "geometry": { "type": "MultiPolygon", "coordinates": [ [ [ [ 104.155525464982063, 14.576004767789698, 0.0 ], [ 104.155488050951789, 14.576587882508978, 0.0 ], [ 104.156266029380333, 14.576699113474762, 0.0 ], [ 104.156599081065437, 14.576611998357043, 0.0 ], [ 104.157539894824438, 14.576447434044489, 0.0 ], [ 104.158026930014643, 14.576460501121339, 0.0 ], [ 104.158000826583574, 14.576050241255464, 0.0 ], [ 104.15793982890095, 14.575605842419824, 0.0 ], [ 104.157130655232834, 14.575635373135128, 0.0 ], [ 104.156092468267843, 14.575956798840169, 0.0 ], [ 104.15579034410635, 14.575984878316493, 0.0 ], [ 104.155525464982063, 14.576004767789698, 0.0 ] ] ] ] } },
{ "type": "Feature", "properties": { "Plang": "25", "Rawang": "737", "Rai": 12.0, "NGan": 2.0, "Wa": 99.0, "CardID": "0000000000000", "Name": "นางเนียม บุตะเคียน", "ADD": "13 ถ. ซ. ม.6 บ.กะโดน ต.ตะเคียนราม อ.ขุขันธ์ จ.ศรีสะเกษ" }, "geometry": { "type": "MultiPolygon", "coordinates": [ [ [ [ 104.153573112366118, 14.575948431046021, 0.0 ], [ 104.153564202449573, 14.575519149219174, 0.0 ], [ 104.152327597168536, 14.575260302658073, 0.0 ], [ 104.152144674881768, 14.575616869183719, 0.0 ], [ 104.152540936526862, 14.576805914910905, 0.0 ], [ 104.152820277854588, 14.576741248386288, 0.0 ], [ 104.153459994754428, 14.576776866943471, 0.0 ], [ 104.153573112366118, 14.575948431046021, 0.0 ] ] ] ] } },
{ "type": "Feature", "properties": { "Plang": "24", "Rawang": "737", "Rai": 10.0, "NGan": 3.0, "Wa": 29.0, "CardID": "3330500233260", "Name": "นายเรือง บุตะเคียน", "ADD": "17 ถ. ซ. ม.6 บ. ต.ตะเคียนราม อ.ภูสิงห์ จ.ศรีสะเกษ" }, "geometry": { "type": "MultiPolygon", "coordinates": [ [ [ [ 104.155525464982063, 14.576004767789698, 0.0 ], [ 104.153573112366118, 14.575948431046021, 0.0 ], [ 104.153459994754428, 14.576776866943471, 0.0 ], [ 104.154244148742038, 14.576800033240396, 0.0 ], [ 104.154673538158178, 14.576683320996509, 0.0 ], [ 104.155194857050759, 14.57659328887625, 0.0 ], [ 104.155488050951789, 14.576587882508978, 0.0 ], [ 104.155525464982063, 14.576004767789698, 0.0 ] ] ] ] } },
{ "type": "Feature", "properties": { "Plang": "16", "Rawang": "737", "Rai": 10.0, "NGan": 2.0, "Wa": 36.0, "CardID": "0000000000000", "Name": "นายพันธ์ บุตะเคียน", "ADD": "19 ถ. ซ. ม.2 บ. ต.ตะเคียนราม อ.ขุขันธ์ จ.ศรีสะเกษ" }, "geometry": { "type": "MultiPolygon", "coordinates": [ [ [ [ 104.152713104411674, 14.577351747173379, 0.0 ], [ 104.153509376222999, 14.577478310808976, 0.0 ], [ 104.153705521945298, 14.577476387991725, 0.0 ], [ 104.154627960248234, 14.57745004061888, 0.0 ], [ 104.154802865105097, 14.577468336958402, 0.0 ], [ 104.154673538158178, 14.576683320996509, 0.0 ], [ 104.154244148742038, 14.576800033240396, 0.0 ], [ 104.153459994754428, 14.576776866943471, 0.0 ], [ 104.152820277854588, 14.576741248386288, 0.0 ], [ 104.152540936526862, 14.576805914910905, 0.0 ], [ 104.152713104411674, 14.577351747173379, 0.0 ] ] ] ] } },
{ "type": "Feature", "properties": { "Plang": "15", "Rawang": "737", "Rai": 5.0, "NGan": 2.0, "Wa": 43.0, "CardID": "3330500215954", "Name": "นายสิงห์ ตะเคียนเกลี้ยง", "ADD": "6 ถ. ซ. ม.6 บ. ต.ตะเคียนราม อ.ภูสิงห์ จ.ศรีสะเกษ" }, "geometry": { "type": "MultiPolygon", "coordinates": [ [ [ [ 104.152931156281312, 14.578274003446694, 0.0 ], [ 104.153777094329442, 14.578265025295954, 0.0 ], [ 104.153722236987889, 14.577744518292139, 0.0 ], [ 104.153705521945298, 14.577476387991725, 0.0 ], [ 104.153509376222999, 14.577478310808976, 0.0 ], [ 104.152713104411674, 14.577351747173379, 0.0 ], [ 104.152931156281312, 14.578274003446694, 0.0 ] ] ] ] } },
{ "type": "Feature", "properties": { "Plang": "14", "Rawang": "737", "Rai": 1.0, "NGan": 3.0, "Wa": 98.0, "CardID": "0000000000000", "Name": "นางมน บุตะเคียน", "ADD": "6 ถ. ซ. ม.6 บ.กะโดน ต.ตะเคียนราม อ.ขุขันธ์ จ.ศรีสะเกษ" }, "geometry": { "type": "MultiPolygon", "coordinates": [ [ [ [ 104.154316436302082, 14.578290281730608, 0.0 ], [ 104.154340535780477, 14.57787769940375, 0.0 ], [ 104.153722236987889, 14.577744518292139, 0.0 ], [ 104.153777094329442, 14.578265025295954, 0.0 ], [ 104.154316436302082, 14.578290281730608, 0.0 ] ] ] ] } },
{ "type": "Feature", "properties": { "Plang": "13", "Rawang": "737", "Rai": 8.0, "NGan": 3.0, "Wa": 72.0, "CardID": "3330500332292", "Name": "นางเสงี่ยม บุตะเคียน", "ADD": "67 ถ. ซ. ม.6 บ.กะโดน ต.ตะเคียนราม อ.ภูสิงห์ จ.ศรีสะเกษ" }, "geometry": { "type": "MultiPolygon", "coordinates": [ [ [ [ 104.154340535780477, 14.57787769940375, 0.0 ], [ 104.156861225646864, 14.578116864286686, 0.0 ], [ 104.156848419244596, 14.577637001830922, 0.0 ], [ 104.156586913587034, 14.577637278180816, 0.0 ], [ 104.155746084443095, 14.577745425764661, 0.0 ], [ 104.154802865105097, 14.577468336958402, 0.0 ], [ 104.154627960248234, 14.57745004061888, 0.0 ], [ 104.153705521945298, 14.577476387991725, 0.0 ], [ 104.153722236987889, 14.577744518292139, 0.0 ], [ 104.154340535780477, 14.57787769940375, 0.0 ] ] ] ] } },
{ "type": "Feature", "properties": { "Plang": "12", "Rawang": "737", "Rai": 8.0, "NGan": 2.0, "Wa": 83.0, "CardID": "3330500239616", "Name": "นายเหลือง บุตะเคียน", "ADD": "42 ถ. ซ. ม.6 บ. ต.ตะเคียนราม อ.ภูสิงห์ จ.ศรีสะเกษ" }, "geometry": { "type": "MultiPolygon", "coordinates": [ [ [ [ 104.156754312255643, 14.578618815174126, 0.0 ], [ 104.156843726698412, 14.578607643841126, 0.0 ], [ 104.156861225646864, 14.578116864286686, 0.0 ], [ 104.154340535780477, 14.57787769940375, 0.0 ], [ 104.154316436302082, 14.578290281730608, 0.0 ], [ 104.156754312255643, 14.578618815174126, 0.0 ] ] ] ] } },
{ "type": "Feature", "properties": { "Plang": "5", "Rawang": "737", "Rai": 15.0, "NGan": 0.0, "Wa": 78.0, "CardID": "3330500333418", "Name": "นายเดือน บุตะเคียน", "ADD": "05 ถ. ซ. ม.2 บ. ต.ตะเคียนราม อ.ภูสิงห์ จ.ศรีสะเกษ" }, "geometry": { "type": "MultiPolygon", "coordinates": [ [ [ [ 104.152931156281312, 14.578274003446694, 0.0 ], [ 104.153498696317698, 14.57902183625003, 0.0 ], [ 104.156844855950581, 14.578911772262929, 0.0 ], [ 104.156754312255643, 14.578618815174126, 0.0 ], [ 104.154316436302082, 14.578290281730608, 0.0 ], [ 104.153777094329442, 14.578265025295954, 0.0 ], [ 104.152931156281312, 14.578274003446694, 0.0 ] ] ] ] } },
{ "type": "Feature", "properties": { "Plang": "4", "Rawang": "737", "Rai": 15.0, "NGan": 2.0, "Wa": 32.0, "CardID": "3330500228452", "Name": "นายเลา บุตะเคียน", "ADD": "12 ถ. ซ. ม.2 บ.ตะเคียนรามตะวัน ต.ตะเคียนราม อ.ขุขันธ์ จ.ศรีสะเกษ" }, "geometry": { "type": "MultiPolygon", "coordinates": [ [ [ [ 104.153694857477262, 14.579751757322354, 0.0 ], [ 104.154601498591191, 14.579808839128932, 0.0 ], [ 104.155264419797177, 14.579725850541166, 0.0 ], [ 104.155666131295945, 14.579580083099328, 0.0 ], [ 104.155907490402655, 14.579374364039818, 0.0 ], [ 104.15629732176042, 14.579337119759771, 0.0 ], [ 104.15651696695106, 14.579481950485302, 0.0 ], [ 104.156841184662895, 14.579061863381188, 0.0 ], [ 104.156844855950581, 14.578911772262929, 0.0 ], [ 104.153498696317698, 14.57902183625003, 0.0 ], [ 104.153694857477262, 14.579751757322354, 0.0 ] ] ] ] } },
{ "type": "Feature", "properties": { "Plang": "11", "Rawang": "737", "Rai": 8.0, "NGan": 0.0, "Wa": 8.0, "CardID": "3330500239381", "Name": "นางสงวน รัตพันธ์", "ADD": "38 ถ. ซ. ม.6 บ. ต.ตะเคียนราม อ.ภูสิงห์ จ.ศรีสะเกษ" }, "geometry": { "type": "MultiPolygon", "coordinates": [ [ [ [ 104.156861225646864, 14.578116864286686, 0.0 ], [ 104.156843726698412, 14.578607643841126, 0.0 ], [ 104.157701729388492, 14.578567033506012, 0.0 ], [ 104.157761728023331, 14.578597524963634, 0.0 ], [ 104.157954270877696, 14.578167646864086, 0.0 ], [ 104.1582058325952, 14.578164131850821, 0.0 ], [ 104.158292571069353, 14.577807535823981, 0.0 ], [ 104.157108939993947, 14.577620997897339, 0.0 ], [ 104.156848419244596, 14.577637001830922, 0.0 ], [ 104.156861225646864, 14.578116864286686, 0.0 ] ] ] ] } },
{ "type": "Feature", "properties": { "Plang": "10", "Rawang": "737", "Rai": 13.0, "NGan": 2.0, "Wa": 15.0, "CardID": "3330500237419", "Name": "นายสมล บุตะเคียน", "ADD": "1 ถ. ซ. ม.12 บ. ต.ตะเคียนราม อ.ภูสิงห์ จ.ศรีสะเกษ" }, "geometry": { "type": "MultiPolygon", "coordinates": [ [ [ [ 104.158292571069353, 14.577807535823981, 0.0 ], [ 104.1582058325952, 14.578164131850821, 0.0 ], [ 104.158434510895106, 14.57821465313917, 0.0 ], [ 104.159585932371058, 14.578793301526668, 0.0 ], [ 104.160665553623957, 14.578440793561027, 0.0 ], [ 104.160814188963741, 14.577799439300488, 0.0 ], [ 104.159488679859862, 14.577873664429944, 0.0 ], [ 104.158336783115629, 14.577660570658855, 0.0 ], [ 104.158292571069353, 14.577807535823981, 0.0 ] ] ] ] } },
{ "type": "Feature", "properties": { "Plang": "9", "Rawang": "737", "Rai": 11.0, "NGan": 2.0, "Wa": 81.0, "CardID": "3330500234584", "Name": "นางคำ บุตะเคียน", "ADD": "10 ถ. ซ. ม.9 บ. ต.ตะเคียนราม อ.ภูสิงห์ จ.ศรีสะเกษ" }, "geometry": { "type": "MultiPolygon", "coordinates": [ [ [ [ 104.159585932371058, 14.578793301526668, 0.0 ], [ 104.158434510895106, 14.57821465313917, 0.0 ], [ 104.1582058325952, 14.578164131850821, 0.0 ], [ 104.157954270877696, 14.578167646864086, 0.0 ], [ 104.157761728023331, 14.578597524963634, 0.0 ], [ 104.157735363921759, 14.579184753281519, 0.0 ], [ 104.158290395958829, 14.579248823827152, 0.0 ], [ 104.159259210723206, 14.579292284048419, 0.0 ], [ 104.159251612499006, 14.579318574650788, 0.0 ], [ 104.159580782957164, 14.579379551343205, 0.0 ], [ 104.159585932371058, 14.578793301526668, 0.0 ] ] ] ] } },
{ "type": "Feature", "properties": { "Plang": "8", "Rawang": "737", "Rai": 7.0, "NGan": 2.0, "Wa": 4.0, "CardID": "3330500331814", "Name": "นายดี บุตะเคียน", "ADD": "37 ถ. ซ. ม.9 บ. ต.ตะเคียนราม อ.ภูสิงห์ จ.ศรีสะเกษ" }, "geometry": { "type": "MultiPolygon", "coordinates": [ [ [ [ 104.157991175843833, 14.579628650065192, 0.0 ], [ 104.158000477604801, 14.579653399203979, 0.0 ], [ 104.159063360386838, 14.579803600489187, 0.0 ], [ 104.15924268448839, 14.579998011102838, 0.0 ], [ 104.159964933077518, 14.579636516303029, 0.0 ], [ 104.159580782957164, 14.579379551343205, 0.0 ], [ 104.159251612499006, 14.579318574650788, 0.0 ], [ 104.159259210723206, 14.579292284048419, 0.0 ], [ 104.158290395958829, 14.579248823827152, 0.0 ], [ 104.157735363921759, 14.579184753281519, 0.0 ], [ 104.1577112330733, 14.579577086757908, 0.0 ], [ 104.157991175843833, 14.579628650065192, 0.0 ] ] ] ] } },
{ "type": "Feature", "properties": { "Plang": "7", "Rawang": "737", "Rai": 7.0, "NGan": 0.0, "Wa": 88.0, "CardID": "3330500333221", "Name": "นายมี บุตะเคียน", "ADD": "71 ถ. ซ. ม.6 บ. ต.ตะเคียนราม อ.ภูสิงห์ จ.ศรีสะเกษ" }, "geometry": { "type": "MultiPolygon", "coordinates": [ [ [ [ 104.158732572041558, 14.580627379922468, 0.0 ], [ 104.15924268448839, 14.579998011102838, 0.0 ], [ 104.159063360386838, 14.579803600489187, 0.0 ], [ 104.158000477604801, 14.579653399203979, 0.0 ], [ 104.158031551729536, 14.580603551322502, 0.0 ], [ 104.158539916067042, 14.58082707688096, 0.0 ], [ 104.158732572041558, 14.580627379922468, 0.0 ] ] ] ] } },
{ "type": "Feature", "properties": { "Plang": "3", "Rawang": "737", "Rai": 13.0, "NGan": 0.0, "Wa": 46.0, "CardID": "3330500240967", "Name": "นายคูณ ตะเคียนราม", "ADD": "14 ถ. ซ. ม.6 บ. ต.ตะเคียนราม อ.ภูสิงห์ จ.ศรีสะเกษ" }, "geometry": { "type": "MultiPolygon", "coordinates": [ [ [ [ 104.154923053575288, 14.580811485143638, 0.0 ], [ 104.155175765657575, 14.580874138067475, 0.0 ], [ 104.155383843865479, 14.580808768771782, 0.0 ], [ 104.155945081780629, 14.580188851354013, 0.0 ], [ 104.156303765921194, 14.580362573022887, 0.0 ], [ 104.156308760428985, 14.580398382725804, 0.0 ], [ 104.156440553424062, 14.580416931590433, 0.0 ], [ 104.156482515336933, 14.579653332333152, 0.0 ], [ 104.15651696695106, 14.579481950485302, 0.0 ], [ 104.15629732176042, 14.579337119759771, 0.0 ], [ 104.155907490402655, 14.579374364039818, 0.0 ], [ 104.155666131295945, 14.579580083099328, 0.0 ], [ 104.155264419797177, 14.579725850541166, 0.0 ], [ 104.154601498591191, 14.579808839128932, 0.0 ], [ 104.154699185339339, 14.580448439532606, 0.0 ], [ 104.154832048736594, 14.58074661564712, 0.0 ], [ 104.154923053575288, 14.580811485143638, 0.0 ] ] ] ] } },
{ "type": "Feature", "properties": { "Plang": "6", "Rawang": "737", "Rai": 31.0, "NGan": 0.0, "Wa": 0.0, "CardID": "3330500231046", "Name": "นายช่วย บุตะเคียน", "ADD": "02 ถ. ซ. ม.14 บ. ต.ตะเคียนราม อ.ภูสิงห์ จ.ศรีสะเกษ" }, "geometry": { "type": "MultiPolygon", "coordinates": [ [ [ [ 104.156411654411016, 14.581182555443089, 0.0 ], [ 104.157042702708765, 14.58105773371228, 0.0 ], [ 104.157578235806014, 14.580576299830387, 0.0 ], [ 104.158031551729536, 14.580603551322502, 0.0 ], [ 104.158000477604801, 14.579653399203979, 0.0 ], [ 104.157991175843833, 14.579628650065192, 0.0 ], [ 104.1577112330733, 14.579577086757908, 0.0 ], [ 104.157735363921759, 14.579184753281519, 0.0 ], [ 104.157761728023331, 14.578597524963634, 0.0 ], [ 104.157701729388492, 14.578567033506012, 0.0 ], [ 104.156843726698412, 14.578607643841126, 0.0 ], [ 104.156754312255643, 14.578618815174126, 0.0 ], [ 104.156844855950581, 14.578911772262929, 0.0 ], [ 104.156841184662895, 14.579061863381188, 0.0 ], [ 104.15651696695106, 14.579481950485302, 0.0 ], [ 104.156482515336933, 14.579653332333152, 0.0 ], [ 104.156440553424062, 14.580416931590433, 0.0 ], [ 104.156308760428985, 14.580398382725804, 0.0 ], [ 104.156303765921194, 14.580362573022887, 0.0 ], [ 104.155945081780629, 14.580188851354013, 0.0 ], [ 104.155383843865479, 14.580808768771782, 0.0 ], [ 104.155175765657575, 14.580874138067475, 0.0 ], [ 104.1547212224839, 14.581537564338316, 0.0 ], [ 104.155453648100433, 14.581370580241481, 0.0 ], [ 104.156411654411016, 14.581182555443089, 0.0 ] ] ] ] } },
{ "type": "Feature", "properties": { "Plang": "2", "Rawang": "737", "Rai": 19.0, "NGan": 1.0, "Wa": 59.0, "CardID": "3330500230244", "Name": "นางพา อสิพงษ์", "ADD": "17 ถ. ซ. ม.2 บ.ตะเคียนตะวันตก ต.ตะเคียนราม อ.ภูสิงห์ จ.ศรีสะเกษ" }, "geometry": { "type": "MultiPolygon", "coordinates": [ [ [ [ 104.1547212224839, 14.581537564338316, 0.0 ], [ 104.155175765657575, 14.580874138067475, 0.0 ], [ 104.154923053575288, 14.580811485143638, 0.0 ], [ 104.154832048736594, 14.58074661564712, 0.0 ], [ 104.154699185339339, 14.580448439532606, 0.0 ], [ 104.154601498591191, 14.579808839128932, 0.0 ], [ 104.153694857477262, 14.579751757322354, 0.0 ], [ 104.152723936843529, 14.581255408249939, 0.0 ], [ 104.154258245448489, 14.581434402580427, 0.0 ], [ 104.154683444948162, 14.581590993379379, 0.0 ], [ 104.1547212224839, 14.581537564338316, 0.0 ] ] ] ] } },
{ "type": "Feature", "properties": { "Plang": "1", "Rawang": "737", "Rai": 11.0, "NGan": 1.0, "Wa": 94.0, "CardID": "3330500239969", "Name": "นายริม แก้วสุด", "ADD": "33 ถ. ซ. ม.6 บ. ต.ตะเคียนราม อ.ภูสิงห์ จ.ศรีสะเกษ" }, "geometry": { "type": "MultiPolygon", "coordinates": [ [ [ [ 104.154390996830131, 14.582324704077692, 0.0 ], [ 104.154393120818014, 14.582272238293633, 0.0 ], [ 104.154410755500834, 14.582034455179404, 0.0 ], [ 104.154683444948162, 14.581590993379379, 0.0 ], [ 104.154258245448489, 14.581434402580427, 0.0 ], [ 104.152723936843529, 14.581255408249939, 0.0 ], [ 104.153081798066268, 14.581871778403444, 0.0 ], [ 104.153164239203392, 14.582547348628779, 0.0 ], [ 104.154390996830131, 14.582324704077692, 0.0 ] ] ] ] } },
{ "type": "Feature", "properties": { "Plang": "27", "Rawang": "736", "Rai": 17.0, "NGan": 0.0, "Wa": 91.0, "CardID": "3330500331342", "Name": "นายปิน บุตะเคียน", "ADD": "06 ถ. ซ. ม.9 บ. ต.ตะเคียนราม อ.ภูสิงห์ จ.ศรีสะเกษ" }, "geometry": { "type": "MultiPolygon", "coordinates": [ [ [ [ 104.162537419801438, 14.580538538082109, 0.0 ], [ 104.161880989310475, 14.580403012260065, 0.0 ], [ 104.161250817626041, 14.580348540017942, 0.0 ], [ 104.160659386226669, 14.580399408970347, 0.0 ], [ 104.160679371168229, 14.579870544327749, 0.0 ], [ 104.159513923856849, 14.580234714963938, 0.0 ], [ 104.159082440963417, 14.580716585388213, 0.0 ], [ 104.158379291067533, 14.581229107310932, 0.0 ], [ 104.158566269551926, 14.581598900081522, 0.0 ], [ 104.158736556713961, 14.581697439421252, 0.0 ], [ 104.159003111946092, 14.581509018143867, 0.0 ], [ 104.159614161658681, 14.581247642931309, 0.0 ], [ 104.160020252878823, 14.580938758696835, 0.0 ], [ 104.160155954643926, 14.580881815505521, 0.0 ], [ 104.16061177839174, 14.580800393667174, 0.0 ], [ 104.161045542734854, 14.580722911315142, 0.0 ], [ 104.161028345245967, 14.580650786446325, 0.0 ], [ 104.161618960383805, 14.580555778280015, 0.0 ], [ 104.16184395634933, 14.580553655052649, 0.0 ], [ 104.161936102629639, 14.580609616500043, 0.0 ], [ 104.162438100545913, 14.580696862742178, 0.0 ], [ 104.162537419801438, 14.580538538082109, 0.0 ] ] ] ] } },
{ "type": "Feature", "properties": { "Plang": "25", "Rawang": "736", "Rai": 9.0, "NGan": 2.0, "Wa": 14.0, "CardID": "3330500235181", "Name": "นางไสว ตะเคียนเกลี้ยง", "ADD": "20 ถ. ซ. ม.9 บ.พยอม ต.ตะเคียนราม อ.ภูสิงห์ จ.ศรีสะเกษ" }, "geometry": { "type": "MultiPolygon", "coordinates": [ [ [ [ 104.16114388533552, 14.582590472737895, 0.0 ], [ 104.16115282598301, 14.582480863026063, 0.0 ], [ 104.161153223160696, 14.582475993740799, 0.0 ], [ 104.161105476635669, 14.582081421794637, 0.0 ], [ 104.161028852955596, 14.581927395600644, 0.0 ], [ 104.160845933624827, 14.58170950596825, 0.0 ], [ 104.160855083805913, 14.581619571889648, 0.0 ], [ 104.160769925586081, 14.581279341901364, 0.0 ], [ 104.160675299357564, 14.581289176363301, 0.0 ], [ 104.160151972815029, 14.581343564746588, 0.0 ], [ 104.159857860158496, 14.581490895295454, 0.0 ], [ 104.159190903582356, 14.581930047514351, 0.0 ], [ 104.15941180545201, 14.582042309827358, 0.0 ], [ 104.159599804687332, 14.582261844656424, 0.0 ], [ 104.159615364966399, 14.582452674924337, 0.0 ], [ 104.159773814852088, 14.582850256638187, 0.0 ], [ 104.1598347450944, 14.582843655203636, 0.0 ], [ 104.16114388533552, 14.582590472737895, 0.0 ] ] ] ] } },
{ "type": "Feature", "properties": { "Plang": "28", "Rawang": "736", "Rai": 9.0, "NGan": 2.0, "Wa": 45.0, "CardID": "3330500234665", "Name": "นายเย็น บุตะเคียน", "ADD": "10 ถ. ซ. ม.9 บ. ต.ตะเคียนราม อ.ขุขันธ์ จ.ศรีสะเกษ" }, "geometry": { "type": "MultiPolygon", "coordinates": [ [ [ [ 104.160697383385298, 14.57966479052458, 0.0 ], [ 104.160679371168229, 14.579870544327749, 0.0 ], [ 104.160659386226669, 14.580399408970347, 0.0 ], [ 104.161250817626041, 14.580348540017942, 0.0 ], [ 104.161880989310475, 14.580403012260065, 0.0 ], [ 104.162537419801438, 14.580538538082109, 0.0 ], [ 104.162796677299511, 14.579862764986931, 0.0 ], [ 104.16087249784286, 14.579681305470132, 0.0 ], [ 104.160697383385298, 14.57966479052458, 0.0 ] ] ] ] } },
{ "type": "Feature", "properties": { "Plang": "31", "Rawang": "736", "Rai": 3.0, "NGan": 0.0, "Wa": 68.0, "CardID": "3330500237613", "Name": "นายพล บุตะเคียน", "ADD": "71 ถ. ซ. ม.12 บ.ห้วยยาง ต.ตะเคียนราม อ.ภูสิงห์ จ.ศรีสะเกษ" }, "geometry": { "type": "MultiPolygon", "coordinates": [ [ [ [ 104.163244637299698, 14.579211228746724, 0.0 ], [ 104.163081915913324, 14.579224775274316, 0.0 ], [ 104.162859160543263, 14.579882745797851, 0.0 ], [ 104.163511458569701, 14.579980313006503, 0.0 ], [ 104.16390915400595, 14.579969071271737, 0.0 ], [ 104.163244637299698, 14.579211228746724, 0.0 ] ] ] ] } },
{ "type": "Feature", "properties": { "Plang": "30", "Rawang": "736", "Rai": 5.0, "NGan": 3.0, "Wa": 97.0, "CardID": "3330500331814", "Name": "นายดี บุตะเคียน", "ADD": "37 ถ. ซ. ม.9 บ. ต.ตะเคียนราม อ.ภูสิงห์ จ.ศรีสะเกษ" }, "geometry": { "type": "MultiPolygon", "coordinates": [ [ [ [ 104.162642010791487, 14.580434775080503, 0.0 ], [ 104.164518039405806, 14.580591300717325, 0.0 ], [ 104.16390915400595, 14.579969071271737, 0.0 ], [ 104.163511458569701, 14.579980313006503, 0.0 ], [ 104.162859160543263, 14.579882745797851, 0.0 ], [ 104.162642010791487, 14.580434775080503, 0.0 ] ] ] ] } },
{ "type": "Feature", "properties": { "Plang": "29", "Rawang": "736", "Rai": 8.0, "NGan": 2.0, "Wa": 58.0, "CardID": "3330500333221", "Name": "นายมี บุตะเคียน", "ADD": "71 ถ. ซ. ม.6 บ. ต.ตะเคียนราม อ.ภูสิงห์ จ.ศรีสะเกษ" }, "geometry": { "type": "MultiPolygon", "coordinates": [ [ [ [ 104.164518039405806, 14.580591300717325, 0.0 ], [ 104.162642010791487, 14.580434775080503, 0.0 ], [ 104.162452857540401, 14.581023940757607, 0.0 ], [ 104.163238953959166, 14.581037771978259, 0.0 ], [ 104.163422622159274, 14.581057739411781, 0.0 ], [ 104.163702855492616, 14.581105228459913, 0.0 ], [ 104.164746525971353, 14.581097011595357, 0.0 ], [ 104.164518039405806, 14.580591300717325, 0.0 ] ] ] ] } },
{ "type": "Feature", "properties": { "Plang": "10", "Rawang": "736", "Rai": 8.0, "NGan": 2.0, "Wa": 80.0, "CardID": "3330500237419", "Name": "นายสมล บุตะเคียน", "ADD": "1 ถ. ซ. ม.12 บ. ต.ตะเคียนราม อ.ภูสิงห์ จ.ศรีสะเกษ" }, "geometry": { "type": "MultiPolygon", "coordinates": [ [ [ [ 104.165126828251559, 14.581758911596038, 0.0 ], [ 104.164746525971353, 14.581097011595357, 0.0 ], [ 104.163702855492616, 14.581105228459913, 0.0 ], [ 104.163422622159274, 14.581057739411781, 0.0 ], [ 104.163338613695402, 14.581911812060667, 0.0 ], [ 104.164579024122972, 14.581853548872136, 0.0 ], [ 104.165126828251559, 14.581758911596038, 0.0 ] ] ] ] } },
{ "type": "Feature", "properties": { "Plang": "23", "Rawang": "736", "Rai": 9.0, "NGan": 3.0, "Wa": 95.0, "CardID": "3330500239551", "Name": "นายดำ ธรรมพร", "ADD": "41 ถ. ซ. ม.6 บ. ต.ห้วยตึ๊กชู อ.ภูสิงห์ จ.ศรีสะเกษ" }, "geometry": { "type": "MultiPolygon", "coordinates": [ [ [ [ 104.163338613695402, 14.581911812060667, 0.0 ], [ 104.163422622159274, 14.581057739411781, 0.0 ], [ 104.163238953959166, 14.581037771978259, 0.0 ], [ 104.162452857540401, 14.581023940757607, 0.0 ], [ 104.16208132402835, 14.582145594818314, 0.0 ], [ 104.162260247908776, 14.582328764604144, 0.0 ], [ 104.163362759891228, 14.582170697004228, 0.0 ], [ 104.163338613695402, 14.581911812060667, 0.0 ] ] ] ] } },
{ "type": "Feature", "properties": { "Plang": "11", "Rawang": "736", "Rai": 4.0, "NGan": 0.0, "Wa": 34.0, "CardID": "3330500332039", "Name": "นายกลิ่น บุตะเคียน", "ADD": "33 ถ. ซ. ม.9 บ. ต.ตะเคียนราม อ.ภูสิงห์ จ.ศรีสะเกษ" }, "geometry": { "type": "MultiPolygon", "coordinates": [ [ [ [ 104.164579024122972, 14.581853548872136, 0.0 ], [ 104.163338613695402, 14.581911812060667, 0.0 ], [ 104.163362759891228, 14.582170697004228, 0.0 ], [ 104.163399354640134, 14.582342331011604, 0.0 ], [ 104.164704168182567, 14.582289239740655, 0.0 ], [ 104.164579024122972, 14.581853548872136, 0.0 ] ] ] ] } },
{ "type": "Feature", "properties": { "Plang": "24", "Rawang": "736", "Rai": 6.0, "NGan": 3.0, "Wa": 13.0, "CardID": "3330500238342", "Name": "นายบุญส่ง บุตะเคียน", "ADD": "49 ถ. ซ. ม.9 บ.พยอม ต.ตะเคียนราม อ.ภูสิงห์ จ.ศรีสะเกษ" }, "geometry": { "type": "MultiPolygon", "coordinates": [ [ [ [ 104.162025010598725, 14.582139333020658, 0.0 ], [ 104.16225857835866, 14.581318469653542, 0.0 ], [ 104.160769925586081, 14.581279341901364, 0.0 ], [ 104.160855083805913, 14.581619571889648, 0.0 ], [ 104.160845933624827, 14.58170950596825, 0.0 ], [ 104.161028852955596, 14.581927395600644, 0.0 ], [ 104.162025010598725, 14.582139333020658, 0.0 ] ] ] ] } },
{ "type": "Feature", "properties": { "Plang": "21", "Rawang": "736", "Rai": 3.0, "NGan": 3.0, "Wa": 20.0, "CardID": "3330500235181", "Name": "นางไสว ตะเคียนเกลี้ยง", "ADD": "20 ถ. ซ. ม.9 บ.พยอม ต.ตะเคียนราม อ.ภูสิงห์ จ.ศรีสะเกษ" }, "geometry": { "type": "MultiPolygon", "coordinates": [ [ [ [ 104.161028852955596, 14.581927395600644, 0.0 ], [ 104.161105476635669, 14.582081421794637, 0.0 ], [ 104.161153223160696, 14.582475993740799, 0.0 ], [ 104.16115282598301, 14.582480863026063, 0.0 ], [ 104.162433007487067, 14.582612344625597, 0.0 ], [ 104.162074208524189, 14.582230688182866, 0.0 ], [ 104.162025010598725, 14.582139333020658, 0.0 ], [ 104.161028852955596, 14.581927395600644, 0.0 ] ] ] ] } },
{ "type": "Feature", "properties": { "Plang": "19", "Rawang": "736", "Rai": 8.0, "NGan": 3.0, "Wa": 19.0, "CardID": "3330500235181", "Name": "นางไสว ตะเคียนเกลี้ยง", "ADD": "20 ถ. ซ. ม.9 บ.พยอม ต.ตะเคียนราม อ.ภูสิงห์ จ.ศรีสะเกษ" }, "geometry": { "type": "MultiPolygon", "coordinates": [ [ [ [ 104.16114388533552, 14.582590472737895, 0.0 ], [ 104.1598347450944, 14.582843655203636, 0.0 ], [ 104.160280169228713, 14.583429987602814, 0.0 ], [ 104.160302055714297, 14.583458727711823, 0.0 ], [ 104.161208983028118, 14.584355085671087, 0.0 ], [ 104.161151691889629, 14.583740859172394, 0.0 ], [ 104.161112499727764, 14.583366906915497, 0.0 ], [ 104.160990577524174, 14.582986054370698, 0.0 ], [ 104.16114388533552, 14.582590472737895, 0.0 ] ] ] ] } },
{ "type": "Feature", "properties": { "Plang": "16", "Rawang": "736", "Rai": 3.0, "NGan": 3.0, "Wa": 99.0, "CardID": "3330500332667", "Name": "นายฤทธิ์ บุตะเคียน", "ADD": "35 ถ. ซ. ม.9 บ. ต.ตะเคียนราม อ.ภูสิงห์ จ.ศรีสะเกษ" }, "geometry": { "type": "MultiPolygon", "coordinates": [ [ [ [ 104.163366551872642, 14.583350510706319, 0.0 ], [ 104.16333406883453, 14.583561487881481, 0.0 ], [ 104.163408039532172, 14.583643007592251, 0.0 ], [ 104.164070592483995, 14.584072491640061, 0.0 ], [ 104.164607707493332, 14.584261065958906, 0.0 ], [ 104.164797619984739, 14.584320328279722, 0.0 ], [ 104.164810447581402, 14.58394944981114, 0.0 ], [ 104.163366551872642, 14.583350510706319, 0.0 ] ] ] ] } },
{ "type": "Feature", "properties": { "Plang": "15", "Rawang": "736", "Rai": 3.0, "NGan": 0.0, "Wa": 29.0, "CardID": "3330500236552", "Name": "นางสาวทวน บุตะเคียน", "ADD": "36/1 ถ. ซ. ม.9 บ.พยอม ต.ตะเคียนราม อ.ภูสิงห์ จ.ศรีสะเกษ" }, "geometry": { "type": "MultiPolygon", "coordinates": [ [ [ [ 104.164810447581402, 14.58394944981114, 0.0 ], [ 104.164827904344392, 14.583587233040644, 0.0 ], [ 104.163410560161793, 14.583155323365498, 0.0 ], [ 104.163366551872642, 14.583350510706319, 0.0 ], [ 104.164810447581402, 14.58394944981114, 0.0 ] ] ] ] } },
{ "type": "Feature", "properties": { "Plang": "14", "Rawang": "736", "Rai": 3.0, "NGan": 0.0, "Wa": 5.0, "CardID": "3330500236544", "Name": "นายบุญเยือน บุตะเคียน", "ADD": "39 ถ. ซ. ม.9 บ.พยอม ต.ตะเคียนราม อ.ภูสิงห์ จ.ศรีสะเกษ" }, "geometry": { "type": "MultiPolygon", "coordinates": [ [ [ [ 104.164838289726461, 14.583482039355699, 0.0 ], [ 104.164868056141287, 14.583232927394095, 0.0 ], [ 104.163459187715645, 14.582951306974827, 0.0 ], [ 104.163410560161793, 14.583155323365498, 0.0 ], [ 104.164827904344392, 14.583587233040644, 0.0 ], [ 104.164838289726461, 14.583482039355699, 0.0 ] ] ] ] } },
{ "type": "Feature", "properties": { "Plang": "13", "Rawang": "736", "Rai": 3.0, "NGan": 3.0, "Wa": 79.0, "CardID": "3330500236609", "Name": "นางสาวนรีรัตน์ บุตะเคียน", "ADD": "36 ถ. ซ. ม.9 บ.พยอม ต.ตะเคียนราม อ.ภูสิงห์ จ.ศรีสะเกษ" }, "geometry": { "type": "MultiPolygon", "coordinates": [ [ [ [ 104.164783741095377, 14.582687042661602, 0.0 ], [ 104.163470311104675, 14.582714856657541, 0.0 ], [ 104.163459187715645, 14.582951306974827, 0.0 ], [ 104.164868056141287, 14.583232927394095, 0.0 ], [ 104.164783741095377, 14.582687042661602, 0.0 ] ] ] ] } },
{ "type": "Feature", "properties": { "Plang": "12", "Rawang": "736", "Rai": 3.0, "NGan": 2.0, "Wa": 97.0, "CardID": "3330500235009", "Name": "นายสุข บุตะเคียน", "ADD": "18 ถ. ซ. ม.9 บ. ต.ตะเคียนราม อ.ภูสิงห์ จ.ศรีสะเกษ" }, "geometry": { "type": "MultiPolygon", "coordinates": [ [ [ [ 104.163399354640134, 14.582342331011604, 0.0 ], [ 104.163470311104675, 14.582714856657541, 0.0 ], [ 104.164783741095377, 14.582687042661602, 0.0 ], [ 104.164766409200624, 14.582533924981353, 0.0 ], [ 104.164704168182567, 14.582289239740655, 0.0 ], [ 104.163399354640134, 14.582342331011604, 0.0 ] ] ] ] } },
{ "type": "Feature", "properties": { "Plang": "8", "Rawang": "736", "Rai": 4.0, "NGan": 3.0, "Wa": 90.0, "CardID": "3330500232671", "Name": "นางจันสวาท ตะเคียนเกลี้ยง", "ADD": "8 ถ. ซ. ม.6 บ. ต.ตะเคียนราม อ.ภูสิงห์ จ.ศรีสะเกษ" }, "geometry": { "type": "MultiPolygon", "coordinates": [ [ [ [ 104.16616333162338, 14.583915240088286, 0.0 ], [ 104.16610582401529, 14.58335882028428, 0.0 ], [ 104.164838289726461, 14.583482039355699, 0.0 ], [ 104.164827904344392, 14.583587233040644, 0.0 ], [ 104.164810447581402, 14.58394944981114, 0.0 ], [ 104.16616333162338, 14.583915240088286, 0.0 ] ] ] ] } },
{ "type": "Feature", "properties": { "Plang": "9", "Rawang": "736", "Rai": 11.0, "NGan": 1.0, "Wa": 16.0, "CardID": "3330500236838", "Name": "นายพรหม บุตะเคียน", "ADD": "2 ถ. ซ. ม.12 บ. ต.ตะเคียนราม อ.ภูสิงห์ จ.ศรีสะเกษ" }, "geometry": { "type": "MultiPolygon", "coordinates": [ [ [ [ 104.164579024122972, 14.581853548872136, 0.0 ], [ 104.164704168182567, 14.582289239740655, 0.0 ], [ 104.164766409200624, 14.582533924981353, 0.0 ], [ 104.164783741095377, 14.582687042661602, 0.0 ], [ 104.164868056141287, 14.583232927394095, 0.0 ], [ 104.164838289726461, 14.583482039355699, 0.0 ], [ 104.16610582401529, 14.58335882028428, 0.0 ], [ 104.165907094472487, 14.582822152035167, 0.0 ], [ 104.165126828251559, 14.581758911596038, 0.0 ], [ 104.164579024122972, 14.581853548872136, 0.0 ] ] ] ] } },
{ "type": "Feature", "properties": { "Plang": "22", "Rawang": "736", "Rai": 7.0, "NGan": 3.0, "Wa": 31.0, "CardID": "5330500020301", "Name": "นางสาวปริต บุตะเคียน", "ADD": "39 ถ. ซ. ม.12 บ.ห้วยยาง ต.ตะเคียนราม อ.ภูสิงห์ จ.ศรีสะเกษ" }, "geometry": { "type": "MultiPolygon", "coordinates": [ [ [ [ 104.163362759891228, 14.582170697004228, 0.0 ], [ 104.162260247908776, 14.582328764604144, 0.0 ], [ 104.162471642744094, 14.582598845560604, 0.0 ], [ 104.162539073665769, 14.582806143452279, 0.0 ], [ 104.16248483471098, 14.583095641285563, 0.0 ], [ 104.16333406883453, 14.583561487881481, 0.0 ], [ 104.163366551872642, 14.583350510706319, 0.0 ], [ 104.163410560161793, 14.583155323365498, 0.0 ], [ 104.163459187715645, 14.582951306974827, 0.0 ], [ 104.163470311104675, 14.582714856657541, 0.0 ], [ 104.163399354640134, 14.582342331011604, 0.0 ], [ 104.163362759891228, 14.582170697004228, 0.0 ] ] ] ] } },
{ "type": "Feature", "properties": { "Plang": "20", "Rawang": "736", "Rai": 5.0, "NGan": 1.0, "Wa": 61.0, "CardID": "3330500331253", "Name": "นางสวิน บุญขาว", "ADD": "21/1 ถ. ซ. ม.9 บ. ต.ตะเคียนราม อ.ภูสิงห์ จ.ศรีสะเกษ" }, "geometry": { "type": "MultiPolygon", "coordinates": [ [ [ [ 104.16114388533552, 14.582590472737895, 0.0 ], [ 104.160990577524174, 14.582986054370698, 0.0 ], [ 104.162420673684778, 14.583156584234652, 0.0 ], [ 104.162501275003478, 14.582810413509522, 0.0 ], [ 104.162433007487067, 14.582612344625597, 0.0 ], [ 104.16115282598301, 14.582480863026063, 0.0 ], [ 104.16114388533552, 14.582590472737895, 0.0 ] ] ] ] } },
{ "type": "Feature", "properties": { "Plang": "18", "Rawang": "736", "Rai": 6.0, "NGan": 2.0, "Wa": 78.0, "CardID": "3330500234878", "Name": "นางสุวงค์ ปรือปรัง", "ADD": "7 ถ. ซ. ม.9 บ.พยอม ต.ตะเคียนราม อ.ภูสิงห์ จ.ศรีสะเกษ" }, "geometry": { "type": "MultiPolygon", "coordinates": [ [ [ [ 104.161520369043131, 14.583790983924604, 0.0 ], [ 104.162137394686738, 14.583783929744257, 0.0 ], [ 104.162363783945082, 14.583732453906565, 0.0 ], [ 104.162420673684778, 14.583156584234652, 0.0 ], [ 104.160990577524174, 14.582986054370698, 0.0 ], [ 104.161112499727764, 14.583366906915497, 0.0 ], [ 104.161151691889629, 14.583740859172394, 0.0 ], [ 104.161520369043131, 14.583790983924604, 0.0 ] ] ] ] } },
{ "type": "Feature", "properties": { "Plang": "17", "Rawang": "736", "Rai": 4.0, "NGan": 2.0, "Wa": 90.0, "CardID": "3330500236021", "Name": "นางสมิต บุตะเคียน", "ADD": "9 ถ. ซ. ม.9 บ. ต.ตะเคียนราม อ.ภูสิงห์ จ.ศรีสะเกษ" }, "geometry": { "type": "MultiPolygon", "coordinates": [ [ [ [ 104.163408039532172, 14.583643007592251, 0.0 ], [ 104.16333406883453, 14.583561487881481, 0.0 ], [ 104.16248483471098, 14.583095641285563, 0.0 ], [ 104.162390142023355, 14.583807871343666, 0.0 ], [ 104.163294556589207, 14.584189083089212, 0.0 ], [ 104.163408039532172, 14.583643007592251, 0.0 ] ] ] ] } },
{ "type": "Feature", "properties": { "Plang": "1", "Rawang": "736", "Rai": 4.0, "NGan": 3.0, "Wa": 61.0, "CardID": "0000000000000", "Name": "นายลม บุตะเคียน", "ADD": "17 ถ. ซ. ม.9 บ. ต.ตะเคียนราม อ.ขุขันธ์ จ.ศรีสะเกษ" }, "geometry": { "type": "MultiPolygon", "coordinates": [ [ [ [ 104.161208983028118, 14.584355085671087, 0.0 ], [ 104.161571337702824, 14.584589876315633, 0.0 ], [ 104.162022266987108, 14.584539079393872, 0.0 ], [ 104.162137394686738, 14.583783929744257, 0.0 ], [ 104.161520369043131, 14.583790983924604, 0.0 ], [ 104.161151691889629, 14.583740859172394, 0.0 ], [ 104.161208983028118, 14.584355085671087, 0.0 ] ] ] ] } },
{ "type": "Feature", "properties": { "Plang": "2", "Rawang": "736", "Rai": 5.0, "NGan": 3.0, "Wa": 52.0, "CardID": "3330500331571", "Name": "นางเสวียน บุตะเคียน", "ADD": "55 ถ. ซ. ม.9 บ.หนองม่วง ต.ตะเคียนราม อ.ภูสิงห์ จ.ศรีสะเกษ" }, "geometry": { "type": "MultiPolygon", "coordinates": [ [ [ [ 104.163294556589207, 14.584189083089212, 0.0 ], [ 104.162390142023355, 14.583807871343666, 0.0 ], [ 104.162159506218231, 14.583892624137768, 0.0 ], [ 104.162067348394686, 14.584639910865766, 0.0 ], [ 104.161622519710235, 14.584704711390094, 0.0 ], [ 104.162030173556815, 14.585021465428017, 0.0 ], [ 104.16310175498721, 14.585578914696594, 0.0 ], [ 104.163203114678424, 14.584441290072673, 0.0 ], [ 104.163294556589207, 14.584189083089212, 0.0 ] ] ] ] } },
{ "type": "Feature", "properties": { "Plang": "7", "Rawang": "736", "Rai": 12.0, "NGan": 2.0, "Wa": 21.0, "CardID": "3330500227642", "Name": "นางโป๊ว บุตะเคียน", "ADD": "20 ถ. ซ. ม.12 บ. ต.ตะเคียนราม อ.ภูสิงห์ จ.ศรีสะเกษ" }, "geometry": { "type": "MultiPolygon", "coordinates": [ [ [ [ 104.166162359527235, 14.585367711674097, 0.0 ], [ 104.16616333162338, 14.583915240088286, 0.0 ], [ 104.164810447581402, 14.58394944981114, 0.0 ], [ 104.164797619984739, 14.584320328279722, 0.0 ], [ 104.164607707493332, 14.584261065958906, 0.0 ], [ 104.164604925507291, 14.584426921670731, 0.0 ], [ 104.164703331436939, 14.584794351934789, 0.0 ], [ 104.165233596247475, 14.584860919334194, 0.0 ], [ 104.165350990917176, 14.585068215716287, 0.0 ], [ 104.165356871658972, 14.585234162804092, 0.0 ], [ 104.166162359527235, 14.585367711674097, 0.0 ] ] ] ] } },
{ "type": "Feature", "properties": { "Plang": "4", "Rawang": "736", "Rai": 2.0, "NGan": 2.0, "Wa": 23.0, "CardID": "3330500236137", "Name": "นางสังวอน แพงมาก", "ADD": "77 ถ. ซ. ม.12 บ. ต.ตะเคียนราม อ.ภูสิงห์ จ.ศรีสะเกษ" }, "geometry": { "type": "MultiPolygon", "coordinates": [ [ [ [ 104.164085202197668, 14.584780148649376, 0.0 ], [ 104.164703331436939, 14.584794351934789, 0.0 ], [ 104.164604925507291, 14.584426921670731, 0.0 ], [ 104.164607707493332, 14.584261065958906, 0.0 ], [ 104.164070592483995, 14.584072491640061, 0.0 ], [ 104.164085202197668, 14.584780148649376, 0.0 ] ] ] ] } },
{ "type": "Feature", "properties": { "Plang": "5", "Rawang": "736", "Rai": 3.0, "NGan": 0.0, "Wa": 98.0, "CardID": "5330500020289", "Name": "นางแปะ บุตะเคียน", "ADD": "26 ถ. ซ. ม.12 บ. ต.ตะเคียนราม อ.ขุขันธ์ จ.ศรีสะเกษ" }, "geometry": { "type": "MultiPolygon", "coordinates": [ [ [ [ 104.164085202197668, 14.584780148649376, 0.0 ], [ 104.164131433828274, 14.585231503952292, 0.0 ], [ 104.164627722004099, 14.585116103598754, 0.0 ], [ 104.164823267476763, 14.585136954187417, 0.0 ], [ 104.164979612717445, 14.585193911757434, 0.0 ], [ 104.165356871658972, 14.585234162804092, 0.0 ], [ 104.165350990917176, 14.585068215716287, 0.0 ], [ 104.165233596247475, 14.584860919334194, 0.0 ], [ 104.164703331436939, 14.584794351934789, 0.0 ], [ 104.164085202197668, 14.584780148649376, 0.0 ] ] ] ] } },
{ "type": "Feature", "properties": { "Plang": "3", "Rawang": "736", "Rai": 12.0, "NGan": 2.0, "Wa": 96.0, "CardID": "3330500331211", "Name": "นางสาวทองพันธ์ จันทสุทธิ์", "ADD": "15 ถ. ซ. ม.9 บ. ต.ตะเคียนราม อ.ขุขันธ์ จ.ศรีสะเกษ" }, "geometry": { "type": "MultiPolygon", "coordinates": [ [ [ [ 104.164131433828274, 14.585231503952292, 0.0 ], [ 104.164085202197668, 14.584780148649376, 0.0 ], [ 104.164070592483995, 14.584072491640061, 0.0 ], [ 104.163408039532172, 14.583643007592251, 0.0 ], [ 104.163294556589207, 14.584189083089212, 0.0 ], [ 104.163203114678424, 14.584441290072673, 0.0 ], [ 104.16310175498721, 14.585578914696594, 0.0 ], [ 104.163338661321532, 14.585863807054004, 0.0 ], [ 104.163872623614026, 14.585709504263578, 0.0 ], [ 104.164164731977024, 14.58569240011729, 0.0 ], [ 104.164131433828274, 14.585231503952292, 0.0 ] ] ] ] } },
{ "type": "Feature", "properties": { "Plang": "6", "Rawang": "736", "Rai": 3.0, "NGan": 2.0, "Wa": 88.0, "CardID": "3330500333388", "Name": "นายลิน บุญขาว", "ADD": "14 ถ. ซ. ม.12 บ. ต.ตะเคียนราม อ.ภูสิงห์ จ.ศรีสะเกษ" }, "geometry": { "type": "MultiPolygon", "coordinates": [ [ [ [ 104.166162359527235, 14.585367711674097, 0.0 ], [ 104.165356871658972, 14.585234162804092, 0.0 ], [ 104.164979612717445, 14.585193911757434, 0.0 ], [ 104.164823267476763, 14.585136954187417, 0.0 ], [ 104.164833547933213, 14.58533476874581, 0.0 ], [ 104.164879417618593, 14.585564834137484, 0.0 ], [ 104.165573226083126, 14.585675242918054, 0.0 ], [ 104.166174194063515, 14.585735842447543, 0.0 ], [ 104.166162359527235, 14.585367711674097, 0.0 ] ] ] ] } },
{ "type": "Feature", "properties": { "Plang": "33", "Rawang": "745", "Rai": 19.0, "NGan": 3.0, "Wa": 36.0, "CardID": "3330500331555", "Name": "นายสว่าง บุญขาว", "ADD": "01 ถ. ซ. ม.9 บ. ต.ตะเคียนราม อ.ภูสิงห์ จ.ศรีสะเกษ" }, "geometry": { "type": "MultiPolygon", "coordinates": [ [ [ [ 104.164499431908595, 14.575966700064715, 0.0 ], [ 104.164495868592169, 14.573971902955574, 0.0 ], [ 104.163596556905091, 14.573888529707247, 0.0 ], [ 104.163215450979266, 14.573886147777429, 0.0 ], [ 104.163219614474343, 14.57380904462312, 0.0 ], [ 104.163086338737983, 14.574079926359957, 0.0 ], [ 104.162769816268948, 14.574289615900849, 0.0 ], [ 104.162782808259578, 14.57447560925157, 0.0 ], [ 104.162838040979352, 14.574648258382313, 0.0 ], [ 104.162886908512107, 14.574800985260955, 0.0 ], [ 104.162982692679179, 14.574981163510444, 0.0 ], [ 104.163089307103832, 14.574983117732375, 0.0 ], [ 104.162969148097744, 14.575275851610449, 0.0 ], [ 104.163137875041301, 14.575346527287994, 0.0 ], [ 104.163307924869684, 14.575453736237995, 0.0 ], [ 104.163331314479834, 14.575468460737802, 0.0 ], [ 104.163690186304152, 14.575694434357487, 0.0 ], [ 104.164132165132813, 14.575794154699754, 0.0 ], [ 104.164499431908595, 14.575966700064715, 0.0 ] ] ] ] } },
{ "type": "Feature", "properties": { "Plang": "9", "Rawang": "745", "Rai": 4.0, "NGan": 2.0, "Wa": 39.0, "CardID": "3330500236889", "Name": "นางรัศมี บุตะเคียน", "ADD": "25 ถ. ซ. ม.12 บ. ต.ตะเคียนราม อ.ภูสิงห์ จ.ศรีสะเกษ" }, "geometry": { "type": "MultiPolygon", "coordinates": [ [ [ [ 104.165127315094281, 14.577133916464328, 0.0 ], [ 104.166074616814981, 14.576988191827629, 0.0 ], [ 104.166411892838155, 14.57689358172899, 0.0 ], [ 104.166571561227016, 14.57678849537556, 0.0 ], [ 104.166581798263223, 14.576763168194711, 0.0 ], [ 104.165836139748194, 14.576661046382121, 0.0 ], [ 104.16557226262897, 14.57658623176088, 0.0 ], [ 104.164648554138239, 14.576652160141522, 0.0 ], [ 104.165127315094281, 14.577133916464328, 0.0 ] ] ] ] } },
{ "type": "Feature", "properties": { "Plang": "34", "Rawang": "745", "Rai": 13.0, "NGan": 1.0, "Wa": 74.0, "CardID": "3330500331601", "Name": "นายเจริญพงษ์ บุญขาว", "ADD": "79 ถ. ซ. ม.9 บ. ต.ตะเคียนราม อ.ภูสิงห์ จ.ศรีสะเกษ" }, "geometry": { "type": "MultiPolygon", "coordinates": [ [ [ [ 104.165562214747851, 14.573840578906227, 0.0 ], [ 104.165411043779983, 14.573819750601569, 0.0 ], [ 104.165335192561599, 14.574031395992179, 0.0 ], [ 104.164537408355102, 14.574019254467864, 0.0 ], [ 104.164605170612631, 14.575905319651115, 0.0 ], [ 104.164678268628606, 14.575820110553607, 0.0 ], [ 104.165476446170487, 14.575755848930074, 0.0 ], [ 104.165812003643865, 14.574878694043086, 0.0 ], [ 104.165446354486761, 14.574752169046258, 0.0 ], [ 104.165444828533055, 14.574227243549693, 0.0 ], [ 104.165552056219838, 14.574140392308376, 0.0 ], [ 104.165562214747851, 14.573840578906227, 0.0 ] ] ] ] } },
{ "type": "Feature", "properties": { "Plang": "26", "Rawang": "745", "Rai": 1.0, "NGan": 3.0, "Wa": 85.0, "CardID": "3330500331342", "Name": "นายปิน บุตะเคียน", "ADD": "06 ถ. ซ. ม.9 บ. ต.ตะเคียนราม อ.ภูสิงห์ จ.ศรีสะเกษ" }, "geometry": { "type": "MultiPolygon", "coordinates": [ [ [ [ 104.167272693127018, 14.576648176216853, 0.0 ], [ 104.167359220996687, 14.576153886806507, 0.0 ], [ 104.166930351157887, 14.576201106122374, 0.0 ], [ 104.166687217043929, 14.576196202737378, 0.0 ], [ 104.166625125969688, 14.576524883673706, 0.0 ], [ 104.167272693127018, 14.576648176216853, 0.0 ] ] ] ] } },
{ "type": "Feature", "properties": { "Plang": "35", "Rawang": "745", "Rai": 13.0, "NGan": 0.0, "Wa": 29.0, "CardID": "3330500227880", "Name": "นายสมบัติ บุญขาว", "ADD": "17 ถ. ซ. ม.12 บ.ตะเคียนรามตะวัน ต.ตะเคียนราม อ.ภูสิงห์ จ.ศรีสะเกษ" }, "geometry": { "type": "MultiPolygon", "coordinates": [ [ [ [ 104.166684787386657, 14.575752179083027, 0.0 ], [ 104.166723602426288, 14.575217086200846, 0.0 ], [ 104.166706094718208, 14.574596563081236, 0.0 ], [ 104.166632929361867, 14.574205941917967, 0.0 ], [ 104.165552056219838, 14.574140392308376, 0.0 ], [ 104.165444828533055, 14.574227243549693, 0.0 ], [ 104.165446354486761, 14.574752169046258, 0.0 ], [ 104.165812003643865, 14.574878694043086, 0.0 ], [ 104.165476446170487, 14.575755848930074, 0.0 ], [ 104.166684787386657, 14.575752179083027, 0.0 ] ] ] ] } },
{ "type": "Feature", "properties": { "Plang": "40", "Rawang": "745", "Rai": 8.0, "NGan": 2.0, "Wa": 84.0, "CardID": "0000000000000", "Name": "นางเขียน บุตะเคียน", "ADD": "74 ถ. ซ. ม.2 บ.ตะเคียนรามตะวัน ต.ตะเคียนราม อ.ขุขันธ์ จ.ศรีสะเกษ" }, "geometry": { "type": "MultiPolygon", "coordinates": [ [ [ [ 104.167876838997827, 14.574115613940277, 0.0 ], [ 104.167118290996484, 14.574157901945771, 0.0 ], [ 104.166889516676861, 14.574164851525008, 0.0 ], [ 104.166632929361867, 14.574205941917967, 0.0 ], [ 104.166706094718208, 14.574596563081236, 0.0 ], [ 104.166723602426288, 14.575217086200846, 0.0 ], [ 104.167529728722442, 14.575212318329093, 0.0 ], [ 104.167533258008305, 14.575137906811667, 0.0 ], [ 104.167745026045125, 14.575125907073316, 0.0 ], [ 104.167845042214651, 14.574492232312037, 0.0 ], [ 104.167876838997827, 14.574115613940277, 0.0 ] ] ] ] } },
{ "type": "Feature", "properties": { "Plang": "27", "Rawang": "745", "Rai": 6.0, "NGan": 1.0, "Wa": 40.0, "CardID": "3330500228509", "Name": "นายเทียม ตะเคียนเกลี้ยง", "ADD": "61 ถ. ซ. ม.12 บ. ต.ตะเคียนราม อ.ภูสิงห์ จ.ศรีสะเกษ" }, "geometry": { "type": "MultiPolygon", "coordinates": [ [ [ [ 104.166684787386657, 14.575752179083027, 0.0 ], [ 104.166687217043929, 14.576196202737378, 0.0 ], [ 104.166930351157887, 14.576201106122374, 0.0 ], [ 104.167359220996687, 14.576153886806507, 0.0 ], [ 104.1676797252331, 14.576158025984389, 0.0 ], [ 104.167540381396037, 14.575521241711582, 0.0 ], [ 104.167529728722442, 14.575212318329093, 0.0 ], [ 104.166723602426288, 14.575217086200846, 0.0 ], [ 104.166684787386657, 14.575752179083027, 0.0 ] ] ] ] } },
{ "type": "Feature", "properties": { "Plang": "24", "Rawang": "745", "Rai": 7.0, "NGan": 1.0, "Wa": 88.0, "CardID": "3330500331989", "Name": "นางสาวไสว ใจแก้ว", "ADD": "16 ถ. ซ. ม.9 บ.พยอม ต.ตะเคียนราม อ.ภูสิงห์ จ.ศรีสะเกษ" }, "geometry": { "type": "MultiPolygon", "coordinates": [ [ [ [ 104.168406696207171, 14.575157721023379, 0.0 ], [ 104.167745026045125, 14.575125907073316, 0.0 ], [ 104.167533258008305, 14.575137906811667, 0.0 ], [ 104.167529728722442, 14.575212318329093, 0.0 ], [ 104.167540381396037, 14.575521241711582, 0.0 ], [ 104.1676797252331, 14.576158025984389, 0.0 ], [ 104.168141691526515, 14.576171233613772, 0.0 ], [ 104.168780208430562, 14.576096604933738, 0.0 ], [ 104.168406696207171, 14.575157721023379, 0.0 ] ] ] ] } },
{ "type": "Feature", "properties": { "Plang": "18", "Rawang": "745", "Rai": 2.0, "NGan": 1.0, "Wa": 97.0, "CardID": "3330500237699", "Name": "นายวีระนิต บุตะเคียน", "ADD": "43 ถ. ซ. ม.5 บ. ต.ห้วยตึ๊กชู อ.ภูสิงห์ จ.ศรีสะเกษ" }, "geometry": { "type": "MultiPolygon", "coordinates": [ [ [ [ 104.168899708910232, 14.577001197575671, 0.0 ], [ 104.169798313683557, 14.576984899596475, 0.0 ], [ 104.169767531547024, 14.57659135129547, 0.0 ], [ 104.168938231250209, 14.576611762858386, 0.0 ], [ 104.168899708910232, 14.577001197575671, 0.0 ] ] ] ] } },
{ "type": "Feature", "properties": { "Plang": "14", "Rawang": "745", "Rai": 2.0, "NGan": 2.0, "Wa": 80.0, "CardID": "3330500237729", "Name": "นางสาวจันทรา บุตะเคียน", "ADD": "75/1 ถ. ซ. ม.12 บ. ต.ตะเคียนราม อ.ภูสิงห์ จ.ศรีสะเกษ" }, "geometry": { "type": "MultiPolygon", "coordinates": [ [ [ [ 104.169753060218781, 14.578362055347261, 0.0 ], [ 104.16975425747151, 14.577840828440081, 0.0 ], [ 104.169014732930492, 14.577953508722759, 0.0 ], [ 104.16897506815441, 14.578348140700673, 0.0 ], [ 104.169753060218781, 14.578362055347261, 0.0 ] ] ] ] } },
{ "type": "Feature", "properties": { "Plang": "25", "Rawang": "745", "Rai": 6.0, "NGan": 2.0, "Wa": 24.0, "CardID": "3330500333001", "Name": "นางใจ บุตะเคียน", "ADD": "24 ถ. ซ. ม.9 บ.พยอม ต.ตะเคียนราม อ.ภูสิงห์ จ.ศรีสะเกษ" }, "geometry": { "type": "MultiPolygon", "coordinates": [ [ [ [ 104.167272693127018, 14.576648176216853, 0.0 ], [ 104.168179477323008, 14.576740776709379, 0.0 ], [ 104.168863155926843, 14.576791405681472, 0.0 ], [ 104.168848548492136, 14.576273810199988, 0.0 ], [ 104.168780208430562, 14.576096604933738, 0.0 ], [ 104.168141691526515, 14.576171233613772, 0.0 ], [ 104.1676797252331, 14.576158025984389, 0.0 ], [ 104.167359220996687, 14.576153886806507, 0.0 ], [ 104.167272693127018, 14.576648176216853, 0.0 ] ] ] ] } },
{ "type": "Feature", "properties": { "Plang": "11", "Rawang": "745", "Rai": 2.0, "NGan": 3.0, "Wa": 98.0, "CardID": "5330500019582", "Name": "นายศักดิ์ เสาว์สา", "ADD": "9 ถ. ซ. ม.12 บ.ตะเคียนรามตะวัน ต.ตะเคียนราม อ.ภูสิงห์ จ.ศรีสะเกษ" }, "geometry": { "type": "MultiPolygon", "coordinates": [ [ [ [ 104.168183782485073, 14.577368776655213, 0.0 ], [ 104.168807133275692, 14.577406999974608, 0.0 ], [ 104.16880959813507, 14.577185216008623, 0.0 ], [ 104.168863155926843, 14.576791405681472, 0.0 ], [ 104.168179477323008, 14.576740776709379, 0.0 ], [ 104.168183782485073, 14.577368776655213, 0.0 ] ] ] ] } },
{ "type": "Feature", "properties": { "Plang": "10", "Rawang": "745", "Rai": 10.0, "NGan": 1.0, "Wa": 91.0, "CardID": "0000000000000", "Name": "นายพิมพ์ เสาร์สา", "ADD": "89 ถ. ซ. ม.2 บ.ตะเคียนรามตะวัน ต.ตะเคียนราม อ.ขุขันธ์ จ.ศรีสะเกษ" }, "geometry": { "type": "MultiPolygon", "coordinates": [ [ [ [ 104.167272693127018, 14.576648176216853, 0.0 ], [ 104.166625125969688, 14.576524883673706, 0.0 ], [ 104.166541048231778, 14.576543874203043, 0.0 ], [ 104.166581798263223, 14.576763168194711, 0.0 ], [ 104.166571561227016, 14.57678849537556, 0.0 ], [ 104.166411892838155, 14.57689358172899, 0.0 ], [ 104.166074616814981, 14.576988191827629, 0.0 ], [ 104.166155753697126, 14.577445190501443, 0.0 ], [ 104.166576055477393, 14.577387633796203, 0.0 ], [ 104.166703166572063, 14.57742934425138, 0.0 ], [ 104.167345444956851, 14.577372077438669, 0.0 ], [ 104.167831727840252, 14.577342440827991, 0.0 ], [ 104.168183782485073, 14.577368776655213, 0.0 ], [ 104.168179477323008, 14.576740776709379, 0.0 ], [ 104.167272693127018, 14.576648176216853, 0.0 ] ] ] ] } },
{ "type": "Feature", "properties": { "Plang": "12", "Rawang": "745", "Rai": 6.0, "NGan": 1.0, "Wa": 9.0, "CardID": "3330500228789", "Name": "นางบุ บุตะเคียน", "ADD": "34 ถ. ซ. ม.12 บ. ต.ตะเคียนราม อ.ภูสิงห์ จ.ศรีสะเกษ" }, "geometry": { "type": "MultiPolygon", "coordinates": [ [ [ [ 104.167290660087332, 14.577853218137095, 0.0 ], [ 104.168949044961764, 14.577997733375778, 0.0 ], [ 104.168870541796224, 14.577776864140311, 0.0 ], [ 104.168807133275692, 14.577406999974608, 0.0 ], [ 104.168183782485073, 14.577368776655213, 0.0 ], [ 104.167831727840252, 14.577342440827991, 0.0 ], [ 104.167345444956851, 14.577372077438669, 0.0 ], [ 104.167290660087332, 14.577853218137095, 0.0 ] ] ] ] } },
{ "type": "Feature", "properties": { "Plang": "13", "Rawang": "745", "Rai": 5.0, "NGan": 1.0, "Wa": 66.0, "CardID": "3330500229025", "Name": "นางหัส หงษ์ทอง", "ADD": "23 ถ. ซ. ม.12 บ.ตะเคียนรามตะวัน ต.ตะเคียนราม อ.ภูสิงห์ จ.ศรีสะเกษ" }, "geometry": { "type": "MultiPolygon", "coordinates": [ [ [ [ 104.168949044961764, 14.577997733375778, 0.0 ], [ 104.167290660087332, 14.577853218137095, 0.0 ], [ 104.167223008166076, 14.578194466993617, 0.0 ], [ 104.167480718741444, 14.578266057701855, 0.0 ], [ 104.168136360986438, 14.5783194457838, 0.0 ], [ 104.168301574086286, 14.578442487537854, 0.0 ], [ 104.168856464522207, 14.57843586115748, 0.0 ], [ 104.168949044961764, 14.577997733375778, 0.0 ] ] ] ] } },
{ "type": "Feature", "properties": { "Plang": "56", "Rawang": "758", "Rai": 8.0, "NGan": 2.0, "Wa": 20.0, "CardID": "3330500076377", "Name": "นายสำเริง ปรือปรัง", "ADD": "08 ถ. ซ. ม.11 บ.เนินแสง ต.ปรือใหญ่ อ.ขุขันธ์ จ.ศรีสะเกษ" }, "geometry": { "type": "MultiPolygon", "coordinates": [ [ [ [ 104.191879805743682, 14.604864150120203, 0.0 ], [ 104.192278468615598, 14.606805860577795, 0.0 ], [ 104.19283277677637, 14.606665641349272, 0.0 ], [ 104.192776363698727, 14.606463191052475, 0.0 ], [ 104.192736533050564, 14.606320250111612, 0.0 ], [ 104.192637469476466, 14.605970139122523, 0.0 ], [ 104.192531486754064, 14.604799682696331, 0.0 ], [ 104.19243974358784, 14.604806243469083, 0.0 ], [ 104.191879805743682, 14.604864150120203, 0.0 ] ] ] ] } },
{ "type": "Feature", "properties": { "Plang": "54", "Rawang": "758", "Rai": 12.0, "NGan": 1.0, "Wa": 97.0, "CardID": "5331700000533", "Name": "นางสาวอำภา คำพินิจ", "ADD": "87 ถ. ซ. ม.5 บ.ระเบ๊าะ ต.ตะเคียนราม อ.ภูสิงห์ จ.ศรีสะเกษ" }, "geometry": { "type": "MultiPolygon", "coordinates": [ [ [ [ 104.192563874616567, 14.608217915558022, 0.0 ], [ 104.192278468615598, 14.606805860577795, 0.0 ], [ 104.191879805743682, 14.604864150120203, 0.0 ], [ 104.191424440500455, 14.604914385969218, 0.0 ], [ 104.191598210763104, 14.606441607896897, 0.0 ], [ 104.191713130353051, 14.606423867785569, 0.0 ], [ 104.192121772886026, 14.608324276956711, 0.0 ], [ 104.192563874616567, 14.608217915558022, 0.0 ] ] ] ] } },
{ "type": "Feature", "properties": { "Plang": "53", "Rawang": "758", "Rai": 18.0, "NGan": 0.0, "Wa": 53.0, "CardID": "3330500071600", "Name": "นายสมิด ปรือปรัก", "ADD": "36 ถ. ซ. ม.1 บ.ตะเคียนรามตะวัน ต.ตะเคียนราม อ.ภูสิงห์ จ.ศรีสะเกษ" }, "geometry": { "type": "MultiPolygon", "coordinates": [ [ [ [ 104.190144415411524, 14.605053456060402, 0.0 ], [ 104.190234141135576, 14.605901611597952, 0.0 ], [ 104.19081794662165, 14.60578044587213, 0.0 ], [ 104.19103528289844, 14.606560931402576, 0.0 ], [ 104.19126698526216, 14.606538433388005, 0.0 ], [ 104.191677522733116, 14.608436788717706, 0.0 ], [ 104.192121772886026, 14.608324276956711, 0.0 ], [ 104.191713130353051, 14.606423867785569, 0.0 ], [ 104.191598210763104, 14.606441607896897, 0.0 ], [ 104.191424440500455, 14.604914385969218, 0.0 ], [ 104.190222605159576, 14.605055294725787, 0.0 ], [ 104.190144415411524, 14.605053456060402, 0.0 ] ] ] ] } },
{ "type": "Feature", "properties": { "Plang": "52", "Rawang": "758", "Rai": 9.0, "NGan": 1.0, "Wa": 92.0, "CardID": "3330500224236", "Name": "นางสาวมาด คำพินิจ", "ADD": "100 ถ. ซ. ม.1 บ.ตะเคียนรามตะวัน ต.ตะเคียนราม อ.ภูสิงห์ จ.ศรีสะเกษ" }, "geometry": { "type": "MultiPolygon", "coordinates": [ [ [ [ 104.191297752023942, 14.608527561403511, 0.0 ], [ 104.191677522733116, 14.608436788717706, 0.0 ], [ 104.19126698526216, 14.606538433388005, 0.0 ], [ 104.19103528289844, 14.606560931402576, 0.0 ], [ 104.19081794662165, 14.60578044587213, 0.0 ], [ 104.190234141135576, 14.605901611597952, 0.0 ], [ 104.190504280322415, 14.606652944150898, 0.0 ], [ 104.190810744922203, 14.606634419640701, 0.0 ], [ 104.191297752023942, 14.608527561403511, 0.0 ] ] ] ] } },
{ "type": "Feature", "properties": { "Plang": "51", "Rawang": "758", "Rai": 17.0, "NGan": 3.0, "Wa": 74.0, "CardID": "3330500094561", "Name": "นายแสวง สุดสังข์", "ADD": "18 ถ. ซ. ม.1 บ.ตะเคียนรามตะวัน ต.ตะเคียนราม อ.ภูสิงห์ จ.ศรีสะเกษ" }, "geometry": { "type": "MultiPolygon", "coordinates": [ [ [ [ 104.190144415411524, 14.605053456060402, 0.0 ], [ 104.189533862106543, 14.60501895306907, 0.0 ], [ 104.189649428654263, 14.606395006472757, 0.0 ], [ 104.190101204600296, 14.607118682487249, 0.0 ], [ 104.190779151002062, 14.60827713365749, 0.0 ], [ 104.190925681434237, 14.608623303034387, 0.0 ], [ 104.191297752023942, 14.608527561403511, 0.0 ], [ 104.190810744922203, 14.606634419640701, 0.0 ], [ 104.190504280322415, 14.606652944150898, 0.0 ], [ 104.190234141135576, 14.605901611597952, 0.0 ], [ 104.190144415411524, 14.605053456060402, 0.0 ] ] ] ] } },
{ "type": "Feature", "properties": { "Plang": "50", "Rawang": "758", "Rai": 15.0, "NGan": 2.0, "Wa": 0.0, "CardID": "3330500094588", "Name": "นายประภาส สุดสังข์", "ADD": "147 ถ. ซ. ม.12 บ.แสนสุข ต.ปรือใหญ่ อ.ขุขันธ์ จ.ศรีสะเกษ" }, "geometry": { "type": "MultiPolygon", "coordinates": [ [ [ [ 104.18873762132381, 14.604962060431761, 0.0 ], [ 104.189096109035845, 14.606665016070615, 0.0 ], [ 104.189738150595744, 14.607339367456193, 0.0 ], [ 104.19077949069009, 14.608657241518376, 0.0 ], [ 104.190925681434237, 14.608623303034387, 0.0 ], [ 104.190779151002062, 14.60827713365749, 0.0 ], [ 104.190101204600296, 14.607118682487249, 0.0 ], [ 104.189649428654263, 14.606395006472757, 0.0 ], [ 104.189533862106543, 14.60501895306907, 0.0 ], [ 104.18873762132381, 14.604962060431761, 0.0 ] ] ] ] } },
{ "type": "Feature", "properties": { "Plang": "18", "Rawang": "758", "Rai": 7.0, "NGan": 2.0, "Wa": 15.0, "CardID": "3330500224228", "Name": "นางผาด บุตะเคียน", "ADD": "69 ถ. ซ. ม.1 บ.ตะเคียนรามตะวัน ต.ตะเคียนราม อ.ภูสิงห์ จ.ศรีสะเกษ" }, "geometry": { "type": "MultiPolygon", "coordinates": [ [ [ [ 104.18873762132381, 14.604962060431761, 0.0 ], [ 104.187797311027637, 14.604889176715268, 0.0 ], [ 104.18826433223478, 14.605825205636803, 0.0 ], [ 104.189096109035845, 14.606665016070615, 0.0 ], [ 104.18873762132381, 14.604962060431761, 0.0 ] ] ] ] } },
{ "type": "Feature", "properties": { "Plang": "40", "Rawang": "758", "Rai": 13.0, "NGan": 0.0, "Wa": 13.0, "CardID": "0000000000000", "Name": "นายนิน พลคำ", "ADD": "18 ถ. ซ. ม.6 บ. ต.ห้วยใต้ อ.ขุขันธ์ จ.ศรีสะเกษ" }, "geometry": { "type": "MultiPolygon", "coordinates": [ [ [ [ 104.18873762132381, 14.604962060431761, 0.0 ], [ 104.189533862106543, 14.60501895306907, 0.0 ], [ 104.190144415411524, 14.605053456060402, 0.0 ], [ 104.190222605159576, 14.605055294725787, 0.0 ], [ 104.190058906105236, 14.604364658174408, 0.0 ], [ 104.187515514969903, 14.604168435930571, 0.0 ], [ 104.187656878552815, 14.604601204562933, 0.0 ], [ 104.187755397731408, 14.604902808924415, 0.0 ], [ 104.187797311027637, 14.604889176715268, 0.0 ], [ 104.18873762132381, 14.604962060431761, 0.0 ] ] ] ] } },
{ "type": "Feature", "properties": { "Plang": "9", "Rawang": "747", "Rai": 3.0, "NGan": 1.0, "Wa": 28.0, "CardID": "3330500224112", "Name": "นายบัญญัติ ตะเคียนเกลี้ยง", "ADD": "38 ถ. ซ. ม.1 บ.ตะเคียนตะวันออก ต.ตะเคียนราม อ.ภูสิงห์ จ.ศรีสะเกษ" }, "geometry": { "type": "MultiPolygon", "coordinates": [ [ [ [ 104.182205904118064, 14.591919360544022, 0.0 ], [ 104.182167231145911, 14.59250745855951, 0.0 ], [ 104.182407839852843, 14.592581375202448, 0.0 ], [ 104.182645954972614, 14.592709580944076, 0.0 ], [ 104.182689488017033, 14.592709955306454, 0.0 ], [ 104.182912734964219, 14.592607369385631, 0.0 ], [ 104.182827534477454, 14.592294646985998, 0.0 ], [ 104.182772395634956, 14.591934301521736, 0.0 ], [ 104.182205904118064, 14.591919360544022, 0.0 ] ] ] ] } },
{ "type": "Feature", "properties": { "Plang": "10", "Rawang": "747", "Rai": 2.0, "NGan": 1.0, "Wa": 62.0, "CardID": "3330500225372", "Name": "นายสมบาน ตะเคียนราม", "ADD": "32 ถ. ซ. ม.1 บ. ต.ตะเคียนราม อ.ภูสิงห์ จ.ศรีสะเกษ" }, "geometry": { "type": "MultiPolygon", "coordinates": [ [ [ [ 104.182205904118064, 14.591919360544022, 0.0 ], [ 104.182772395634956, 14.591934301521736, 0.0 ], [ 104.182741150085008, 14.591346141655491, 0.0 ], [ 104.182207920292257, 14.591320816407688, 0.0 ], [ 104.182205904118064, 14.591919360544022, 0.0 ] ] ] ] } },
{ "type": "Feature", "properties": { "Plang": "11", "Rawang": "747", "Rai": 9.0, "NGan": 3.0, "Wa": 44.0, "CardID": "3330500223388", "Name": "นางสบัด บุญขาว", "ADD": "6 ถ. ซ.ตะเคียนรามตะวันออก ม.1 บ.ตะเคียนราม ต.ตะเคียนราม อ.ภูสิงห์ จ.ศรีสะเกษ" }, "geometry": { "type": "MultiPolygon", "coordinates": [ [ [ [ 104.182205904118064, 14.591919360544022, 0.0 ], [ 104.182207920292257, 14.591320816407688, 0.0 ], [ 104.181066414285112, 14.591264739164073, 0.0 ], [ 104.181013319323398, 14.592421555991928, 0.0 ], [ 104.181989792113598, 14.592473968610783, 0.0 ], [ 104.182167231145911, 14.59250745855951, 0.0 ], [ 104.182205904118064, 14.591919360544022, 0.0 ] ] ] ] } },
{ "type": "Feature", "properties": { "Plang": "12", "Rawang": "747", "Rai": 5.0, "NGan": 0.0, "Wa": 48.0, "CardID": "3330500226573", "Name": "นายปริน ตะเคียนเกลี้ยง", "ADD": "51 ถ. ซ. ม.1 บ.ตะเคียนรามตะวัน ต.ตะเคียนราม อ.ภูสิงห์ จ.ศรีสะเกษ" }, "geometry": { "type": "MultiPolygon", "coordinates": [ [ [ [ 104.180428602345117, 14.591287288109703, 0.0 ], [ 104.180471686240352, 14.592447085792005, 0.0 ], [ 104.181013319323398, 14.592421555991928, 0.0 ], [ 104.181066414285112, 14.591264739164073, 0.0 ], [ 104.180428602345117, 14.591287288109703, 0.0 ] ] ] ] } },
{ "type": "Feature", "properties": { "Plang": "13", "Rawang": "747", "Rai": 4.0, "NGan": 3.0, "Wa": 29.0, "CardID": "0000000000000", "Name": "นางสฤทธิ์ ตะเคียนเกลี้ยง", "ADD": "28 ถ. ซ. ม.3 บ. ต.ตะเคียนราม อ.ภูสิงห์ จ.ศรีสะเกษ" }, "geometry": { "type": "MultiPolygon", "coordinates": [ [ [ [ 104.179772143459246, 14.591208719565929, 0.0 ], [ 104.179905673233506, 14.592127301381385, 0.0 ], [ 104.180111268799692, 14.592093825911398, 0.0 ], [ 104.179986718710325, 14.59248495885762, 0.0 ], [ 104.180471686240352, 14.592447085792005, 0.0 ], [ 104.180428602345117, 14.591287288109703, 0.0 ], [ 104.179772143459246, 14.591208719565929, 0.0 ] ] ] ] } },
{ "type": "Feature", "properties": { "Plang": "14", "Rawang": "747", "Rai": 3.0, "NGan": 3.0, "Wa": 16.0, "CardID": "3330500215440", "Name": "นายเคือง ตะเคียนเกลี้ยง", "ADD": "24 ถ. ซ. ม.3 บ. ต.ตะเคียนราม อ.ภูสิงห์ จ.ศรีสะเกษ" }, "geometry": { "type": "MultiPolygon", "coordinates": [ [ [ [ 104.179259237674543, 14.591175824869975, 0.0 ], [ 104.179342853493054, 14.592191766086044, 0.0 ], [ 104.179552626633182, 14.592193633795851, 0.0 ], [ 104.179905673233506, 14.592127301381385, 0.0 ], [ 104.179772143459246, 14.591208719565929, 0.0 ], [ 104.179259237674543, 14.591175824869975, 0.0 ] ] ] ] } },
{ "type": "Feature", "properties": { "Plang": "10", "Rawang": "746", "Rai": 1.0, "NGan": 0.0, "Wa": 85.0, "CardID": "3330500226956", "Name": "นายเมธี ตะเคียนราม", "ADD": "56 ถ. ซ. ม.1 บ.ตะเคียนรามตะวันออก ต.ตะเคียนราม อ.ภูสิงห์ จ.ศรีสะเกษ" }, "geometry": { "type": "MultiPolygon", "coordinates": [ [ [ [ 104.182541197811446, 14.589007751125729, 0.0 ], [ 104.182459007167225, 14.589986463932961, 0.0 ], [ 104.182616788002491, 14.589991495711645, 0.0 ], [ 104.182727205507433, 14.589053664223263, 0.0 ], [ 104.182541197811446, 14.589007751125729, 0.0 ] ] ] ] } },
{ "type": "Feature", "properties": { "Plang": "11", "Rawang": "746", "Rai": 4.0, "NGan": 2.0, "Wa": 25.0, "CardID": "3330500332781", "Name": "นายนิ่ม บุตะเคียน", "ADD": "68 ถ. ซ. ม.6 บ.กระโดน ต.ตะเคียนราม อ.ภูสิงห์ จ.ศรีสะเกษ" }, "geometry": { "type": "MultiPolygon", "coordinates": [ [ [ [ 104.182158068263391, 14.58891954935207, 0.0 ], [ 104.181949365116722, 14.588871502681705, 0.0 ], [ 104.181896058293432, 14.589817711474819, 0.0 ], [ 104.181885626657618, 14.589963271605553, 0.0 ], [ 104.182459007167225, 14.589986463932961, 0.0 ], [ 104.182541197811446, 14.589007751125729, 0.0 ], [ 104.182158068263391, 14.58891954935207, 0.0 ] ] ] ] } },
{ "type": "Feature", "properties": { "Plang": "12", "Rawang": "746", "Rai": 12.0, "NGan": 2.0, "Wa": 24.0, "CardID": "3330500299589", "Name": "นางสมัคร ตะเคียนเกลี้ยง", "ADD": "45 ถ. ซ. ม.3 บ. ต.ตะเคียนราม อ.ภูสิงห์ จ.ศรีสะเกษ" }, "geometry": { "type": "MultiPolygon", "coordinates": [ [ [ [ 104.18145368245635, 14.588809973599412, 0.0 ], [ 104.181132555092063, 14.588785993189981, 0.0 ], [ 104.180836275004552, 14.588771498518495, 0.0 ], [ 104.180842315567901, 14.587963209949768, 0.0 ], [ 104.180387988165634, 14.588097952360835, 0.0 ], [ 104.180319358883253, 14.589130599991012, 0.0 ], [ 104.18051954953232, 14.589161116323401, 0.0 ], [ 104.180605204203161, 14.589624135701438, 0.0 ], [ 104.181896058293432, 14.589817711474819, 0.0 ], [ 104.181949365116722, 14.588871502681705, 0.0 ], [ 104.18145368245635, 14.588809973599412, 0.0 ] ] ] ] } },
{ "type": "Feature", "properties": { "Plang": "13", "Rawang": "746", "Rai": 4.0, "NGan": 3.0, "Wa": 13.0, "CardID": "0000000000000", "Name": "นายจันทร์ ตะเคียนเกลี้ยง", "ADD": "5 ถ. ซ. ม.5 บ. ต.ตะเคียนราม อ.ภูสิงห์ จ.ศรีสะเกษ" }, "geometry": { "type": "MultiPolygon", "coordinates": [ [ [ [ 104.180258113152348, 14.588098448238702, 0.0 ], [ 104.179459274307987, 14.588181025078233, 0.0 ], [ 104.179406375426282, 14.588189321219001, 0.0 ], [ 104.179589836883622, 14.58902831376732, 0.0 ], [ 104.180212925157463, 14.588992834814711, 0.0 ], [ 104.180258113152348, 14.588098448238702, 0.0 ] ] ] ] } },
{ "type": "Feature", "properties": { "Plang": "6", "Rawang": "746", "Rai": 1.0, "NGan": 2.0, "Wa": 31.0, "CardID": "3330500219054", "Name": "นางมะลิ ไชยมาศ", "ADD": "84 ถ. ซ. ม.3 บ.ตะเคียนรามกลาง ต.ตะเคียนราม อ.ภูสิงห์ จ.ศรีสะเกษ" }, "geometry": { "type": "MultiPolygon", "coordinates": [ [ [ [ 104.180243015267465, 14.589953777899447, 0.0 ], [ 104.180003478720465, 14.59117171431636, 0.0 ], [ 104.18033989602705, 14.591201570778511, 0.0 ], [ 104.180243015267465, 14.589953777899447, 0.0 ] ] ] ] } },
{ "type": "Feature", "properties": { "Plang": "7", "Rawang": "746", "Rai": 6.0, "NGan": 0.0, "Wa": 28.0, "CardID": "3330500220630", "Name": "นางบุญเรือง ตะเคียนเกลี้ยง", "ADD": "41 ถ. ซ. ม.3 บ.ตะเคียนรามกลาง ต.ตะเคียนราม อ.ภูสิงห์ จ.ศรีสะเกษ" }, "geometry": { "type": "MultiPolygon", "coordinates": [ [ [ [ 104.180243015267465, 14.589953777899447, 0.0 ], [ 104.18033989602705, 14.591201570778511, 0.0 ], [ 104.180762157521471, 14.591232498508571, 0.0 ], [ 104.180753593564972, 14.590686068602819, 0.0 ], [ 104.18066573728602, 14.589862262865415, 0.0 ], [ 104.180605204203161, 14.589624135701438, 0.0 ], [ 104.18051954953232, 14.589161116323401, 0.0 ], [ 104.180319358883253, 14.589130599991012, 0.0 ], [ 104.180243015267465, 14.589953777899447, 0.0 ] ] ] ] } },
{ "type": "Feature", "properties": { "Plang": "9", "Rawang": "746", "Rai": 7.0, "NGan": 3.0, "Wa": 5.0, "CardID": "3330500225526", "Name": "นายปริน บุตะเคียน", "ADD": "37 ถ. ซ. ม.1 บ.ตะเคียนตะวันออก ต.ตะเคียนราม อ.ภูสิงห์ จ.ศรีสะเกษ" }, "geometry": { "type": "MultiPolygon", "coordinates": [ [ [ [ 104.181885626657618, 14.589963271605553, 0.0 ], [ 104.181947141641047, 14.591300424152598, 0.0 ], [ 104.182767819246124, 14.591335958932165, 0.0 ], [ 104.182616788002491, 14.589991495711645, 0.0 ], [ 104.182459007167225, 14.589986463932961, 0.0 ], [ 104.181885626657618, 14.589963271605553, 0.0 ] ] ] ] } },
{ "type": "Feature", "properties": { "Plang": "8", "Rawang": "746", "Rai": 13.0, "NGan": 3.0, "Wa": 17.0, "CardID": "3330500224091", "Name": "นายยิด ตะเคียนเกลี้ยง", "ADD": "16 ถ. ซ. ม.1 บ.ตะเคียนตะวันออก ต.ตะเคียนราม อ.ภูสิงห์ จ.ศรีสะเกษ" }, "geometry": { "type": "MultiPolygon", "coordinates": [ [ [ [ 104.181885626657618, 14.589963271605553, 0.0 ], [ 104.181896058293432, 14.589817711474819, 0.0 ], [ 104.180605204203161, 14.589624135701438, 0.0 ], [ 104.18066573728602, 14.589862262865415, 0.0 ], [ 104.180753593564972, 14.590686068602819, 0.0 ], [ 104.180762157521471, 14.591232498508571, 0.0 ], [ 104.181947141641047, 14.591300424152598, 0.0 ], [ 104.181885626657618, 14.589963271605553, 0.0 ] ] ] ] } },
{ "type": "Feature", "properties": { "Plang": "14", "Rawang": "746", "Rai": 4.0, "NGan": 2.0, "Wa": 16.0, "CardID": "3330500212467", "Name": "นางสอัน ศรีสิงห์", "ADD": "88 ถ. ซ. ม.3 บ. ต.ตะเคียนราม อ.ภูสิงห์ จ.ศรีสะเกษ" }, "geometry": { "type": "MultiPolygon", "coordinates": [ [ [ [ 104.179513891789185, 14.590007973855592, 0.0 ], [ 104.180151817721466, 14.589967553925803, 0.0 ], [ 104.180212925157463, 14.588992834814711, 0.0 ], [ 104.179589836883622, 14.58902831376732, 0.0 ], [ 104.179522338002243, 14.589958925771155, 0.0 ], [ 104.179513891789185, 14.590007973855592, 0.0 ] ] ] ] } },
{ "type": "Feature", "properties": { "Plang": "5", "Rawang": "746", "Rai": 5.0, "NGan": 0.0, "Wa": 77.0, "CardID": "3330500213617", "Name": "นายจันทร์ ตะเคียนเกลี้ยง", "ADD": "10 ถ. ซ. ม.3 บ.ตะเคียนรามกลาง ต.ตะเคียนราม อ.ภูสิงห์ จ.ศรีสะเกษ" }, "geometry": { "type": "MultiPolygon", "coordinates": [ [ [ [ 104.179513891789185, 14.590007973855592, 0.0 ], [ 104.179358313285462, 14.591115643403473, 0.0 ], [ 104.179926268909668, 14.591169273669403, 0.0 ], [ 104.180151817721466, 14.589967553925803, 0.0 ], [ 104.179513891789185, 14.590007973855592, 0.0 ] ] ] ] } },
{ "type": "Feature", "properties": { "Plang": "17", "Rawang": "746", "Rai": 8.0, "NGan": 3.0, "Wa": 11.0, "CardID": "3330500218929", "Name": "นางจำเริญ แก้วสุด", "ADD": "71 ถ. ซ. ม.3 บ. ต.ตะเคียนราม อ.ภูสิงห์ จ.ศรีสะเกษ" }, "geometry": { "type": "MultiPolygon", "coordinates": [ [ [ [ 104.178471779607065, 14.586835439628116, 0.0 ], [ 104.178921380925559, 14.584774524166543, 0.0 ], [ 104.178377013744068, 14.584711380235635, 0.0 ], [ 104.17823789871737, 14.585207429272051, 0.0 ], [ 104.178243372344568, 14.585781775055089, 0.0 ], [ 104.177819027112477, 14.586879075283502, 0.0 ], [ 104.178471779607065, 14.586835439628116, 0.0 ] ] ] ] } },
{ "type": "Feature", "properties": { "Plang": "16", "Rawang": "746", "Rai": 7.0, "NGan": 3.0, "Wa": 34.0, "CardID": "3330500212823", "Name": "นายมาก ตะเคียนราม", "ADD": "4 ถ. ซ. ม.3 บ.ตะเคียนกลาง ต.ตะเคียนราม อ.ภูสิงห์ จ.ศรีสะเกษ" }, "geometry": { "type": "MultiPolygon", "coordinates": [ [ [ [ 104.177819027112477, 14.586879075283502, 0.0 ], [ 104.177562102327755, 14.587920488283922, 0.0 ], [ 104.178249640443383, 14.587718212444173, 0.0 ], [ 104.178773086616999, 14.58750782969382, 0.0 ], [ 104.178972539401769, 14.58758590258534, 0.0 ], [ 104.178880652821334, 14.58675287861975, 0.0 ], [ 104.178471779607065, 14.586835439628116, 0.0 ], [ 104.177819027112477, 14.586879075283502, 0.0 ] ] ] ] } },
{ "type": "Feature", "properties": { "Plang": "15", "Rawang": "746", "Rai": 34.0, "NGan": 1.0, "Wa": 57.0, "CardID": "0000000000000", "Name": "นายดี ศรีสิงห์", "ADD": "1 ถ. ซ. ม.3 บ.ตะเคียนกลาง ต.ตะเคียนราม อ.ภูสิงห์ จ.ศรีสะเกษ" }, "geometry": { "type": "MultiPolygon", "coordinates": [ [ [ [ 104.178861030096655, 14.589908042275329, 0.0 ], [ 104.179522338002243, 14.589958925771155, 0.0 ], [ 104.179589836883622, 14.58902831376732, 0.0 ], [ 104.179406375426282, 14.588189321219001, 0.0 ], [ 104.179459274307987, 14.588181025078233, 0.0 ], [ 104.178972539401769, 14.58758590258534, 0.0 ], [ 104.178773086616999, 14.58750782969382, 0.0 ], [ 104.178249640443383, 14.587718212444173, 0.0 ], [ 104.177562102327755, 14.587920488283922, 0.0 ], [ 104.177221914154643, 14.588760727849495, 0.0 ], [ 104.177044859756279, 14.589557524305912, 0.0 ], [ 104.177717863576959, 14.589676688651238, 0.0 ], [ 104.178177655936892, 14.589833410436826, 0.0 ], [ 104.178385242899125, 14.58985213461883, 0.0 ], [ 104.178861030096655, 14.589908042275329, 0.0 ] ] ] ] } },
{ "type": "Feature", "properties": { "Plang": "4", "Rawang": "746", "Rai": 5.0, "NGan": 2.0, "Wa": 94.0, "CardID": "3330500212661", "Name": "นายดำรงค์ บุญขาว", "ADD": "03 ถ. ซ. ม.3 บ.ตะเคียนรามกลาง ต.ตะเคียนราม อ.ภูสิงห์ จ.ศรีสะเกษ" }, "geometry": { "type": "MultiPolygon", "coordinates": [ [ [ [ 104.178861030096655, 14.589908042275329, 0.0 ], [ 104.178711262565201, 14.591076651821123, 0.0 ], [ 104.179358313285462, 14.591115643403473, 0.0 ], [ 104.179513891789185, 14.590007973855592, 0.0 ], [ 104.179522338002243, 14.589958925771155, 0.0 ], [ 104.178861030096655, 14.589908042275329, 0.0 ] ] ] ] } },
{ "type": "Feature", "properties": { "Plang": "3", "Rawang": "746", "Rai": 4.0, "NGan": 0.0, "Wa": 16.0, "CardID": "3330500215016", "Name": "นางเหลี่ยม ตะเคียนราม", "ADD": "22 ถ. ซ. ม.3 บ. ต.ตะเคียนราม อ.ภูสิงห์ จ.ศรีสะเกษ" }, "geometry": { "type": "MultiPolygon", "coordinates": [ [ [ [ 104.17829526880486, 14.591055444505745, 0.0 ], [ 104.178711262565201, 14.591076651821123, 0.0 ], [ 104.178861030096655, 14.589908042275329, 0.0 ], [ 104.178385242899125, 14.58985213461883, 0.0 ], [ 104.17829526880486, 14.591055444505745, 0.0 ] ] ] ] } },
{ "type": "Feature", "properties": { "Plang": "2", "Rawang": "746", "Rai": 6.0, "NGan": 3.0, "Wa": 32.0, "CardID": "3330500219526", "Name": "นายจันทร์ ตะเคียนเกลี้ยง", "ADD": "05 ถ. ซ. ม.14 บ. ต.ตะเคียนราม อ.ภูสิงห์ จ.ศรีสะเกษ" }, "geometry": { "type": "MultiPolygon", "coordinates": [ [ [ [ 104.17829526880486, 14.591055444505745, 0.0 ], [ 104.178385242899125, 14.58985213461883, 0.0 ], [ 104.178177655936892, 14.589833410436826, 0.0 ], [ 104.177717863576959, 14.589676688651238, 0.0 ], [ 104.177512755098164, 14.590974242687949, 0.0 ], [ 104.17829526880486, 14.591055444505745, 0.0 ] ] ] ] } },
{ "type": "Feature", "properties": { "Plang": "1", "Rawang": "746", "Rai": 7.0, "NGan": 2.0, "Wa": 43.0, "CardID": "3330500212823", "Name": "นายมาก ตะเคียนราม", "ADD": "4 ถ. ซ. ม.3 บ.ตะเคียนกลาง ต.ตะเคียนราม อ.ภูสิงห์ จ.ศรีสะเกษ" }, "geometry": { "type": "MultiPolygon", "coordinates": [ [ [ [ 104.177717863576959, 14.589676688651238, 0.0 ], [ 104.177044859756279, 14.589557524305912, 0.0 ], [ 104.176695154248407, 14.590892461366204, 0.0 ], [ 104.177512755098164, 14.590974242687949, 0.0 ], [ 104.177717863576959, 14.589676688651238, 0.0 ] ] ] ] } },
{ "type": "Feature", "properties": { "Plang": "29", "Rawang": "745", "Rai": 2.0, "NGan": 2.0, "Wa": 21.0, "CardID": "3330500238121", "Name": "นางสาวตา อุดรพันธ์", "ADD": "35 ถ. ซ. ม.12 บ.ห้วยยาง ต.ตะเคียนราม อ.ภูสิงห์ จ.ศรีสะเกษ" }, "geometry": { "type": "MultiPolygon", "coordinates": [ [ [ [ 104.164590594810448, 14.576613705860138, 0.0 ], [ 104.164499431908595, 14.575966700064715, 0.0 ], [ 104.164132165132813, 14.575794154699754, 0.0 ], [ 104.16394035495594, 14.576510923781649, 0.0 ], [ 104.164590594810448, 14.576613705860138, 0.0 ] ] ] ] } },
{ "type": "Feature", "properties": { "Plang": "30", "Rawang": "745", "Rai": 3.0, "NGan": 3.0, "Wa": 94.0, "CardID": "3330500237508", "Name": "นางปอง บุตะเคียน", "ADD": "49 ถ. ซ. ม.2 บ. ต.ตะเคียนราม อ.ภูสิงห์ จ.ศรีสะเกษ" }, "geometry": { "type": "MultiPolygon", "coordinates": [ [ [ [ 104.164731015399113, 14.576848886748728, 0.0 ], [ 104.164590594810448, 14.576613705860138, 0.0 ], [ 104.16394035495594, 14.576510923781649, 0.0 ], [ 104.16295445326007, 14.576326592300578, 0.0 ], [ 104.163053399383585, 14.576681360803017, 0.0 ], [ 104.164505945092344, 14.576935534055433, 0.0 ], [ 104.164731015399113, 14.576848886748728, 0.0 ] ] ] ] } },
{ "type": "Feature", "properties": { "Plang": "32", "Rawang": "745", "Rai": 1.0, "NGan": 0.0, "Wa": 99.0, "CardID": "2330500003045", "Name": "นางมุด บุตะเคียน", "ADD": "18/1 ถ. ซ. ม.12 บ.ห้วยยาง ต.ตะเคียนราม อ.ภูสิงห์ จ.ศรีสะเกษ" }, "geometry": { "type": "MultiPolygon", "coordinates": [ [ [ [ 104.162782808259578, 14.57447560925157, 0.0 ], [ 104.162769816268948, 14.574289615900849, 0.0 ], [ 104.16243778616149, 14.574101822328251, 0.0 ], [ 104.161943185070129, 14.574129140947166, 0.0 ], [ 104.161080570359374, 14.574251882088479, 0.0 ], [ 104.161112895986705, 14.574523842292432, 0.0 ], [ 104.16130277706192, 14.574937270686339, 0.0 ], [ 104.162782808259578, 14.57447560925157, 0.0 ] ] ] ] } },
{ "type": "Feature", "properties": { "Plang": "45", "Rawang": "737", "Rai": 5.0, "NGan": 0.0, "Wa": 0.0, "CardID": "3330500227928", "Name": "นางรวน บุญขาว", "ADD": "17 ถ. ซ. ม.12 บ.ห้วยยาง ต.ตะเคียนราม อ.ภูสิงห์ จ.ศรีสะเกษ" }, "geometry": { "type": "MultiPolygon", "coordinates": [ [ [ [ 104.15550679170849, 14.582120730815163, 0.0 ], [ 104.155453648100433, 14.581370580241481, 0.0 ], [ 104.1547212224839, 14.581537564338316, 0.0 ], [ 104.154683444948162, 14.581590993379379, 0.0 ], [ 104.154410755500834, 14.582034455179404, 0.0 ], [ 104.154393120818014, 14.582272238293633, 0.0 ], [ 104.15550679170849, 14.582120730815163, 0.0 ] ] ] ] } },
{ "type": "Feature", "properties": { "Plang": "5", "Rawang": "766", "Rai": 9.0, "NGan": 1.0, "Wa": 20.0, "CardID": "3330500225879", "Name": "นายปิ บุตะเคียน", "ADD": "41 ถ. ซ. ม.1 บ. ต.ตะเคียนราม อ.ภูสิงห์ จ.ศรีสะเกษ" }, "geometry": { "type": "MultiPolygon", "coordinates": [ [ [ [ 104.190810680352598, 14.597159172310585, 0.0 ], [ 104.190789913647592, 14.596309309592451, 0.0 ], [ 104.190778754205837, 14.59622455028682, 0.0 ], [ 104.190560471971835, 14.596228051511995, 0.0 ], [ 104.190364912241833, 14.596188914178411, 0.0 ], [ 104.188904224879494, 14.596923951195443, 0.0 ], [ 104.188913014940425, 14.597160937088933, 0.0 ], [ 104.190810680352598, 14.597159172310585, 0.0 ] ] ] ] } },
{ "type": "Feature", "properties": { "Plang": "15", "Rawang": "5838III0614", "Rai": 3.0, "NGan": 3.0, "Wa": 79.0, "CardID": "3330501438418", "Name": "นายคำ อัยพงษ์", "ADD": "12 ถ. ซ. ม.13 บ. ต.ห้วยตึ๊กชู อ.ภูสิงห์ จ.ศรีสะเกษ" }, "geometry": { "type": "MultiPolygon", "coordinates": [ [ [ [ 104.141873296563105, 14.616169812009259, 0.0 ], [ 104.142077390985747, 14.615281029736073, 0.0 ], [ 104.141722140256661, 14.615399883043903, 0.0 ], [ 104.141248942347858, 14.615735016727637, 0.0 ], [ 104.140939995043126, 14.61607426119809, 0.0 ], [ 104.141873296563105, 14.616169812009259, 0.0 ] ] ] ] } },
{ "type": "Feature", "properties": { "Plang": "16", "Rawang": "513", "Rai": 7.0, "NGan": 1.0, "Wa": 74.0, "CardID": "1330500168747", "Name": "นายชัยวัฒน์ เพ็ญจันทร์", "ADD": "52 ถ. ซ. ม.4 บ.ขยอง ต.ตะเคียนราม อ.ภูสิงห์ จ.ศรีสะเกษ" }, "geometry": { "type": "MultiPolygon", "coordinates": [ [ [ [ 104.160125127850293, 14.615161619545075, 0.0 ], [ 104.160146652568784, 14.614701823022667, 0.0 ], [ 104.159755145024974, 14.614675326070603, 0.0 ], [ 104.159528549882168, 14.616869963069389, 0.0 ], [ 104.159948577025773, 14.616946523941101, 0.0 ], [ 104.160125127850293, 14.615161619545075, 0.0 ] ] ] ] } },
{ "type": "Feature", "properties": { "Plang": "15", "Rawang": "513", "Rai": 6.0, "NGan": 3.0, "Wa": 97.0, "CardID": "3330500356591", "Name": "นางอด ฤกษ์งาม", "ADD": "52/1 ถ. ซ. ม.4 บ.ขยอง ต.ตะเคียนราม อ.ภูสิงห์ จ.ศรีสะเกษ" }, "geometry": { "type": "MultiPolygon", "coordinates": [ [ [ [ 104.159755145024974, 14.614675326070603, 0.0 ], [ 104.159322952474298, 14.614648992094603, 0.0 ], [ 104.159084509731287, 14.616782613917126, 0.0 ], [ 104.159528549882168, 14.616869963069389, 0.0 ], [ 104.159755145024974, 14.614675326070603, 0.0 ] ] ] ] } },
{ "type": "Feature", "properties": { "Plang": "12", "Rawang": "513", "Rai": 7.0, "NGan": 1.0, "Wa": 74.0, "CardID": "3330500356558", "Name": "นายภา ตะเคียนเกลี้ยง", "ADD": "52 ถ. ซ. ม.4 บ.ขยอง ต.ตะเคียนราม อ.ภูสิงห์ จ.ศรีสะเกษ" }, "geometry": { "type": "MultiPolygon", "coordinates": [ [ [ [ 104.158120155118425, 14.616613270967536, 0.0 ], [ 104.1583282005234, 14.614590242937606, 0.0 ], [ 104.157832866809258, 14.614560766203816, 0.0 ], [ 104.157643668372586, 14.616538204965252, 0.0 ], [ 104.158120155118425, 14.616613270967536, 0.0 ] ] ] ] } },
{ "type": "Feature", "properties": { "Plang": "5", "Rawang": "513", "Rai": 7.0, "NGan": 2.0, "Wa": 47.0, "CardID": "3330500356574", "Name": "นายแตะ ตะเคียนเกลี้ยง", "ADD": "47 ถ. ซ. ม.4 บ.ขยอง ต.ตะเคียนราม อ.ภูสิงห์ จ.ศรีสะเกษ" }, "geometry": { "type": "MultiPolygon", "coordinates": [ [ [ [ 104.157159380704485, 14.61646866319945, 0.0 ], [ 104.157643668372586, 14.616538204965252, 0.0 ], [ 104.157832866809258, 14.614560766203816, 0.0 ], [ 104.157279982660441, 14.614530213912413, 0.0 ], [ 104.157160485812796, 14.616117234796503, 0.0 ], [ 104.157159380704485, 14.61646866319945, 0.0 ] ] ] ] } },
{ "type": "Feature", "properties": { "Plang": "25", "Rawang": "521", "Rai": 4.0, "NGan": 0.0, "Wa": 65.0, "CardID": "3330500346072", "Name": "นางสาวสวน ศรีลาชัย", "ADD": "22 ถ. ซ. ม.8 บ.ตาโสม ต.ตะเคียนราม อ.ภูสิงห์ จ.ศรีสะเกษ" }, "geometry": { "type": "MultiPolygon", "coordinates": [ [ [ [ 104.160655337944647, 14.625591781653325, 0.0 ], [ 104.160722604180179, 14.624351527619574, 0.0 ], [ 104.160670907195026, 14.624362190851578, 0.0 ], [ 104.160502455861348, 14.624413406495082, 0.0 ], [ 104.160287797287992, 14.624404510167603, 0.0 ], [ 104.160211356646812, 14.624728832619439, 0.0 ], [ 104.160226751119779, 14.624868035491001, 0.0 ], [ 104.160182399242927, 14.625555142548912, 0.0 ], [ 104.160655337944647, 14.625591781653325, 0.0 ] ] ] ] } },
{ "type": "Feature", "properties": { "Plang": "5", "Rawang": "522", "Rai": 8.0, "NGan": 1.0, "Wa": 65.0, "CardID": "3330500218414", "Name": "นายประชา เทาศิริ", "ADD": "120 ถ. ซ. ม.5 บ.ระเบ๊าะ ต.ตะเคียนราม อ.ภูสิงห์ จ.ศรีสะเกษ" }, "geometry": { "type": "MultiPolygon", "coordinates": [ [ [ [ 104.157084345750619, 14.621310669827324, 0.0 ], [ 104.154118368117153, 14.621587779806623, 0.0 ], [ 104.154224228582891, 14.621900289895899, 0.0 ], [ 104.156426246064058, 14.621808808514697, 0.0 ], [ 104.156603594372754, 14.621778791126214, 0.0 ], [ 104.156794485747426, 14.621760274247841, 0.0 ], [ 104.15699162961667, 14.621711903384725, 0.0 ], [ 104.157084345750619, 14.621310669827324, 0.0 ] ] ] ] } },
{ "type": "Feature", "properties": { "Plang": "24", "Rawang": "523", "Rai": 7.0, "NGan": 2.0, "Wa": 50.0, "CardID": "3330500215431", "Name": "นายเอื้อง ตะเคียนเกลี้ยง", "ADD": "81 ถ. ซ. ม.5 บ. ต.ตะเคียนราม อ.ภูสิงห์ จ.ศรีสะเกษ" }, "geometry": { "type": "MultiPolygon", "coordinates": [ [ [ [ 104.148737574055076, 14.616634034510426, 0.0 ], [ 104.149148189906086, 14.616635162388899, 0.0 ], [ 104.148966766807447, 14.614571570166122, 0.0 ], [ 104.148487391577177, 14.614516388736352, 0.0 ], [ 104.148411518381579, 14.614524794051308, 0.0 ], [ 104.148737574055076, 14.616634034510426, 0.0 ] ] ] ] } },
{ "type": "Feature", "properties": { "Plang": "22", "Rawang": "526", "Rai": 5.0, "NGan": 2.0, "Wa": 20.0, "CardID": "3330500355144", "Name": "นางแย้ม เสดา", "ADD": "31/1 ถ. ซ. ม.4 บ.ขยอง ต.ตะเคียนราม อ.ภูสิงห์ จ.ศรีสะเกษ" }, "geometry": { "type": "MultiPolygon", "coordinates": [ [ [ [ 104.155316208320926, 14.613318285326223, 0.0 ], [ 104.153292879653321, 14.613746548551074, 0.0 ], [ 104.153287876031328, 14.614012530886617, 0.0 ], [ 104.153921621151227, 14.613966004985423, 0.0 ], [ 104.15543249727628, 14.613714270326211, 0.0 ], [ 104.155316208320926, 14.613318285326223, 0.0 ] ] ] ] } },
{ "type": "Feature", "properties": { "Plang": "23", "Rawang": "526", "Rai": 5.0, "NGan": 0.0, "Wa": 69.0, "CardID": "3330500355187", "Name": "นางญาติ สมหวัง", "ADD": "62 ถ. ซ. ม.4 บ.ขยอง ต.ตะเคียนราม อ.ภูสิงห์ จ.ศรีสะเกษ" }, "geometry": { "type": "MultiPolygon", "coordinates": [ [ [ [ 104.155316208320926, 14.613318285326223, 0.0 ], [ 104.155185259204885, 14.612942783034791, 0.0 ], [ 104.153301150019999, 14.61342862937218, 0.0 ], [ 104.153292879653321, 14.613746548551074, 0.0 ], [ 104.155316208320926, 14.613318285326223, 0.0 ] ] ] ] } },
{ "type": "Feature", "properties": { "Plang": "24", "Rawang": "526", "Rai": 12.0, "NGan": 0.0, "Wa": 0.0, "CardID": "3330501358732", "Name": "นางเพียร พลแก้ว", "ADD": "07 ถ. ซ. ม.5 บ.ตาเม็ง ต.ห้วยตึ๊กชู อ.ภูสิงห์ จ.ศรีสะเกษ" }, "geometry": { "type": "MultiPolygon", "coordinates": [ [ [ [ 104.153936157457451, 14.613214312605317, 0.0 ], [ 104.153429782877481, 14.610960065343086, 0.0 ], [ 104.152784462927855, 14.611042145059415, 0.0 ], [ 104.1529590685182, 14.612112289517709, 0.0 ], [ 104.15304728120671, 14.612164185525506, 0.0 ], [ 104.153031519086767, 14.612354446296692, 0.0 ], [ 104.153297683129267, 14.613374115108599, 0.0 ], [ 104.153936157457451, 14.613214312605317, 0.0 ] ] ] ] } },
{ "type": "Feature", "properties": { "Plang": "25", "Rawang": "526", "Rai": 8.0, "NGan": 1.0, "Wa": 98.0, "CardID": "3330500355276", "Name": "นางประดิษฐ์ ตะเคียนเกลี้ยง", "ADD": "33/1 ถ. ซ. ม.4 บ.ขยอง ต.ตะเคียนราม อ.ภูสิงห์ จ.ศรีสะเกษ" }, "geometry": { "type": "MultiPolygon", "coordinates": [ [ [ [ 104.154737003447835, 14.610779550995126, 0.0 ], [ 104.155151575364087, 14.612891975692957, 0.0 ], [ 104.155435648743463, 14.612714059003629, 0.0 ], [ 104.155796600471731, 14.61261742280057, 0.0 ], [ 104.155488925624866, 14.611700699611784, 0.0 ], [ 104.155481234187548, 14.611580756426058, 0.0 ], [ 104.155298213478801, 14.611167642968759, 0.0 ], [ 104.155151289623674, 14.610922125610609, 0.0 ], [ 104.155562595735688, 14.610714809990732, 0.0 ], [ 104.155539210993268, 14.61065520614247, 0.0 ], [ 104.154737003447835, 14.610779550995126, 0.0 ] ] ] ] } },
{ "type": "Feature", "properties": { "Plang": "2", "Rawang": "529", "Rai": 15.0, "NGan": 2.0, "Wa": 27.0, "CardID": "3330500179028", "Name": "นายสิทธิ์ แก้วคำ", "ADD": "181/1 ถ. ซ. ม.4 บ.จอก ต.ห้วยตึ๊กชู อ.ภูสิงห์ จ.ศรีสะเกษ" }, "geometry": { "type": "MultiPolygon", "coordinates": [ [ [ [ 104.165180103184639, 14.634799164845896, 0.0 ], [ 104.165112588886856, 14.634408843493494, 0.0 ], [ 104.161096493243178, 14.634716585961847, 0.0 ], [ 104.16120923792397, 14.635320477796103, 0.0 ], [ 104.161322748450544, 14.635326579331538, 0.0 ], [ 104.163156718502151, 14.635114235393232, 0.0 ], [ 104.165201113363324, 14.634976887069204, 0.0 ], [ 104.165180103184639, 14.634799164845896, 0.0 ] ] ] ] } },
{ "type": "Feature", "properties": { "Plang": "14", "Rawang": "529", "Rai": 4.0, "NGan": 1.0, "Wa": 77.0, "CardID": "3330500347176", "Name": "นางเหมาะสม บังคม", "ADD": "21 ถ. ซ. ม.13 บ.โคกสะอาด ต.ตะเคียนราม อ.ภูสิงห์ จ.ศรีสะเกษ" }, "geometry": { "type": "MultiPolygon", "coordinates": [ [ [ [ 104.162775735377693, 14.628814881383779, 0.0 ], [ 104.162715055676784, 14.628242714177384, 0.0 ], [ 104.162773018394518, 14.627654953036147, 0.0 ], [ 104.162700794351323, 14.627682178255288, 0.0 ], [ 104.162733894068069, 14.627093235526768, 0.0 ], [ 104.161910375248524, 14.627107814804059, 0.0 ], [ 104.161916949865002, 14.627314788500945, 0.0 ], [ 104.161661762380945, 14.627332446393796, 0.0 ], [ 104.16151685361983, 14.628804538109071, 0.0 ], [ 104.162784314168675, 14.628862354042869, 0.0 ], [ 104.162775735377693, 14.628814881383779, 0.0 ] ] ] ] } },
{ "type": "Feature", "properties": { "Plang": "19", "Rawang": "598", "Rai": 10.0, "NGan": 3.0, "Wa": 26.0, "CardID": "3330500082776", "Name": "นายบัว ปรือปรัง", "ADD": "21 ถ. ซ. ม.11 บ. ต.ปรือใหญ่ อ.ขุขันธ์ จ.ศรีสะเกษ" }, "geometry": { "type": "MultiPolygon", "coordinates": [ [ [ [ 104.190429803123806, 14.612192467251184, 0.0 ], [ 104.19284789217167, 14.611753692694176, 0.0 ], [ 104.192847825977267, 14.611722988687843, 0.0 ], [ 104.192771302028689, 14.611207828846087, 0.0 ], [ 104.191245963653685, 14.611442140906762, 0.0 ], [ 104.190298750218972, 14.611586686388137, 0.0 ], [ 104.190429803123806, 14.612192467251184, 0.0 ] ] ] ] } },
{ "type": "Feature", "properties": { "Plang": "14", "Rawang": "598", "Rai": 5.0, "NGan": 1.0, "Wa": 97.0, "CardID": "0000000000000", "Name": "นางสุพรรณ ปรือปรัง", "ADD": "16 ถ. ซ. ม.11 บ. ต.ปรือใหญ่ อ.ขุขันธ์ จ.ศรีสะเกษ" }, "geometry": { "type": "MultiPolygon", "coordinates": [ [ [ [ 104.190483590298342, 14.612810814023595, 0.0 ], [ 104.190488669490492, 14.612876904811934, 0.0 ], [ 104.192884229469612, 14.612498104251728, 0.0 ], [ 104.192849250453889, 14.612383748133539, 0.0 ], [ 104.192848848641461, 14.612197358319957, 0.0 ], [ 104.19046475188388, 14.612590779958188, 0.0 ], [ 104.190483590298342, 14.612810814023595, 0.0 ] ] ] ] } },
{ "type": "Feature", "properties": { "Plang": "13", "Rawang": "598", "Rai": 7.0, "NGan": 0.0, "Wa": 31.0, "CardID": "3330500079139", "Name": "นายเต็ง บูตะเคียน", "ADD": "5 ถ. ซ. ม.11 บ. ต.ปรือใหญ่ อ.ขุขันธ์ จ.ศรีสะเกษ" }, "geometry": { "type": "MultiPolygon", "coordinates": [ [ [ [ 104.190555825946532, 14.613207637671193, 0.0 ], [ 104.192943388236586, 14.612952548317985, 0.0 ], [ 104.192934944785137, 14.61266390650383, 0.0 ], [ 104.192884229469612, 14.612498104251728, 0.0 ], [ 104.190488669490492, 14.612876904811934, 0.0 ], [ 104.190555825946532, 14.613207637671193, 0.0 ] ] ] ] } },
{ "type": "Feature", "properties": { "Plang": "12", "Rawang": "598", "Rai": 6.0, "NGan": 0.0, "Wa": 90.0, "CardID": "3330500083951", "Name": "นายเคลียม ปรือปรัง", "ADD": "41 ถ. ซ. ม.11 บ.เนินแสง ต.ปรือใหญ่ อ.ขุขันธ์ จ.ศรีสะเกษ" }, "geometry": { "type": "MultiPolygon", "coordinates": [ [ [ [ 104.190574272661181, 14.613299745861116, 0.0 ], [ 104.190633272733066, 14.613547735413215, 0.0 ], [ 104.192988436716092, 14.613302337202065, 0.0 ], [ 104.192943388236586, 14.612952548317985, 0.0 ], [ 104.190555825946532, 14.613207637671193, 0.0 ], [ 104.190574272661181, 14.613299745861116, 0.0 ] ] ] ] } },
{ "type": "Feature", "properties": { "Plang": "11", "Rawang": "598", "Rai": 7.0, "NGan": 2.0, "Wa": 21.0, "CardID": "3330501392043", "Name": "นายราช สมร", "ADD": "21 ถ. ซ. ม.4 บ.มะขาม ต.ปรือใหญ่ อ.ขุขันธ์ จ.ศรีสะเกษ" }, "geometry": { "type": "MultiPolygon", "coordinates": [ [ [ [ 104.190661756548735, 14.613738612522083, 0.0 ], [ 104.190677324446597, 14.613963788318353, 0.0 ], [ 104.193039338630001, 14.613710972600096, 0.0 ], [ 104.193021603883111, 14.613559870438474, 0.0 ], [ 104.192988436716092, 14.613302337202065, 0.0 ], [ 104.190633272733066, 14.613547735413215, 0.0 ], [ 104.190661756548735, 14.613738612522083, 0.0 ] ] ] ] } },
{ "type": "Feature", "properties": { "Plang": "5", "Rawang": "598", "Rai": 6.0, "NGan": 3.0, "Wa": 25.0, "CardID": "3330500085783", "Name": "นายเสือง ปรือปรัก", "ADD": "204/2 ถ. ซ. ม.1 บ. ต.เทพกระษัตรี อ.ถลาง จ.ภูเก็ต" }, "geometry": { "type": "MultiPolygon", "coordinates": [ [ [ [ 104.192267986984305, 14.614603005179523, 0.0 ], [ 104.192276931790957, 14.614316549251491, 0.0 ], [ 104.190780639210857, 14.614392197048792, 0.0 ], [ 104.190845942603673, 14.614616496025393, 0.0 ], [ 104.190960718185224, 14.615042950372166, 0.0 ], [ 104.192239864877322, 14.614967099878129, 0.0 ], [ 104.192267986984305, 14.614603005179523, 0.0 ] ] ] ] } },
{ "type": "Feature", "properties": { "Plang": "8", "Rawang": "598", "Rai": 13.0, "NGan": 0.0, "Wa": 94.0, "CardID": "3330500074919", "Name": "นายสังวรณ์ ปรือปรัง", "ADD": "20/1 ถ. ซ. ม.9 บ. ต.ปรือใหญ่ อ.ขุขันธ์ จ.ศรีสะเกษ" }, "geometry": { "type": "MultiPolygon", "coordinates": [ [ [ [ 104.188042250714517, 14.615390625423487, 0.0 ], [ 104.189437043685786, 14.615053704212089, 0.0 ], [ 104.190845942603673, 14.614616496025393, 0.0 ], [ 104.190780639210857, 14.614392197048792, 0.0 ], [ 104.190740251840481, 14.614386553505087, 0.0 ], [ 104.190710262047546, 14.614143600948516, 0.0 ], [ 104.187812250047841, 14.614752974265802, 0.0 ], [ 104.188042250714517, 14.615390625423487, 0.0 ] ] ] ] } },
{ "type": "Feature", "properties": { "Plang": "6", "Rawang": "598", "Rai": 4.0, "NGan": 3.0, "Wa": 75.0, "CardID": "3330500074901", "Name": "นางรา ปรือปรัง", "ADD": "110 ถ. ซ. ม.12 บ.แสนสุข ต.ปรือใหญ่ อ.ขุขันธ์ จ.ศรีสะเกษ" }, "geometry": { "type": "MultiPolygon", "coordinates": [ [ [ [ 104.190960718185224, 14.615042950372166, 0.0 ], [ 104.190845942603673, 14.614616496025393, 0.0 ], [ 104.189437043685786, 14.615053704212089, 0.0 ], [ 104.1894745479878, 14.615489125466336, 0.0 ], [ 104.190960718185224, 14.615042950372166, 0.0 ] ] ] ] } },
{ "type": "Feature", "properties": { "Plang": "3", "Rawang": "598", "Rai": 10.0, "NGan": 0.0, "Wa": 53.0, "CardID": "3330500080439", "Name": "นางนาค บุตะเคียน", "ADD": "47 ถ. ซ. ม.7 บ. ต.ปรือใหญ่ อ.ขุขันธ์ จ.ศรีสะเกษ" }, "geometry": { "type": "MultiPolygon", "coordinates": [ [ [ [ 104.189474260055889, 14.615513926795041, 0.0 ], [ 104.189584799229408, 14.615930408829671, 0.0 ], [ 104.191700106876212, 14.615447840890765, 0.0 ], [ 104.192213964224436, 14.615330610676303, 0.0 ], [ 104.192239864877322, 14.614967099878129, 0.0 ], [ 104.190960718185224, 14.615042950372166, 0.0 ], [ 104.1894745479878, 14.615489125466336, 0.0 ], [ 104.189474260055889, 14.615513926795041, 0.0 ] ] ] ] } },
{ "type": "Feature", "properties": { "Plang": "7", "Rawang": "598", "Rai": 4.0, "NGan": 2.0, "Wa": 34.0, "CardID": "3330500074935", "Name": "นางรัญ ปรือปรัง", "ADD": "155 ถ. ซ. ม.12 บ. ต.ปรือใหญ่ อ.ขุขันธ์ จ.ศรีสะเกษ" }, "geometry": { "type": "MultiPolygon", "coordinates": [ [ [ [ 104.18817817409716, 14.615821117477992, 0.0 ], [ 104.189474260055889, 14.615513926795041, 0.0 ], [ 104.1894745479878, 14.615489125466336, 0.0 ], [ 104.189437043685786, 14.615053704212089, 0.0 ], [ 104.188042250714517, 14.615390625423487, 0.0 ], [ 104.18817817409716, 14.615821117477992, 0.0 ] ] ] ] } },
{ "type": "Feature", "properties": { "Plang": "1", "Rawang": "598", "Rai": 10.0, "NGan": 0.0, "Wa": 5.0, "CardID": "3330500080439", "Name": "นางนาค บุตะเคียน", "ADD": "47 ถ. ซ. ม.7 บ. ต.ปรือใหญ่ อ.ขุขันธ์ จ.ศรีสะเกษ" }, "geometry": { "type": "MultiPolygon", "coordinates": [ [ [ [ 104.18817817409716, 14.615821117477992, 0.0 ], [ 104.188042250714517, 14.615390625423487, 0.0 ], [ 104.187812250047841, 14.614752974265802, 0.0 ], [ 104.187674161090328, 14.614294041599576, 0.0 ], [ 104.187242762840398, 14.614375733159861, 0.0 ], [ 104.187872292084947, 14.616282565461692, 0.0 ], [ 104.188321944781848, 14.61624062882024, 0.0 ], [ 104.18817817409716, 14.615821117477992, 0.0 ] ] ] ] } },
{ "type": "Feature", "properties": { "Plang": "2", "Rawang": "598", "Rai": 4.0, "NGan": 1.0, "Wa": 57.0, "CardID": "3330500074927", "Name": "นายปา ปรือปรัง", "ADD": "143 ถ. ซ. ม.12 บ. ต.ปรือใหญ่ อ.ขุขันธ์ จ.ศรีสะเกษ" }, "geometry": { "type": "MultiPolygon", "coordinates": [ [ [ [ 104.188321944781848, 14.61624062882024, 0.0 ], [ 104.189584799229408, 14.615930408829671, 0.0 ], [ 104.189474260055889, 14.615513926795041, 0.0 ], [ 104.18817817409716, 14.615821117477992, 0.0 ], [ 104.188321944781848, 14.61624062882024, 0.0 ] ] ] ] } },
{ "type": "Feature", "properties": { "Plang": "15", "Rawang": "596", "Rai": 8.0, "NGan": 1.0, "Wa": 63.0, "CardID": "3330500082962", "Name": "นางแซว วงค์ขันธ์", "ADD": "109 ถ. ซ. ม.12 บ.แสนสุข ต.ปรือใหญ่ อ.ขุขันธ์ จ.ศรีสะเกษ" }, "geometry": { "type": "MultiPolygon", "coordinates": [ [ [ [ 104.187386635973525, 14.616374374208753, 0.0 ], [ 104.187402181187977, 14.616436734775503, 0.0 ], [ 104.187409068621506, 14.616435309372513, 0.0 ], [ 104.187907206216948, 14.618694567504841, 0.0 ], [ 104.188081563449074, 14.619408772269983, 0.0 ], [ 104.188447735992483, 14.619336906343005, 0.0 ], [ 104.187811062815214, 14.616326015538245, 0.0 ], [ 104.187386635973525, 14.616374374208753, 0.0 ] ] ] ] } },
{ "type": "Feature", "properties": { "Plang": "18", "Rawang": "596", "Rai": 13.0, "NGan": 3.0, "Wa": 83.0, "CardID": "0000000000000", "Name": "นางสมน บุยขาว", "ADD": "41 ถ. ซ. ม.7 บ. ต.ปรือใหญ่ อ.ขุขันธ์ จ.ศรีสะเกษ" }, "geometry": { "type": "MultiPolygon", "coordinates": [ [ [ [ 104.188414574708418, 14.616255213908905, 0.0 ], [ 104.188559112499263, 14.617510396961336, 0.0 ], [ 104.190105525561279, 14.617180904533914, 0.0 ], [ 104.190114789891865, 14.617071205893719, 0.0 ], [ 104.190131140330934, 14.616937433784715, 0.0 ], [ 104.18959043749939, 14.615948629288276, 0.0 ], [ 104.188414574708418, 14.616255213908905, 0.0 ] ] ] ] } },
{ "type": "Feature", "properties": { "Plang": "20", "Rawang": "596", "Rai": 20.0, "NGan": 3.0, "Wa": 66.0, "CardID": "0000000000000", "Name": "นางสมน บุญขาว", "ADD": "41 ถ. ซ. ม.7 บ. ต.ปรือใหญ่ อ.ขุขันธ์ จ.ศรีสะเกษ" }, "geometry": { "type": "MultiPolygon", "coordinates": [ [ [ [ 104.192268547437308, 14.615329979027971, 0.0 ], [ 104.191699278479277, 14.615461484517482, 0.0 ], [ 104.18959043749939, 14.615948629288276, 0.0 ], [ 104.190131140330934, 14.616937433784715, 0.0 ], [ 104.192322885680539, 14.616522979967268, 0.0 ], [ 104.192268547437308, 14.615329979027971, 0.0 ] ] ] ] } },
{ "type": "Feature", "properties": { "Plang": "17", "Rawang": "596", "Rai": 25.0, "NGan": 2.0, "Wa": 66.0, "CardID": "3330500073726", "Name": "นางนิม วงษ์ขันธ์", "ADD": "45 ถ. ซ. ม.7 บ.ปรือคันตะวันตก ต.ปรือใหญ่ อ.ขุขันธ์ จ.ศรีสะเกษ" }, "geometry": { "type": "MultiPolygon", "coordinates": [ [ [ [ 104.188732357086707, 14.618532849107172, 0.0 ], [ 104.190038651761014, 14.618204626483735, 0.0 ], [ 104.192589257042712, 14.61793803346074, 0.0 ], [ 104.192416166623318, 14.617122017094569, 0.0 ], [ 104.192420273488139, 14.61708646998917, 0.0 ], [ 104.190156709794039, 14.617425034267528, 0.0 ], [ 104.190135426815388, 14.617270548111936, 0.0 ], [ 104.190105525561279, 14.617180904533914, 0.0 ], [ 104.188559112499263, 14.617510396961336, 0.0 ], [ 104.188732357086707, 14.618532849107172, 0.0 ] ] ] ] } },
{ "type": "Feature", "properties": { "Plang": "13", "Rawang": "596", "Rai": 7.0, "NGan": 1.0, "Wa": 44.0, "CardID": "3330500085864", "Name": "นางปริม ปรือปรัก", "ADD": "134 ถ. ซ. ม.7 บ.ปรือคันตะวันตก ต.ปรือใหญ่ อ.ขุขันธ์ จ.ศรีสะเกษ" }, "geometry": { "type": "MultiPolygon", "coordinates": [ [ [ [ 104.188732357086707, 14.618532849107172, 0.0 ], [ 104.188858905496659, 14.619303347104745, 0.0 ], [ 104.189357936177586, 14.619185619684684, 0.0 ], [ 104.19008358123601, 14.618947237955492, 0.0 ], [ 104.190075296714781, 14.618726091476443, 0.0 ], [ 104.190062163195549, 14.618551863722548, 0.0 ], [ 104.190058783102373, 14.618400638712277, 0.0 ], [ 104.190038651761014, 14.618204626483735, 0.0 ], [ 104.188732357086707, 14.618532849107172, 0.0 ] ] ] ] } },
{ "type": "Feature", "properties": { "Plang": "8", "Rawang": "596", "Rai": 12.0, "NGan": 3.0, "Wa": 77.0, "CardID": "3330500080072", "Name": "นางอำไพ วันนุบล", "ADD": "30 ถ. ซ. ม.4 บ. ต.ปรือใหญ่ อ.ขุขันธ์ จ.ศรีสะเกษ" }, "geometry": { "type": "MultiPolygon", "coordinates": [ [ [ [ 104.191550204300938, 14.618770021025274, 0.0 ], [ 104.19008358123601, 14.618947237955492, 0.0 ], [ 104.189357936177586, 14.619185619684684, 0.0 ], [ 104.188858905496659, 14.619303347104745, 0.0 ], [ 104.188805252186285, 14.62000494781131, 0.0 ], [ 104.191546943277189, 14.619248630186854, 0.0 ], [ 104.191550204300938, 14.618770021025274, 0.0 ] ] ] ] } },
{ "type": "Feature", "properties": { "Plang": "6", "Rawang": "596", "Rai": 12.0, "NGan": 3.0, "Wa": 12.0, "CardID": "0000000000000", "Name": "นายมุม วันคำ", "ADD": "29 ถ. ซ. ม.4 บ.มะขาม ต.ปรือใหญ่ อ.ขุขันธ์ จ.ศรีสะเกษ" }, "geometry": { "type": "MultiPolygon", "coordinates": [ [ [ [ 104.191556899647594, 14.619537796103744, 0.0 ], [ 104.191546943277189, 14.619248630186854, 0.0 ], [ 104.188805252186285, 14.62000494781131, 0.0 ], [ 104.188864402561421, 14.620656908247435, 0.0 ], [ 104.188968432926771, 14.62062016000195, 0.0 ], [ 104.189061558022559, 14.620665839777125, 0.0 ], [ 104.19057165065152, 14.620139824898038, 0.0 ], [ 104.19156443829749, 14.619724834672288, 0.0 ], [ 104.191556899647594, 14.619537796103744, 0.0 ] ] ] ] } },
{ "type": "Feature", "properties": { "Plang": "43", "Rawang": "596", "Rai": 2.0, "NGan": 0.0, "Wa": 95.0, "CardID": "3330500083306", "Name": "นางมลิ ปรือปรัง", "ADD": "10 ถ. ซ. ม.4 บ. ต.ปรือใหญ่ อ.ขุขันธ์ จ.ศรีสะเกษ" }, "geometry": { "type": "MultiPolygon", "coordinates": [ [ [ [ 104.192378293624017, 14.616830642839435, 0.0 ], [ 104.192360507944372, 14.616688034519544, 0.0 ], [ 104.190114789891865, 14.617071205893719, 0.0 ], [ 104.190105525561279, 14.617180904533914, 0.0 ], [ 104.192378293624017, 14.616830642839435, 0.0 ] ] ] ] } },
{ "type": "Feature", "properties": { "Plang": "15", "Rawang": "516", "Rai": 16.0, "NGan": 3.0, "Wa": 84.0, "CardID": "3330501326148", "Name": "นางสวอน จันเทียม", "ADD": "76 ถ. ซ. ม.7 บ.กันแต ต.ห้วยใต้ อ.ขุขันธ์ จ.ศรีสะเกษ" }, "geometry": { "type": "MultiPolygon", "coordinates": [ [ [ [ 104.14756417755234, 14.628842911705192, 0.0 ], [ 104.147576025655738, 14.629988430179566, 0.0 ], [ 104.148458783437093, 14.630145928542447, 0.0 ], [ 104.148509029796173, 14.630173791625799, 0.0 ], [ 104.14860605971613, 14.630096913482419, 0.0 ], [ 104.149188735026414, 14.629935691255717, 0.0 ], [ 104.149393614830331, 14.629791917211229, 0.0 ], [ 104.149452169729514, 14.62973100587031, 0.0 ], [ 104.149492753051689, 14.629611038745875, 0.0 ], [ 104.149477019891847, 14.6295003280724, 0.0 ], [ 104.14954827690633, 14.629428621582448, 0.0 ], [ 104.149675794160885, 14.629330230920289, 0.0 ], [ 104.149715388900489, 14.629285658282138, 0.0 ], [ 104.149866449389137, 14.629152360400221, 0.0 ], [ 104.149931730023397, 14.629030496195657, 0.0 ], [ 104.14756417755234, 14.628842911705192, 0.0 ] ] ] ] } },
{ "type": "Feature", "properties": { "Plang": "16", "Rawang": "516", "Rai": 9.0, "NGan": 3.0, "Wa": 67.0, "CardID": "3330501322631", "Name": "นายตล จันทร์เทียม", "ADD": "98 ถ. ซ. ม.7 บ.กันแต ต.ห้วยใต้ อ.ขุขันธ์ จ.ศรีสะเกษ" }, "geometry": { "type": "MultiPolygon", "coordinates": [ [ [ [ 104.14756417755234, 14.628842911705192, 0.0 ], [ 104.149931730023397, 14.629030496195657, 0.0 ], [ 104.150015733806526, 14.628859497042281, 0.0 ], [ 104.150053833086105, 14.628510798572927, 0.0 ], [ 104.148157119477204, 14.628369929660336, 0.0 ], [ 104.147400814879518, 14.628326371103499, 0.0 ], [ 104.147384834400611, 14.628828271102522, 0.0 ], [ 104.14756417755234, 14.628842911705192, 0.0 ] ] ] ] } },
{ "type": "Feature", "properties": { "Plang": "41", "Rawang": "737", "Rai": 2.0, "NGan": 0.0, "Wa": 5.0, "CardID": "3330500239985", "Name": "นางตวน พลแก้ว", "ADD": "97 ถ. ซ. ม.6 บ.กระโดน ต.ตะเคียนราม อ.ภูสิงห์ จ.ศรีสะเกษ" }, "geometry": { "type": "MultiPolygon", "coordinates": [ [ [ [ 104.15571605402981, 14.58249602685266, 0.0 ], [ 104.155428881405228, 14.582527685212595, 0.0 ], [ 104.155480673057667, 14.583140881327699, 0.0 ], [ 104.155802085445771, 14.583258750401514, 0.0 ], [ 104.155890679469579, 14.582928918891021, 0.0 ], [ 104.15571605402981, 14.58249602685266, 0.0 ] ] ] ] } },
{ "type": "Feature", "properties": { "Plang": "42", "Rawang": "737", "Rai": 2.0, "NGan": 0.0, "Wa": 10.0, "CardID": "3330500332225", "Name": "นางปุ ดอกพอง", "ADD": "65 ถ. ซ. ม.6 บ.กระโดน ต.ตะเคียนราม อ.ภูสิงห์ จ.ศรีสะเกษ" }, "geometry": { "type": "MultiPolygon", "coordinates": [ [ [ [ 104.155890679469579, 14.582928918891021, 0.0 ], [ 104.156297690077182, 14.582951736923437, 0.0 ], [ 104.156270352353715, 14.582436346717126, 0.0 ], [ 104.15571605402981, 14.58249602685266, 0.0 ], [ 104.155890679469579, 14.582928918891021, 0.0 ] ] ] ] } },
{ "type": "Feature", "properties": { "Plang": "43", "Rawang": "737", "Rai": 2.0, "NGan": 0.0, "Wa": 17.0, "CardID": "3330500239411", "Name": "นางตุ พลแก้ว", "ADD": "39 ถ. ซ. ม.6 บ.กระโดน ต.ตะเคียนราม อ.ภูสิงห์ จ.ศรีสะเกษ" }, "geometry": { "type": "MultiPolygon", "coordinates": [ [ [ [ 104.156270352353715, 14.582436346717126, 0.0 ], [ 104.156297690077182, 14.582951736923437, 0.0 ], [ 104.156467093967166, 14.582960965283268, 0.0 ], [ 104.156858129250296, 14.582571029787637, 0.0 ], [ 104.15686436607875, 14.582375986922385, 0.0 ], [ 104.156270352353715, 14.582436346717126, 0.0 ] ] ] ] } },
{ "type": "Feature", "properties": { "Plang": "46", "Rawang": "737", "Rai": 5.0, "NGan": 0.0, "Wa": 0.0, "CardID": "3330500231038", "Name": "นายบุญ บุตะเคียน", "ADD": "49 ถ. ซ. ม.2 บ.ตะเคียนรามตะวัน ต.ตะเคียนราม อ.ภูสิงห์ จ.ศรีสะเกษ" }, "geometry": { "type": "MultiPolygon", "coordinates": [ [ [ [ 104.156411654411016, 14.581182555443089, 0.0 ], [ 104.155453648100433, 14.581370580241481, 0.0 ], [ 104.15550679170849, 14.582120730815163, 0.0 ], [ 104.156429892556091, 14.581985145100154, 0.0 ], [ 104.156411654411016, 14.581182555443089, 0.0 ] ] ] ] } },
{ "type": "Feature", "properties": { "Plang": "47", "Rawang": "737", "Rai": 5.0, "NGan": 0.0, "Wa": 0.0, "CardID": "3330500231062", "Name": "นางสมัน บุตะเคียน", "ADD": "23 ถ. ซ. ม.2 บ. ต.ตะเคียนราม อ.ภูสิงห์ จ.ศรีสะเกษ" }, "geometry": { "type": "MultiPolygon", "coordinates": [ [ [ [ 104.157042702708765, 14.58105773371228, 0.0 ], [ 104.156411654411016, 14.581182555443089, 0.0 ], [ 104.156429892556091, 14.581985145100154, 0.0 ], [ 104.157617897130919, 14.581767749124031, 0.0 ], [ 104.157042702708765, 14.58105773371228, 0.0 ] ] ] ] } },
{ "type": "Feature", "properties": { "Plang": "44", "Rawang": "737", "Rai": 7.0, "NGan": 3.0, "Wa": 1.0, "CardID": "3330500234118", "Name": "นางโมลา ศรีลาชัย", "ADD": "25 ถ. ซ. ม.6 บ. ต.ตะเคียนราม อ.ภูสิงห์ จ.ศรีสะเกษ" }, "geometry": { "type": "MultiPolygon", "coordinates": [ [ [ [ 104.156429892556091, 14.581985145100154, 0.0 ], [ 104.15550679170849, 14.582120730815163, 0.0 ], [ 104.154393120818014, 14.582272238293633, 0.0 ], [ 104.154390996830131, 14.582324704077692, 0.0 ], [ 104.154649634473458, 14.582317895176409, 0.0 ], [ 104.154649020651718, 14.582577990355706, 0.0 ], [ 104.155027546540296, 14.58256381085064, 0.0 ], [ 104.155428881405228, 14.582527685212595, 0.0 ], [ 104.15571605402981, 14.58249602685266, 0.0 ], [ 104.156270352353715, 14.582436346717126, 0.0 ], [ 104.15686436607875, 14.582375986922385, 0.0 ], [ 104.156872831788235, 14.581982721381944, 0.0 ], [ 104.157722094739285, 14.581892434224187, 0.0 ], [ 104.157617897130919, 14.581767749124031, 0.0 ], [ 104.156429892556091, 14.581985145100154, 0.0 ] ] ] ] } },
{ "type": "Feature", "properties": { "Plang": "3", "Rawang": "5838III0812", "Rai": 4.0, "NGan": 1.0, "Wa": 85.0, "CardID": "3330500331555", "Name": "นายสว่าง บุญขาว", "ADD": "1 ถ. ซ. ม.9 บ.พยอม ต.ตะเคียนราม อ.ภูสิงห์ จ.ศรีสะเกษ" }, "geometry": { "type": "MultiPolygon", "coordinates": [ [ [ [ 104.153278050619662, 14.583643556758567, 0.0 ], [ 104.15323082313617, 14.583025936949042, 0.0 ], [ 104.15246615253875, 14.583523232401237, 0.0 ], [ 104.15222985234486, 14.583906957558593, 0.0 ], [ 104.15327184893232, 14.584008913127347, 0.0 ], [ 104.153278050619662, 14.583643556758567, 0.0 ] ] ] ] } },
{ "type": "Feature", "properties": { "Plang": "4", "Rawang": "5838III0812", "Rai": 1.0, "NGan": 3.0, "Wa": 39.0, "CardID": "3330500331601", "Name": "นายเจริญพงษ์ บุญขาว", "ADD": "79 ถ. ซ. ม.9 บ.พยอม ต.ตะเคียนราม อ.ภูสิงห์ จ.ศรีสะเกษ" }, "geometry": { "type": "MultiPolygon", "coordinates": [ [ [ [ 104.153278050619662, 14.583643556758567, 0.0 ], [ 104.15327184893232, 14.584008913127347, 0.0 ], [ 104.153975863544204, 14.583743463907684, 0.0 ], [ 104.154364460607866, 14.583467719967764, 0.0 ], [ 104.153278050619662, 14.583643556758567, 0.0 ] ] ] ] } },
{ "type": "Feature", "properties": { "Plang": "5", "Rawang": "5838III0812", "Rai": 5.0, "NGan": 0.0, "Wa": 54.0, "CardID": "3330500331610", "Name": "นางมลิวัลย์ พงษ์วัน", "ADD": "29 ถ. ซ. ม.9 บ.พยอม ต.ตะเคียนราม อ.ภูสิงห์ จ.ศรีสะเกษ" }, "geometry": { "type": "MultiPolygon", "coordinates": [ [ [ [ 104.154420401359189, 14.582846079966304, 0.0 ], [ 104.15323082313617, 14.583025936949042, 0.0 ], [ 104.153278050619662, 14.583643556758567, 0.0 ], [ 104.154364460607866, 14.583467719967764, 0.0 ], [ 104.154420401359189, 14.582846079966304, 0.0 ] ] ] ] } },
{ "type": "Feature", "properties": { "Plang": "6", "Rawang": "5838III0812", "Rai": 4.0, "NGan": 2.0, "Wa": 44.0, "CardID": "3330500331571", "Name": "นางเสวียน บุตะเคียน", "ADD": "55 ถ. ซ. ม.9 บ.พยอม ต.ตะเคียนราม อ.ภูสิงห์ จ.ศรีสะเกษ" }, "geometry": { "type": "MultiPolygon", "coordinates": [ [ [ [ 104.15323082313617, 14.583025936949042, 0.0 ], [ 104.154420401359189, 14.582846079966304, 0.0 ], [ 104.154390996830131, 14.582324704077692, 0.0 ], [ 104.153164239203392, 14.582547348628779, 0.0 ], [ 104.15323082313617, 14.583025936949042, 0.0 ] ] ] ] } },
{ "type": "Feature", "properties": { "Plang": "38", "Rawang": "737", "Rai": 2.0, "NGan": 0.0, "Wa": 1.0, "CardID": "3330500331091", "Name": "นายลาย บุตะเคียน", "ADD": "61 ถ. ซ. ม.6 บ.กระโดน ต.ตะเคียนราม อ.ภูสิงห์ จ.ศรีสะเกษ" }, "geometry": { "type": "MultiPolygon", "coordinates": [ [ [ [ 104.15506378098533, 14.583286223397202, 0.0 ], [ 104.155027546540296, 14.58256381085064, 0.0 ], [ 104.154649020651718, 14.582577990355706, 0.0 ], [ 104.154674624475348, 14.58313039376551, 0.0 ], [ 104.15496384637008, 14.583346163244643, 0.0 ], [ 104.15506378098533, 14.583286223397202, 0.0 ] ] ] ] } },
{ "type": "Feature", "properties": { "Plang": "16", "Rawang": "524", "Rai": 3.0, "NGan": 2.0, "Wa": 38.0, "CardID": "3330500153304", "Name": "นางน้อย เกษหอม", "ADD": "35/1 ถ. ซ. ม.1 บ. ต.ห้วยใต้ อ.ขุขันธ์ จ.ศรีสะเกษ" }, "geometry": { "type": "MultiPolygon", "coordinates": [ [ [ [ 104.142309858653334, 14.611276469629901, 0.0 ], [ 104.141938803549706, 14.612406704895015, 0.0 ], [ 104.142468139826349, 14.612254044939197, 0.0 ], [ 104.142532144774222, 14.612333700836613, 0.0 ], [ 104.142625679897037, 14.611254134373286, 0.0 ], [ 104.142309858653334, 14.611276469629901, 0.0 ] ] ] ] } },
{ "type": "Feature", "properties": { "Plang": "17", "Rawang": "524", "Rai": 3.0, "NGan": 2.0, "Wa": 38.0, "CardID": "5330500036606", "Name": "นางสุมล คำสิม", "ADD": "64 ถ. ซ. ม.14 บ. ต.ตะเคียนราม อ.ภูสิงห์ จ.ศรีสะเกษ" }, "geometry": { "type": "MultiPolygon", "coordinates": [ [ [ [ 104.142625679897037, 14.611254134373286, 0.0 ], [ 104.142532144774222, 14.612333700836613, 0.0 ], [ 104.142566407460819, 14.612355813804605, 0.0 ], [ 104.143009954716774, 14.612527581392664, 0.0 ], [ 104.14297064321714, 14.611223117089118, 0.0 ], [ 104.142625679897037, 14.611254134373286, 0.0 ] ] ] ] } },
{ "type": "Feature", "properties": { "Plang": "18", "Rawang": "524", "Rai": 3.0, "NGan": 2.0, "Wa": 38.0, "CardID": "3330500222276", "Name": "นายประสิทธิ์ ศรีลาชัย", "ADD": "9 ถ. ซ. ม.14 บ. ต.ตะเคียนราม อ.ภูสิงห์ จ.ศรีสะเกษ" }, "geometry": { "type": "MultiPolygon", "coordinates": [ [ [ [ 104.14297064321714, 14.611223117089118, 0.0 ], [ 104.143009954716774, 14.612527581392664, 0.0 ], [ 104.143360537912642, 14.612666565274619, 0.0 ], [ 104.143312873092782, 14.611195201364726, 0.0 ], [ 104.14297064321714, 14.611223117089118, 0.0 ] ] ] ] } },
{ "type": "Feature", "properties": { "Plang": "19", "Rawang": "524", "Rai": 3.0, "NGan": 2.0, "Wa": 38.0, "CardID": "3330500219976", "Name": "นางสาวสำฤทธิ์ ศรีลาชัย", "ADD": "8 ถ. ซ. ม.14 บ. ต.ตะเคียนราม อ.ภูสิงห์ จ.ศรีสะเกษ" }, "geometry": { "type": "MultiPolygon", "coordinates": [ [ [ [ 104.143312873092782, 14.611195201364726, 0.0 ], [ 104.143360537912642, 14.612666565274619, 0.0 ], [ 104.143478399815677, 14.612699972574529, 0.0 ], [ 104.143622337778538, 14.612719155110783, 0.0 ], [ 104.143679888483902, 14.611167156038366, 0.0 ], [ 104.143312873092782, 14.611195201364726, 0.0 ] ] ] ] } },
{ "type": "Feature", "properties": { "Plang": "20", "Rawang": "524", "Rai": 3.0, "NGan": 2.0, "Wa": 38.0, "CardID": "2331700009846", "Name": "นางสาววาสนา ตะเคียนเกลี้ยง", "ADD": "8 ถ. ซ. ม.14 บ. ต.ตะเคียนราม อ.ภูสิงห์ จ.ศรีสะเกษ" }, "geometry": { "type": "MultiPolygon", "coordinates": [ [ [ [ 104.143679888483902, 14.611167156038366, 0.0 ], [ 104.143622337778538, 14.612719155110783, 0.0 ], [ 104.143881926601154, 14.612750706371743, 0.0 ], [ 104.144032328300639, 14.611142148023724, 0.0 ], [ 104.143679888483902, 14.611167156038366, 0.0 ] ] ] ] } },
{ "type": "Feature", "properties": { "Plang": "22", "Rawang": "524", "Rai": 6.0, "NGan": 1.0, "Wa": 6.0, "CardID": "3330500219976", "Name": "นางสาวสำฤทธิ์ ศรีลาชัย", "ADD": "8 ถ. ซ. ม.14 บ. ต.ตะเคียนราม อ.ภูสิงห์ จ.ศรีสะเกษ" }, "geometry": { "type": "MultiPolygon", "coordinates": [ [ [ [ 104.146588811583769, 14.612319026862972, 0.0 ], [ 104.146626327770818, 14.61197776627329, 0.0 ], [ 104.144227214071378, 14.61205149961811, 0.0 ], [ 104.144218276247955, 14.612415703719188, 0.0 ], [ 104.146588811583769, 14.612319026862972, 0.0 ] ] ] ] } },
{ "type": "Feature", "properties": { "Plang": "23", "Rawang": "524", "Rai": 6.0, "NGan": 1.0, "Wa": 5.0, "CardID": "2331700009846", "Name": "นางสาววาสนา ตะเคียนเกลี้ยง", "ADD": "8 ถ. ซ. ม.14 บ. ต.ตะเคียนราม อ.ภูสิงห์ จ.ศรีสะเกษ" }, "geometry": { "type": "MultiPolygon", "coordinates": [ [ [ [ 104.146626327770818, 14.61197776627329, 0.0 ], [ 104.146659974856306, 14.611638787248355, 0.0 ], [ 104.144254824922058, 14.611697950089226, 0.0 ], [ 104.144227214071378, 14.61205149961811, 0.0 ], [ 104.146626327770818, 14.61197776627329, 0.0 ] ] ] ] } },
{ "type": "Feature", "properties": { "Plang": "24", "Rawang": "524", "Rai": 5.0, "NGan": 2.0, "Wa": 34.0, "CardID": "3330500153304", "Name": "นางน้อย เกษหอม", "ADD": "35/1 ถ. ซ. ม.1 บ. ต.ห้วยใต้ อ.ขุขันธ์ จ.ศรีสะเกษ" }, "geometry": { "type": "MultiPolygon", "coordinates": [ [ [ [ 104.146659974856306, 14.611638787248355, 0.0 ], [ 104.146685690249257, 14.611351113184694, 0.0 ], [ 104.144275583025802, 14.611369728777298, 0.0 ], [ 104.144254824922058, 14.611697950089226, 0.0 ], [ 104.146659974856306, 14.611638787248355, 0.0 ] ] ] ] } },
{ "type": "Feature", "properties": { "Plang": "25", "Rawang": "524", "Rai": 5.0, "NGan": 2.0, "Wa": 56.0, "CardID": "3330500176975", "Name": "นางรจเนียร น้อยสงวน", "ADD": "35 ถ. ซ. ม.4 บ. ต.ห้วยใต้ อ.ขุขันธ์ จ.ศรีสะเกษ" }, "geometry": { "type": "MultiPolygon", "coordinates": [ [ [ [ 104.146685690249257, 14.611351113184694, 0.0 ], [ 104.146717216134576, 14.611026230857361, 0.0 ], [ 104.144298915967255, 14.611032553659955, 0.0 ], [ 104.144275583025802, 14.611369728777298, 0.0 ], [ 104.146685690249257, 14.611351113184694, 0.0 ] ] ] ] } },
{ "type": "Feature", "properties": { "Plang": "26", "Rawang": "524", "Rai": 7.0, "NGan": 2.0, "Wa": 44.0, "CardID": "5330500036614", "Name": "นางสาวสุวรรณ บุตะเคียน", "ADD": "55 ถ. ซ. ม.14 บ. ต.ตะเคียนราม อ.ภูสิงห์ จ.ศรีสะเกษ" }, "geometry": { "type": "MultiPolygon", "coordinates": [ [ [ [ 104.144304052766728, 14.61087645342473, 0.0 ], [ 104.144298915967255, 14.611032553659955, 0.0 ], [ 104.146717216134576, 14.611026230857361, 0.0 ], [ 104.146765958184801, 14.610549614276984, 0.0 ], [ 104.144290161589851, 14.610660374790225, 0.0 ], [ 104.144304052766728, 14.61087645342473, 0.0 ] ] ] ] } },
{ "type": "Feature", "properties": { "Plang": "27", "Rawang": "524", "Rai": 8.0, "NGan": 2.0, "Wa": 43.0, "CardID": "3330500222233", "Name": "นายสงค์ ศรีลาชัย", "ADD": "9 ถ. ซ. ม.14 บ. ต.ตะเคียนราม อ.ภูสิงห์ จ.ศรีสะเกษ" }, "geometry": { "type": "MultiPolygon", "coordinates": [ [ [ [ 104.144290161589851, 14.610660374790225, 0.0 ], [ 104.146765958184801, 14.610549614276984, 0.0 ], [ 104.146807557289591, 14.610156791135205, 0.0 ], [ 104.144296087873684, 14.610126952055877, 0.0 ], [ 104.144290161589851, 14.610660374790225, 0.0 ] ] ] ] } },
{ "type": "Feature", "properties": { "Plang": "21", "Rawang": "524", "Rai": 3.0, "NGan": 2.0, "Wa": 38.0, "CardID": "3330500219968", "Name": "นายนวง ศรีลาชัย", "ADD": "47 ถ. ซ. ม.6 บ. ต.ตะเคียนราม อ.ภูสิงห์ จ.ศรีสะเกษ" }, "geometry": { "type": "MultiPolygon", "coordinates": [ [ [ [ 104.144032328300639, 14.611142148023724, 0.0 ], [ 104.143881926601154, 14.612750706371743, 0.0 ], [ 104.144195943572214, 14.61279665295031, 0.0 ], [ 104.144218276247955, 14.612415703719188, 0.0 ], [ 104.144227214071378, 14.61205149961811, 0.0 ], [ 104.144254824922058, 14.611697950089226, 0.0 ], [ 104.144275583025802, 14.611369728777298, 0.0 ], [ 104.144298915967255, 14.611032553659955, 0.0 ], [ 104.144304052766728, 14.61087645342473, 0.0 ], [ 104.144032328300639, 14.611142148023724, 0.0 ] ] ] ] } },
{ "type": "Feature", "properties": { "Plang": "13", "Rawang": "524", "Rai": 6.0, "NGan": 2.0, "Wa": 91.0, "CardID": "3330500219968", "Name": "นายนวง ศรีลาชัย", "ADD": "47 ถ. ซ. ม.6 บ. ต.ตะเคียนราม อ.ภูสิงห์ จ.ศรีสะเกษ" }, "geometry": { "type": "MultiPolygon", "coordinates": [ [ [ [ 104.144195943572214, 14.61279665295031, 0.0 ], [ 104.146550244419473, 14.612689157495735, 0.0 ], [ 104.146605616723008, 14.612672629544704, 0.0 ], [ 104.146588811583769, 14.612319026862972, 0.0 ], [ 104.144218276247955, 14.612415703719188, 0.0 ], [ 104.144195943572214, 14.61279665295031, 0.0 ] ] ] ] } },
{ "type": "Feature", "properties": { "Plang": "15", "Rawang": "524", "Rai": 3.0, "NGan": 2.0, "Wa": 37.0, "CardID": "3330500176975", "Name": "นางรจเนียร น้อยสงวน", "ADD": "35 ถ. ซ. ม.4 บ. ต.ห้วยใต้ อ.ขุขันธ์ จ.ศรีสะเกษ" }, "geometry": { "type": "MultiPolygon", "coordinates": [ [ [ [ 104.141778972502948, 14.610641424366809, 0.0 ], [ 104.141555887575876, 14.611466642208603, 0.0 ], [ 104.142070595126924, 14.611436521062886, 0.0 ], [ 104.142077437151528, 14.611543922250471, 0.0 ], [ 104.141811556295224, 14.611720326327696, 0.0 ], [ 104.141938803549706, 14.612406704895015, 0.0 ], [ 104.142309858653334, 14.611276469629901, 0.0 ], [ 104.142030814315646, 14.611297954545394, 0.0 ], [ 104.141821232708182, 14.610623997447028, 0.0 ], [ 104.141778972502948, 14.610641424366809, 0.0 ] ] ] ] } },
{ "type": "Feature", "properties": { "Plang": "8", "Rawang": "524", "Rai": 4.0, "NGan": 1.0, "Wa": 3.0, "CardID": "3330500351734", "Name": "นางพิสมัย บุญขาว", "ADD": "1 ถ. ซ. ม.4 บ.ขยอง ต.ตะเคียนราม อ.ภูสิงห์ จ.ศรีสะเกษ" }, "geometry": { "type": "MultiPolygon", "coordinates": [ [ [ [ 104.141170388545859, 14.613574788516827, 0.0 ], [ 104.141160296584914, 14.613407053253241, 0.0 ], [ 104.140469099273602, 14.613632907302046, 0.0 ], [ 104.141039119476645, 14.6148528570131, 0.0 ], [ 104.141175708795004, 14.614819969150997, 0.0 ], [ 104.14114133134521, 14.614412469515216, 0.0 ], [ 104.141148094791703, 14.613971734263464, 0.0 ], [ 104.141170388545859, 14.613574788516827, 0.0 ] ] ] ] } },
{ "type": "Feature", "properties": { "Plang": "9", "Rawang": "524", "Rai": 5.0, "NGan": 0.0, "Wa": 75.0, "CardID": "3330500355802", "Name": "นางบึ บุญนะรา", "ADD": "41 ถ. ซ. ม.4 บ. ต.ตะเคียนราม อ.ภูสิงห์ จ.ศรีสะเกษ" }, "geometry": { "type": "MultiPolygon", "coordinates": [ [ [ [ 104.141160296584914, 14.613407053253241, 0.0 ], [ 104.141179220634314, 14.613172437524986, 0.0 ], [ 104.140839099144145, 14.612889153109421, 0.0 ], [ 104.140247258492863, 14.612425872475814, 0.0 ], [ 104.140074917677182, 14.612572604452492, 0.0 ], [ 104.140469099273602, 14.613632907302046, 0.0 ], [ 104.141160296584914, 14.613407053253241, 0.0 ] ] ] ] } },
{ "type": "Feature", "properties": { "Plang": "12", "Rawang": "524", "Rai": 5.0, "NGan": 2.0, "Wa": 9.0, "CardID": "3330500355845", "Name": "นางแอม มะลิพันธ์", "ADD": "41/1 ถ. ซ. ม.4 บ. ต.ตะเคียนราม อ.ภูสิงห์ จ.ศรีสะเกษ" }, "geometry": { "type": "MultiPolygon", "coordinates": [ [ [ [ 104.141130320727257, 14.611751880137643, 0.0 ], [ 104.141179220634314, 14.613172437524986, 0.0 ], [ 104.141764612935745, 14.61293871219236, 0.0 ], [ 104.141938803549706, 14.612406704895015, 0.0 ], [ 104.141688477934053, 14.612416071590481, 0.0 ], [ 104.141452830436805, 14.611639346632533, 0.0 ], [ 104.141130320727257, 14.611751880137643, 0.0 ] ] ] ] } },
{ "type": "Feature", "properties": { "Plang": "12", "Rawang": "596", "Rai": 3.0, "NGan": 3.0, "Wa": 47.0, "CardID": "3330500083331", "Name": "นางอ๋อย วงษ์ขันธ์", "ADD": "23 ถ. ซ. ม.4 บ. ต.ปรือใหญ่ อ.ขุขันธ์ จ.ศรีสะเกษ" }, "geometry": { "type": "MultiPolygon", "coordinates": [ [ [ [ 104.192890661531521, 14.618711808163766, 0.0 ], [ 104.192812403817072, 14.618509278716747, 0.0 ], [ 104.190075296714781, 14.618726091476443, 0.0 ], [ 104.19008358123601, 14.618947237955492, 0.0 ], [ 104.191550204300938, 14.618770021025274, 0.0 ], [ 104.192890661531521, 14.618711808163766, 0.0 ] ] ] ] } },
{ "type": "Feature", "properties": { "Plang": "13", "Rawang": "748", "Rai": 4.0, "NGan": 2.0, "Wa": 17.0, "CardID": "3330500228118", "Name": "นายชิน บุตะเคียน", "ADD": "42/1 ถ. ซ. ม.2 บ.ตะเคียนรามตะวัน ต.ตะเคียนราม อ.ภูสิงห์ จ.ศรีสะเกษ" }, "geometry": { "type": "MultiPolygon", "coordinates": [ [ [ [ 104.16695761978761, 14.587830314216694, 0.0 ], [ 104.166957292167496, 14.587917594273142, 0.0 ], [ 104.167420090099881, 14.587951461716248, 0.0 ], [ 104.167569352995997, 14.588046449720542, 0.0 ], [ 104.167880614644034, 14.588089612619124, 0.0 ], [ 104.168197947716564, 14.588114057026738, 0.0 ], [ 104.168039668407133, 14.587555039995991, 0.0 ], [ 104.167575600053439, 14.587557822331021, 0.0 ], [ 104.167037316149404, 14.587300839042797, 0.0 ], [ 104.16695761978761, 14.587830314216694, 0.0 ] ] ] ] } },
{ "type": "Feature", "properties": { "Plang": "21", "Rawang": "748", "Rai": 3.0, "NGan": 3.0, "Wa": 63.0, "CardID": "1331700033731", "Name": "นางสาวสุวิสา อุดรพันธ์", "ADD": "06 ถ. ซ. ม.12 บ.ห้วยยาง ต.ตะเคียนราม อ.ภูสิงห์ จ.ศรีสะเกษ" }, "geometry": { "type": "MultiPolygon", "coordinates": [ [ [ [ 104.164164731977024, 14.58569240011729, 0.0 ], [ 104.164284241048264, 14.585666177626829, 0.0 ], [ 104.16467060838562, 14.586707689005729, 0.0 ], [ 104.164801527304448, 14.586676079229941, 0.0 ], [ 104.164492926199344, 14.585583576128448, 0.0 ], [ 104.164879417618593, 14.585564834137484, 0.0 ], [ 104.164833547933213, 14.58533476874581, 0.0 ], [ 104.164823267476763, 14.585136954187417, 0.0 ], [ 104.164627722004099, 14.585116103598754, 0.0 ], [ 104.164131433828274, 14.585231503952292, 0.0 ], [ 104.164164731977024, 14.58569240011729, 0.0 ] ] ] ] } },
{ "type": "Feature", "properties": { "Plang": "22", "Rawang": "748", "Rai": 6.0, "NGan": 3.0, "Wa": 91.0, "CardID": "3330500179745", "Name": "นายรื่น ทองอินทร์", "ADD": "24 ถ. ซ. ม.12 บ.ตะเคียนรามตะวัน ต.ตะเคียนราม อ.ภูสิงห์ จ.ศรีสะเกษ" }, "geometry": { "type": "MultiPolygon", "coordinates": [ [ [ [ 104.164284241048264, 14.585666177626829, 0.0 ], [ 104.164164731977024, 14.58569240011729, 0.0 ], [ 104.163872623614026, 14.585709504263578, 0.0 ], [ 104.163338661321532, 14.585863807054004, 0.0 ], [ 104.163677841950189, 14.586345658181425, 0.0 ], [ 104.164217834771222, 14.586775338973602, 0.0 ], [ 104.16440878926069, 14.586922050199115, 0.0 ], [ 104.164879107360264, 14.586973197118354, 0.0 ], [ 104.164801527304448, 14.586676079229941, 0.0 ], [ 104.16467060838562, 14.586707689005729, 0.0 ], [ 104.164284241048264, 14.585666177626829, 0.0 ] ] ] ] } },
{ "type": "Feature", "properties": { "Plang": "20", "Rawang": "748", "Rai": 15.0, "NGan": 0.0, "Wa": 44.0, "CardID": "1330500147111", "Name": "นางสาววราภรณ์ ลานตวน", "ADD": "19 ถ. ซ. ม.2 บ. ต.ตะเคียนราม อ.ภูสิงห์ จ.ศรีสะเกษ" }, "geometry": { "type": "MultiPolygon", "coordinates": [ [ [ [ 104.164879107360264, 14.586973197118354, 0.0 ], [ 104.166145168851884, 14.587086064219859, 0.0 ], [ 104.166210199456174, 14.586145069029287, 0.0 ], [ 104.166174194063515, 14.585735842447543, 0.0 ], [ 104.165573226083126, 14.585675242918054, 0.0 ], [ 104.164879417618593, 14.585564834137484, 0.0 ], [ 104.164492926199344, 14.585583576128448, 0.0 ], [ 104.164801527304448, 14.586676079229941, 0.0 ], [ 104.164879107360264, 14.586973197118354, 0.0 ] ] ] ] } },
{ "type": "Feature", "properties": { "Plang": "19", "Rawang": "748", "Rai": 2.0, "NGan": 3.0, "Wa": 89.0, "CardID": "3330500228282", "Name": "นางเสวียน บุตะเคียน", "ADD": "13 ถ. ซ. ม.2 บ.ตะเคียนรามตะวัน ต.ตะเคียนราม อ.ภูสิงห์ จ.ศรีสะเกษ" }, "geometry": { "type": "MultiPolygon", "coordinates": [ [ [ [ 104.166137408492844, 14.587161076990206, 0.0 ], [ 104.164868898836005, 14.587008963706342, 0.0 ], [ 104.164849957094916, 14.587312669899317, 0.0 ], [ 104.164909649288376, 14.58733380860421, 0.0 ], [ 104.16548023967303, 14.587381948906879, 0.0 ], [ 104.166105953452998, 14.5874668868905, 0.0 ], [ 104.166137408492844, 14.587161076990206, 0.0 ] ] ] ] } },
{ "type": "Feature", "properties": { "Plang": "18", "Rawang": "748", "Rai": 3.0, "NGan": 1.0, "Wa": 62.0, "CardID": "3330500229238", "Name": "นางสาวมณีรัตน์ ศรีลาชัย", "ADD": "31 ถ. ซ. ม.12 บ.ตะเคียนรามตะวัน ต.ตะเคียนราม อ.ภูสิงห์ จ.ศรีสะเกษ" }, "geometry": { "type": "MultiPolygon", "coordinates": [ [ [ [ 104.164917383392847, 14.587684409614075, 0.0 ], [ 104.165218791480811, 14.587705407138065, 0.0 ], [ 104.166107552236738, 14.587889220915248, 0.0 ], [ 104.166105953452998, 14.5874668868905, 0.0 ], [ 104.16548023967303, 14.587381948906879, 0.0 ], [ 104.164909649288376, 14.58733380860421, 0.0 ], [ 104.164917383392847, 14.587684409614075, 0.0 ] ] ] ] } },
{ "type": "Feature", "properties": { "Plang": "17", "Rawang": "748", "Rai": 2.0, "NGan": 3.0, "Wa": 96.0, "CardID": "3330500230490", "Name": "นางเย็น บุตะเคียน", "ADD": "84 ถ. ซ. ม.12 บ. ต.ตะเคียนราม อ.ภูสิงห์ จ.ศรีสะเกษ" }, "geometry": { "type": "MultiPolygon", "coordinates": [ [ [ [ 104.165218791480811, 14.587705407138065, 0.0 ], [ 104.165186080206041, 14.58822112666158, 0.0 ], [ 104.166062903357272, 14.588277904734454, 0.0 ], [ 104.166107552236738, 14.587889220915248, 0.0 ], [ 104.165218791480811, 14.587705407138065, 0.0 ] ] ] ] } },
{ "type": "Feature", "properties": { "Plang": "11", "Rawang": "748", "Rai": 6.0, "NGan": 1.0, "Wa": 75.0, "CardID": "3330500239551", "Name": "นายดำ ธรรมพร", "ADD": "41 ถ. ซ. ม.6 บ. ต.ห้วยตึ๊กชู อ.ภูสิงห์ จ.ศรีสะเกษ" }, "geometry": { "type": "MultiPolygon", "coordinates": [ [ [ [ 104.165293096199477, 14.588733240431688, 0.0 ], [ 104.165326679149459, 14.588898246610396, 0.0 ], [ 104.1656705686583, 14.588744216319757, 0.0 ], [ 104.166186542028925, 14.588623735225788, 0.0 ], [ 104.166241235952697, 14.588611656118612, 0.0 ], [ 104.166795092225286, 14.589062659170894, 0.0 ], [ 104.16685631035331, 14.588853328490979, 0.0 ], [ 104.166935011512138, 14.588668260055302, 0.0 ], [ 104.166890304116009, 14.588504153352311, 0.0 ], [ 104.166892120645642, 14.58834305982575, 0.0 ], [ 104.166129368667228, 14.588196711370079, 0.0 ], [ 104.166123549066938, 14.588283093387673, 0.0 ], [ 104.166062903357272, 14.588277904734454, 0.0 ], [ 104.165186080206041, 14.58822112666158, 0.0 ], [ 104.165293096199477, 14.588733240431688, 0.0 ] ] ] ] } },
{ "type": "Feature", "properties": { "Plang": "12", "Rawang": "748", "Rai": 5.0, "NGan": 3.0, "Wa": 91.0, "CardID": "1331700018677", "Name": "นางสาวละอองดาว วันคำ", "ADD": "59 ถ. ซ. ม.9 บ.พยอม ต.ตะเคียนราม อ.ภูสิงห์ จ.ศรีสะเกษ" }, "geometry": { "type": "MultiPolygon", "coordinates": [ [ [ [ 104.167148875150446, 14.588878105257457, 0.0 ], [ 104.167714054379019, 14.58890097542008, 0.0 ], [ 104.167880614644034, 14.588089612619124, 0.0 ], [ 104.167569352995997, 14.588046449720542, 0.0 ], [ 104.167420090099881, 14.587951461716248, 0.0 ], [ 104.166957292167496, 14.587917594273142, 0.0 ], [ 104.166928828167642, 14.588142933722654, 0.0 ], [ 104.166892120645642, 14.58834305982575, 0.0 ], [ 104.166890304116009, 14.588504153352311, 0.0 ], [ 104.166935011512138, 14.588668260055302, 0.0 ], [ 104.16685631035331, 14.588853328490979, 0.0 ], [ 104.167148875150446, 14.588878105257457, 0.0 ] ] ] ] } },
{ "type": "Feature", "properties": { "Plang": "7", "Rawang": "748", "Rai": 1.0, "NGan": 1.0, "Wa": 83.0, "CardID": "0000000000000", "Name": "นายด่อน บุตะเคียน", "ADD": "76 ถ. ซ. ม.2 บ. ต.ตะเคียนราม อ.ขุขันธ์ จ.ศรีสะเกษ" }, "geometry": { "type": "MultiPolygon", "coordinates": [ [ [ [ 104.167148875150446, 14.588878105257457, 0.0 ], [ 104.167187753135451, 14.58927391741492, 0.0 ], [ 104.167426241459452, 14.589259760718594, 0.0 ], [ 104.167749799039996, 14.589158402842306, 0.0 ], [ 104.167714054379019, 14.58890097542008, 0.0 ], [ 104.167148875150446, 14.588878105257457, 0.0 ] ] ] ] } },
{ "type": "Feature", "properties": { "Plang": "8", "Rawang": "748", "Rai": 0.0, "NGan": 3.0, "Wa": 79.0, "CardID": "3330500237311", "Name": "นางสอาด บุตะเคียน", "ADD": "42 ถ. ซ. ม.2 บ.ตะเคียนรามตะวัน ต.ตะเคียนราม อ.ภูสิงห์ จ.ศรีสะเกษ" }, "geometry": { "type": "MultiPolygon", "coordinates": [ [ [ [ 104.167187753135451, 14.58927391741492, 0.0 ], [ 104.167148875150446, 14.588878105257457, 0.0 ], [ 104.16685631035331, 14.588853328490979, 0.0 ], [ 104.166795092225286, 14.589062659170894, 0.0 ], [ 104.166841304610401, 14.589098724541483, 0.0 ], [ 104.166885370234368, 14.589264080251173, 0.0 ], [ 104.167187753135451, 14.58927391741492, 0.0 ] ] ] ] } },
{ "type": "Feature", "properties": { "Plang": "24", "Rawang": "507", "Rai": 7.0, "NGan": 0.0, "Wa": 74.0, "CardID": "3330500167534", "Name": "นางเลียน ธงชัย", "ADD": "32 ถ. ซ. ม.9 บ.ตาตุม ต.ห้วยใต้ อ.ขุขันธ์ จ.ศรีสะเกษ" }, "geometry": { "type": "MultiPolygon", "coordinates": [ [ [ [ 104.147606441114988, 14.632366114189882, 0.0 ], [ 104.148380688043744, 14.632295667478852, 0.0 ], [ 104.148332526485859, 14.63189412240299, 0.0 ], [ 104.148344941376436, 14.631801552321315, 0.0 ], [ 104.148372295805771, 14.631381165401097, 0.0 ], [ 104.147690297296108, 14.631169421944056, 0.0 ], [ 104.147396241751068, 14.631910149978166, 0.0 ], [ 104.147287062096083, 14.632342135635595, 0.0 ], [ 104.147606441114988, 14.632366114189882, 0.0 ] ] ] ] } },
{ "type": "Feature", "properties": { "Plang": "5", "Rawang": "516", "Rai": 4.0, "NGan": 3.0, "Wa": 12.0, "CardID": "3330501328167", "Name": "นางเฉลียว บุญขาว", "ADD": "21 ถ. ซ. ม.8 บ.ตาดม ต.ห้วยใต้ อ.ขุขันธ์ จ.ศรีสะเกษ" }, "geometry": { "type": "MultiPolygon", "coordinates": [ [ [ [ 104.155947621594791, 14.630965599266654, 0.0 ], [ 104.154249566543925, 14.631091672357515, 0.0 ], [ 104.154275877858865, 14.631461602933868, 0.0 ], [ 104.154347234157967, 14.631454637673817, 0.0 ], [ 104.15602166808624, 14.631318628905541, 0.0 ], [ 104.155947621594791, 14.630965599266654, 0.0 ] ] ] ] } },
{ "type": "Feature", "properties": { "Plang": "6", "Rawang": "516", "Rai": 4.0, "NGan": 2.0, "Wa": 84.0, "CardID": "3330500974952", "Name": "นางมะลิ ทองมนต์", "ADD": "691 ถ. ซ. ม.6 บ. ต.ห้วยเหนือ อ.ขุขันธ์ จ.ศรีสะเกษ" }, "geometry": { "type": "MultiPolygon", "coordinates": [ [ [ [ 104.155863814847379, 14.630580213536907, 0.0 ], [ 104.154231686378992, 14.630712326254738, 0.0 ], [ 104.154249566543925, 14.631091672357515, 0.0 ], [ 104.155947621594791, 14.630965599266654, 0.0 ], [ 104.155863814847379, 14.630580213536907, 0.0 ] ] ] ] } },
{ "type": "Feature", "properties": { "Plang": "7", "Rawang": "516", "Rai": 4.0, "NGan": 2.0, "Wa": 91.0, "CardID": "3330501328183", "Name": "นางลอง สติมั่น", "ADD": "58 ถ. ซ. ม.7 บ. ต.หนองฉลอง อ.ขุขันธ์ จ.ศรีสะเกษ" }, "geometry": { "type": "MultiPolygon", "coordinates": [ [ [ [ 104.152536791486284, 14.630851901967645, 0.0 ], [ 104.152544658496012, 14.631212400143207, 0.0 ], [ 104.154249566543925, 14.631091672357515, 0.0 ], [ 104.154231686378992, 14.630712326254738, 0.0 ], [ 104.152536791486284, 14.630851901967645, 0.0 ] ] ] ] } },
{ "type": "Feature", "properties": { "Plang": "9", "Rawang": "516", "Rai": 15.0, "NGan": 0.0, "Wa": 28.0, "CardID": "3330501326831", "Name": "นางสวิด มะลิพันธ์", "ADD": "87 ถ. ซ. ม.7 บ.กันแต ต.ห้วยใต้ อ.ขุขันธ์ จ.ศรีสะเกษ" }, "geometry": { "type": "MultiPolygon", "coordinates": [ [ [ [ 104.152530711579757, 14.629492051931914, 0.0 ], [ 104.152535256247177, 14.630184403965821, 0.0 ], [ 104.15569485561339, 14.630007084467179, 0.0 ], [ 104.155673799707159, 14.62987148179586, 0.0 ], [ 104.155585517989493, 14.629442339732501, 0.0 ], [ 104.155290009080545, 14.629414459059996, 0.0 ], [ 104.154899823499846, 14.629429553002629, 0.0 ], [ 104.154491644835943, 14.629432969280492, 0.0 ], [ 104.154032074832614, 14.629424965723729, 0.0 ], [ 104.153241777704537, 14.629462697612848, 0.0 ], [ 104.15265835914056, 14.62948250988196, 0.0 ], [ 104.152530711579757, 14.629492051931914, 0.0 ] ] ] ] } },
{ "type": "Feature", "properties": { "Plang": "10", "Rawang": "516", "Rai": 6.0, "NGan": 3.0, "Wa": 21.0, "CardID": "3330501323688", "Name": "นางพูน แพงมาก", "ADD": "31 ถ. ซ. ม.7 บ.กันแต ต.ห้วยใต้ อ.ขุขันธ์ จ.ศรีสะเกษ" }, "geometry": { "type": "MultiPolygon", "coordinates": [ [ [ [ 104.152548339507348, 14.631594411953071, 0.0 ], [ 104.152544658496012, 14.631212400143207, 0.0 ], [ 104.152536791486284, 14.630851901967645, 0.0 ], [ 104.152557854454471, 14.630470579736533, 0.0 ], [ 104.152535256247177, 14.630184403965821, 0.0 ], [ 104.152530711579757, 14.629492051931914, 0.0 ], [ 104.152239977395269, 14.629519743444131, 0.0 ], [ 104.152102704116146, 14.629524822968031, 0.0 ], [ 104.152088507744281, 14.631054998252203, 0.0 ], [ 104.152109640573457, 14.631295643196804, 0.0 ], [ 104.152110846518397, 14.631588386361525, 0.0 ], [ 104.152548339507348, 14.631594411953071, 0.0 ] ] ] ] } },
{ "type": "Feature", "properties": { "Plang": "11", "Rawang": "516", "Rai": 8.0, "NGan": 2.0, "Wa": 74.0, "CardID": "3330501332059", "Name": "นางทองม้วน อ่อนคำ", "ADD": "151 ถ. ซ. ม.8 บ. ต.ห้วยใต้ อ.ขุขันธ์ จ.ศรีสะเกษ" }, "geometry": { "type": "MultiPolygon", "coordinates": [ [ [ [ 104.151826954967859, 14.629526072545639, 0.0 ], [ 104.151453831383989, 14.629495763085499, 0.0 ], [ 104.151305798618182, 14.629491292061864, 0.0 ], [ 104.151351145581827, 14.631030545778646, 0.0 ], [ 104.152088507744281, 14.631054998252203, 0.0 ], [ 104.152102704116146, 14.629524822968031, 0.0 ], [ 104.151826954967859, 14.629526072545639, 0.0 ] ] ] ] } },
{ "type": "Feature", "properties": { "Plang": "12", "Rawang": "516", "Rai": 5.0, "NGan": 0.0, "Wa": 60.0, "CardID": "3330500181120", "Name": "นางสัมฤทธิ์ ศรีลาชัย", "ADD": "100 ถ. ซ. ม.13 บ.สมบูรณ์เหนือ ต.ห้วยใต้ อ.ขุขันธ์ จ.ศรีสะเกษ" }, "geometry": { "type": "MultiPolygon", "coordinates": [ [ [ [ 104.150838486754296, 14.630962712101606, 0.0 ], [ 104.151351145581827, 14.631030545778646, 0.0 ], [ 104.151305798618182, 14.629491292061864, 0.0 ], [ 104.151036360987689, 14.629455966201684, 0.0 ], [ 104.150890575309631, 14.629448347590206, 0.0 ], [ 104.150890314169757, 14.629516394391366, 0.0 ], [ 104.150908604607409, 14.629649450829758, 0.0 ], [ 104.150909626301413, 14.630183457210245, 0.0 ], [ 104.150838486754296, 14.630962712101606, 0.0 ] ] ] ] } },
{ "type": "Feature", "properties": { "Plang": "13", "Rawang": "516", "Rai": 12.0, "NGan": 3.0, "Wa": 59.0, "CardID": "3330501524030", "Name": "นายสด บุญขาว", "ADD": "34 ถ. ซ. ม.7 บ.กันแต ต.ห้วยใต้ อ.ขุขันธ์ จ.ศรีสะเกษ" }, "geometry": { "type": "MultiPolygon", "coordinates": [ [ [ [ 104.150909626301413, 14.630183457210245, 0.0 ], [ 104.149393614830331, 14.629791917211229, 0.0 ], [ 104.149188735026414, 14.629935691255717, 0.0 ], [ 104.14860605971613, 14.630096913482419, 0.0 ], [ 104.148509029796173, 14.630173791625799, 0.0 ], [ 104.148431427623805, 14.630238458562339, 0.0 ], [ 104.148317769710829, 14.630307266864582, 0.0 ], [ 104.148847716778548, 14.630524366967673, 0.0 ], [ 104.150838486754296, 14.630962712101606, 0.0 ], [ 104.150909626301413, 14.630183457210245, 0.0 ] ] ] ] } },
{ "type": "Feature", "properties": { "Plang": "14", "Rawang": "516", "Rai": 6.0, "NGan": 0.0, "Wa": 28.0, "CardID": "3330501326831", "Name": "นางสวิด มะลิพันธ์", "ADD": "87 ถ. ซ. ม.7 บ.กันแต ต.ห้วยใต้ อ.ขุขันธ์ จ.ศรีสะเกษ" }, "geometry": { "type": "MultiPolygon", "coordinates": [ [ [ [ 104.150639126728692, 14.629470123318594, 0.0 ], [ 104.150384084969801, 14.629435171205055, 0.0 ], [ 104.150266064840821, 14.629427661690476, 0.0 ], [ 104.149675794160885, 14.629330230920289, 0.0 ], [ 104.14954827690633, 14.629428621582448, 0.0 ], [ 104.149477019891847, 14.6295003280724, 0.0 ], [ 104.149492753051689, 14.629611038745875, 0.0 ], [ 104.149452169729514, 14.62973100587031, 0.0 ], [ 104.149393614830331, 14.629791917211229, 0.0 ], [ 104.150909626301413, 14.630183457210245, 0.0 ], [ 104.150908604607409, 14.629649450829758, 0.0 ], [ 104.150890314169757, 14.629516394391366, 0.0 ], [ 104.150639126728692, 14.629470123318594, 0.0 ] ] ] ] } },
{ "type": "Feature", "properties": { "Plang": "17", "Rawang": "516", "Rai": 11.0, "NGan": 1.0, "Wa": 40.0, "CardID": "3330501327217", "Name": "นางสาวนนท์ อุดรพันธ์", "ADD": "93 ถ. ซ. ม.7 บ. ต.ห้วยใต้ อ.ขุขันธ์ จ.ศรีสะเกษ" }, "geometry": { "type": "MultiPolygon", "coordinates": [ [ [ [ 104.148222178486364, 14.62765472949075, 0.0 ], [ 104.148157119477204, 14.628369929660336, 0.0 ], [ 104.150053833086105, 14.628510798572927, 0.0 ], [ 104.150149414091004, 14.62835201396426, 0.0 ], [ 104.15034167931411, 14.62802023444681, 0.0 ], [ 104.150375011564904, 14.627884858789843, 0.0 ], [ 104.15039130660557, 14.62778499012086, 0.0 ], [ 104.148222178486364, 14.62765472949075, 0.0 ] ] ] ] } },
{ "type": "Feature", "properties": { "Plang": "19", "Rawang": "516", "Rai": 6.0, "NGan": 2.0, "Wa": 54.0, "CardID": "3330501366336", "Name": "นางนิต มากนวล", "ADD": "75 ถ. ซ. ม.6 บ.นกยูง ต.ห้วยตึ๊กชู อ.ภูสิงห์ จ.ศรีสะเกษ" }, "geometry": { "type": "MultiPolygon", "coordinates": [ [ [ [ 104.150932973854864, 14.626478427716657, 0.0 ], [ 104.151044272037254, 14.626384945098858, 0.0 ], [ 104.150956188595913, 14.626311523276833, 0.0 ], [ 104.15056954014625, 14.627116795177757, 0.0 ], [ 104.150414354392254, 14.627693672664602, 0.0 ], [ 104.15039130660557, 14.62778499012086, 0.0 ], [ 104.150375011564904, 14.627884858789843, 0.0 ], [ 104.15034167931411, 14.62802023444681, 0.0 ], [ 104.150149414091004, 14.62835201396426, 0.0 ], [ 104.150053833086105, 14.628510798572927, 0.0 ], [ 104.150015733806526, 14.628859497042281, 0.0 ], [ 104.149931730023397, 14.629030496195657, 0.0 ], [ 104.149866449389137, 14.629152360400221, 0.0 ], [ 104.149715388900489, 14.629285658282138, 0.0 ], [ 104.149675794160885, 14.629330230920289, 0.0 ], [ 104.150266064840821, 14.629427661690476, 0.0 ], [ 104.150932973854864, 14.626478427716657, 0.0 ] ] ] ] } },
{ "type": "Feature", "properties": { "Plang": "20", "Rawang": "516", "Rai": 7.0, "NGan": 2.0, "Wa": 37.0, "CardID": "3330500349284", "Name": "นายกุล ปรือปรัง", "ADD": "21 ถ. ซ. ม.11 บ.ตำหนัก ต.ตะเคียนราม อ.ภูสิงห์ จ.ศรีสะเกษ" }, "geometry": { "type": "MultiPolygon", "coordinates": [ [ [ [ 104.151251643748409, 14.626556738284613, 0.0 ], [ 104.150932973854864, 14.626478427716657, 0.0 ], [ 104.150266064840821, 14.629427661690476, 0.0 ], [ 104.150384084969801, 14.629435171205055, 0.0 ], [ 104.150639126728692, 14.629470123318594, 0.0 ], [ 104.151251643748409, 14.626556738284613, 0.0 ] ] ] ] } },
{ "type": "Feature", "properties": { "Plang": "21", "Rawang": "516", "Rai": 7.0, "NGan": 3.0, "Wa": 45.0, "CardID": "3330500349578", "Name": "นางทุน อ่อนคำ", "ADD": "12 ถ. ซ. ม.11 บ.โคกสะอาด ต.ตะเคียนราม อ.ภูสิงห์ จ.ศรีสะเกษ" }, "geometry": { "type": "MultiPolygon", "coordinates": [ [ [ [ 104.151251643748409, 14.626556738284613, 0.0 ], [ 104.150639126728692, 14.629470123318594, 0.0 ], [ 104.150890314169757, 14.629516394391366, 0.0 ], [ 104.150890575309631, 14.629448347590206, 0.0 ], [ 104.151036360987689, 14.629455966201684, 0.0 ], [ 104.151532960676974, 14.626893614706708, 0.0 ], [ 104.151439086565077, 14.626711341650742, 0.0 ], [ 104.15136500808903, 14.626560171994329, 0.0 ], [ 104.151251643748409, 14.626556738284613, 0.0 ] ] ] ] } },
{ "type": "Feature", "properties": { "Plang": "22", "Rawang": "516", "Rai": 7.0, "NGan": 1.0, "Wa": 97.0, "CardID": "3330500350118", "Name": "นางสวัสดิ์ ตะเคียนเกลี้ยง", "ADD": "129 ถ. ซ. ม.8 บ.ตาโสม ต.ตะเคียนราม อ.ภูสิงห์ จ.ศรีสะเกษ" }, "geometry": { "type": "MultiPolygon", "coordinates": [ [ [ [ 104.151305798618182, 14.629491292061864, 0.0 ], [ 104.151453831383989, 14.629495763085499, 0.0 ], [ 104.151893683399507, 14.626907932296801, 0.0 ], [ 104.151532960676974, 14.626893614706708, 0.0 ], [ 104.151036360987689, 14.629455966201684, 0.0 ], [ 104.151305798618182, 14.629491292061864, 0.0 ] ] ] ] } },
{ "type": "Feature", "properties": { "Plang": "23", "Rawang": "516", "Rai": 7.0, "NGan": 2.0, "Wa": 55.0, "CardID": "3330500349519", "Name": "นางสาวสุวรรณ์ ศรีลาชัย", "ADD": "11 ถ. ซ. ม.11 บ. ต.ตะเคียนราม อ.ภูสิงห์ จ.ศรีสะเกษ" }, "geometry": { "type": "MultiPolygon", "coordinates": [ [ [ [ 104.151453831383989, 14.629495763085499, 0.0 ], [ 104.151826954967859, 14.629526072545639, 0.0 ], [ 104.152265489512033, 14.62700565615779, 0.0 ], [ 104.152144542877949, 14.62695649464464, 0.0 ], [ 104.151893683399507, 14.626907932296801, 0.0 ], [ 104.151453831383989, 14.629495763085499, 0.0 ] ] ] ] } },
{ "type": "Feature", "properties": { "Plang": "24", "Rawang": "516", "Rai": 6.0, "NGan": 2.0, "Wa": 7.0, "CardID": "3330500349233", "Name": "นางสะมะนา วันนุบล", "ADD": "18 ถ. ซ. ม.11 บ. ต.ตะเคียนราม อ.ภูสิงห์ จ.ศรีสะเกษ" }, "geometry": { "type": "MultiPolygon", "coordinates": [ [ [ [ 104.152320312662056, 14.627024772173616, 0.0 ], [ 104.152265489512033, 14.62700565615779, 0.0 ], [ 104.151826954967859, 14.629526072545639, 0.0 ], [ 104.152102704116146, 14.629524822968031, 0.0 ], [ 104.152239977395269, 14.629519743444131, 0.0 ], [ 104.15255638122062, 14.626992456915211, 0.0 ], [ 104.152320312662056, 14.627024772173616, 0.0 ] ] ] ] } },
{ "type": "Feature", "properties": { "Plang": "25", "Rawang": "516", "Rai": 7.0, "NGan": 0.0, "Wa": 40.0, "CardID": "3330500349225", "Name": "นางฤทธิ์ งามชาติ", "ADD": "18 ถ. ซ. ม.11 บ. ต.ตะเคียนราม อ.ภูสิงห์ จ.ศรีสะเกษ" }, "geometry": { "type": "MultiPolygon", "coordinates": [ [ [ [ 104.152931113416216, 14.626864261052528, 0.0 ], [ 104.15255638122062, 14.626992456915211, 0.0 ], [ 104.152239977395269, 14.629519743444131, 0.0 ], [ 104.152530711579757, 14.629492051931914, 0.0 ], [ 104.15265835914056, 14.62948250988196, 0.0 ], [ 104.152931113416216, 14.626864261052528, 0.0 ] ] ] ] } },
{ "type": "Feature", "properties": { "Plang": "26", "Rawang": "516", "Rai": 9.0, "NGan": 1.0, "Wa": 0.0, "CardID": "3330501323408", "Name": "นายเที่ยง เรียมทอง", "ADD": "23 ถ. ซ. ม.7 บ.กันแต ต.ห้วยใต้ อ.ขุขันธ์ จ.ศรีสะเกษ" }, "geometry": { "type": "MultiPolygon", "coordinates": [ [ [ [ 104.152990666417622, 14.626810460235012, 0.0 ], [ 104.152931113416216, 14.626864261052528, 0.0 ], [ 104.15265835914056, 14.62948250988196, 0.0 ], [ 104.153241777704537, 14.629462697612848, 0.0 ], [ 104.153239432859451, 14.626742985908241, 0.0 ], [ 104.152990666417622, 14.626810460235012, 0.0 ] ] ] ] } },
{ "type": "Feature", "properties": { "Plang": "27", "Rawang": "516", "Rai": 16.0, "NGan": 0.0, "Wa": 59.0, "CardID": "3330501325869", "Name": "นางประนงค์ มะลิพันธ์", "ADD": "72 ถ. ซ. ม.7 บ.กันแต ต.ห้วยใต้ อ.ขุขันธ์ จ.ศรีสะเกษ" }, "geometry": { "type": "MultiPolygon", "coordinates": [ [ [ [ 104.153579853987168, 14.626698700961549, 0.0 ], [ 104.153239432859451, 14.626742985908241, 0.0 ], [ 104.153241777704537, 14.629462697612848, 0.0 ], [ 104.154032074832614, 14.629424965723729, 0.0 ], [ 104.154054782331229, 14.626754923570955, 0.0 ], [ 104.153579853987168, 14.626698700961549, 0.0 ] ] ] ] } },
{ "type": "Feature", "properties": { "Plang": "28", "Rawang": "516", "Rai": 9.0, "NGan": 1.0, "Wa": 26.0, "CardID": "1341590004863", "Name": "นางสาวรัชนี ศรีมงคล", "ADD": "54 ถ. ซ. ม.8 บ.กันแต ต.ห้วยใต้ อ.ขุขันธ์ จ.ศรีสะเกษ" }, "geometry": { "type": "MultiPolygon", "coordinates": [ [ [ [ 104.15434055868775, 14.626781052614737, 0.0 ], [ 104.154054782331229, 14.626754923570955, 0.0 ], [ 104.154032074832614, 14.629424965723729, 0.0 ], [ 104.154491644835943, 14.629432969280492, 0.0 ], [ 104.154532892264214, 14.626802015562649, 0.0 ], [ 104.15434055868775, 14.626781052614737, 0.0 ] ] ] ] } },
{ "type": "Feature", "properties": { "Plang": "29", "Rawang": "516", "Rai": 8.0, "NGan": 0.0, "Wa": 16.0, "CardID": "3330500348628", "Name": "นางอ่อน อุดรพันธ์", "ADD": "51 ถ. ซ. ม.8 บ.ตาโสม ต.ตะเคียนราม อ.ภูสิงห์ จ.ศรีสะเกษ" }, "geometry": { "type": "MultiPolygon", "coordinates": [ [ [ [ 104.154960298574309, 14.626799036826354, 0.0 ], [ 104.154532892264214, 14.626802015562649, 0.0 ], [ 104.154491644835943, 14.629432969280492, 0.0 ], [ 104.154899823499846, 14.629429553002629, 0.0 ], [ 104.154960298574309, 14.626799036826354, 0.0 ] ] ] ] } },
{ "type": "Feature", "properties": { "Plang": "30", "Rawang": "516", "Rai": 12.0, "NGan": 1.0, "Wa": 42.0, "CardID": "3330500348563", "Name": "นางศรีวัน บุญขาว", "ADD": "125/1 ถ. ซ. ม.4 บ. ต.ห้วยใต้ อ.ขุขันธ์ จ.ศรีสะเกษ" }, "geometry": { "type": "MultiPolygon", "coordinates": [ [ [ [ 104.155322214546047, 14.628995475611005, 0.0 ], [ 104.155332966597044, 14.62858492694588, 0.0 ], [ 104.155365230639219, 14.627956659571169, 0.0 ], [ 104.155417874979463, 14.627386409269693, 0.0 ], [ 104.155478696283453, 14.625777927025116, 0.0 ], [ 104.155252586247585, 14.625767995423107, 0.0 ], [ 104.154988926953394, 14.625787106129971, 0.0 ], [ 104.154960298574309, 14.626799036826354, 0.0 ], [ 104.154899823499846, 14.629429553002629, 0.0 ], [ 104.155290009080545, 14.629414459059996, 0.0 ], [ 104.155322214546047, 14.628995475611005, 0.0 ] ] ] ] } },
{ "type": "Feature", "properties": { "Plang": "31", "Rawang": "516", "Rai": 6.0, "NGan": 1.0, "Wa": 0.0, "CardID": "3330500347664", "Name": "นางสุพิน แท่นเพ็ง", "ADD": "110 ถ. ซ. ม.8 บ.ตาโสม ต.ตะเคียนราม อ.ภูสิงห์ จ.ศรีสะเกษ" }, "geometry": { "type": "MultiPolygon", "coordinates": [ [ [ [ 104.155666321558456, 14.625782765914501, 0.0 ], [ 104.155478696283453, 14.625777927025116, 0.0 ], [ 104.155417874979463, 14.627386409269693, 0.0 ], [ 104.155927899814515, 14.627424080550417, 0.0 ], [ 104.155987692474383, 14.62582340837927, 0.0 ], [ 104.155666321558456, 14.625782765914501, 0.0 ] ] ] ] } },
{ "type": "Feature", "properties": { "Plang": "32", "Rawang": "516", "Rai": 5.0, "NGan": 1.0, "Wa": 21.0, "CardID": "3330500346419", "Name": "นายเปริม ตะเคียนเกลี้ยง", "ADD": "25 ถ. ซ. ม.8 บ. ต.ตะเคียนราม อ.ภูสิงห์ จ.ศรีสะเกษ" }, "geometry": { "type": "MultiPolygon", "coordinates": [ [ [ [ 104.154532892264214, 14.626802015562649, 0.0 ], [ 104.154960298574309, 14.626799036826354, 0.0 ], [ 104.154988926953394, 14.625787106129971, 0.0 ], [ 104.15487794440331, 14.625781725298266, 0.0 ], [ 104.154268910094473, 14.625707455607719, 0.0 ], [ 104.15434055868775, 14.626781052614737, 0.0 ], [ 104.154532892264214, 14.626802015562649, 0.0 ] ] ] ] } },
{ "type": "Feature", "properties": { "Plang": "33", "Rawang": "516", "Rai": 5.0, "NGan": 2.0, "Wa": 44.0, "CardID": "0000000000000", "Name": "นายชำ แก้วสุด", "ADD": "29 ถ. ซ. ม.8 บ.ตาโสม ต.ตะเคียนราม อ.ขุขันธ์ จ.ศรีสะเกษ" }, "geometry": { "type": "MultiPolygon", "coordinates": [ [ [ [ 104.154054782331229, 14.626754923570955, 0.0 ], [ 104.15434055868775, 14.626781052614737, 0.0 ], [ 104.154268910094473, 14.625707455607719, 0.0 ], [ 104.154031302086693, 14.625682773684979, 0.0 ], [ 104.153597042952555, 14.625671273485635, 0.0 ], [ 104.153579853987168, 14.626698700961549, 0.0 ], [ 104.154054782331229, 14.626754923570955, 0.0 ] ] ] ] } },
{ "type": "Feature", "properties": { "Plang": "34", "Rawang": "516", "Rai": 5.0, "NGan": 2.0, "Wa": 40.0, "CardID": "0000000000000", "Name": "นายสวาสดิ์ เสาตรง", "ADD": "29 ถ. ซ. ม.8 บ.ตาโสม ต.ตะเคียนราม อ.ขุขันธ์ จ.ศรีสะเกษ" }, "geometry": { "type": "MultiPolygon", "coordinates": [ [ [ [ 104.153239432859451, 14.626742985908241, 0.0 ], [ 104.153579853987168, 14.626698700961549, 0.0 ], [ 104.153597042952555, 14.625671273485635, 0.0 ], [ 104.152851361513044, 14.625673251481222, 0.0 ], [ 104.152879485049667, 14.626525705383731, 0.0 ], [ 104.152990666417622, 14.626810460235012, 0.0 ], [ 104.153239432859451, 14.626742985908241, 0.0 ] ] ] ] } },
{ "type": "Feature", "properties": { "Plang": "35", "Rawang": "516", "Rai": 9.0, "NGan": 1.0, "Wa": 98.0, "CardID": "3330500350100", "Name": "นางสวิง บุตะเคียน", "ADD": "126 ถ. ซ. ม.8 บ.ตาโสม ต.ตะเคียนราม อ.ภูสิงห์ จ.ศรีสะเกษ" }, "geometry": { "type": "MultiPolygon", "coordinates": [ [ [ [ 104.152785179438254, 14.625149585850556, 0.0 ], [ 104.152442272752211, 14.625213045516389, 0.0 ], [ 104.152320312662056, 14.627024772173616, 0.0 ], [ 104.15255638122062, 14.626992456915211, 0.0 ], [ 104.152931113416216, 14.626864261052528, 0.0 ], [ 104.152990666417622, 14.626810460235012, 0.0 ], [ 104.152879485049667, 14.626525705383731, 0.0 ], [ 104.152851361513044, 14.625673251481222, 0.0 ], [ 104.153597042952555, 14.625671273485635, 0.0 ], [ 104.153620631747685, 14.625194128753749, 0.0 ], [ 104.152785179438254, 14.625149585850556, 0.0 ] ] ] ] } },
{ "type": "Feature", "properties": { "Plang": "36", "Rawang": "516", "Rai": 10.0, "NGan": 2.0, "Wa": 87.0, "CardID": "0000000000000", "Name": "นางตด ตะเคียนราม", "ADD": "69 ถ. ซ. ม.8 บ.ตาโสม ต.ตะเคียนราม อ.ขุขันธ์ จ.ศรีสะเกษ" }, "geometry": { "type": "MultiPolygon", "coordinates": [ [ [ [ 104.152195911988883, 14.625249373886103, 0.0 ], [ 104.151722516747157, 14.625279439991427, 0.0 ], [ 104.15136500808903, 14.626560171994329, 0.0 ], [ 104.151439086565077, 14.626711341650742, 0.0 ], [ 104.151532960676974, 14.626893614706708, 0.0 ], [ 104.151893683399507, 14.626907932296801, 0.0 ], [ 104.152144542877949, 14.62695649464464, 0.0 ], [ 104.152265489512033, 14.62700565615779, 0.0 ], [ 104.152320312662056, 14.627024772173616, 0.0 ], [ 104.152442272752211, 14.625213045516389, 0.0 ], [ 104.152195911988883, 14.625249373886103, 0.0 ] ] ] ] } },
{ "type": "Feature", "properties": { "Plang": "17", "Rawang": "517", "Rai": 9.0, "NGan": 2.0, "Wa": 89.0, "CardID": "3330501326504", "Name": "นางสม จันนะรา", "ADD": "81 ถ. ซ. ม.7 บ.กันแต ต.ห้วยใต้ อ.ขุขันธ์ จ.ศรีสะเกษ" }, "geometry": { "type": "MultiPolygon", "coordinates": [ [ [ [ 104.157985268100035, 14.634504246402477, 0.0 ], [ 104.156929924074802, 14.63464089075805, 0.0 ], [ 104.157044865455376, 14.63493587730955, 0.0 ], [ 104.157270688662379, 14.635338844272077, 0.0 ], [ 104.158968727484179, 14.63505163940277, 0.0 ], [ 104.158826343240278, 14.634392570915862, 0.0 ], [ 104.157985268100035, 14.634504246402477, 0.0 ] ] ] ] } },
{ "type": "Feature", "properties": { "Plang": "18", "Rawang": "517", "Rai": 10.0, "NGan": 1.0, "Wa": 29.0, "CardID": "3330501322541", "Name": "นางพูน มลิพันธ์", "ADD": "11 ถ. ซ. ม.7 บ.กันแต ต.ห้วยใต้ อ.ขุขันธ์ จ.ศรีสะเกษ" }, "geometry": { "type": "MultiPolygon", "coordinates": [ [ [ [ 104.158968727484179, 14.63505163940277, 0.0 ], [ 104.161096493243178, 14.634716585961847, 0.0 ], [ 104.161101313074482, 14.634633399636135, 0.0 ], [ 104.161046061879347, 14.63417990084475, 0.0 ], [ 104.160544467764666, 14.634209604328056, 0.0 ], [ 104.160339907283131, 14.634217487762511, 0.0 ], [ 104.158826343240278, 14.634392570915862, 0.0 ], [ 104.158968727484179, 14.63505163940277, 0.0 ] ] ] ] } },
{ "type": "Feature", "properties": { "Plang": "20", "Rawang": "517", "Rai": 5.0, "NGan": 0.0, "Wa": 46.0, "CardID": "0000000000000", "Name": "นายด่าน อะกะพงษ์", "ADD": "42 ถ. ซ. ม.6 บ.ปราสาท ต.ห้วยใต้ อ.ขุขันธ์ จ.ศรีสะเกษ" }, "geometry": { "type": "MultiPolygon", "coordinates": [ [ [ [ 104.157962114197815, 14.634342668362285, 0.0 ], [ 104.157920550800242, 14.634152241202381, 0.0 ], [ 104.157824973472572, 14.633848253922594, 0.0 ], [ 104.156746708199535, 14.634054898736384, 0.0 ], [ 104.156849309193987, 14.634271534534745, 0.0 ], [ 104.156929924074802, 14.63464089075805, 0.0 ], [ 104.157985268100035, 14.634504246402477, 0.0 ], [ 104.157962114197815, 14.634342668362285, 0.0 ] ] ] ] } },
{ "type": "Feature", "properties": { "Plang": "3", "Rawang": "520", "Rai": 8.0, "NGan": 2.0, "Wa": 88.0, "CardID": "3330500185290", "Name": "นายบิน พรรณพา", "ADD": "07 ถ. ซ. ม.5 บ.สระรุน ต.ห้วยใต้ อ.ขุขันธ์ จ.ศรีสะเกษ" }, "geometry": { "type": "MultiPolygon", "coordinates": [ [ [ [ 104.158163390551593, 14.632298295862316, 0.0 ], [ 104.158195342278702, 14.632521299107015, 0.0 ], [ 104.158416857120599, 14.632453336433093, 0.0 ], [ 104.160088947419737, 14.632147214465089, 0.0 ], [ 104.160005966294705, 14.631577184118322, 0.0 ], [ 104.159943856265869, 14.631577934461779, 0.0 ], [ 104.158099218178535, 14.631857759767618, 0.0 ], [ 104.158163390551593, 14.632298295862316, 0.0 ] ] ] ] } },
{ "type": "Feature", "properties": { "Plang": "4", "Rawang": "520", "Rai": 12.0, "NGan": 1.0, "Wa": 27.0, "CardID": "0000000000000", "Name": "นายเงาะ เพียนจำปา", "ADD": "52 ถ. ซ. ม.11 บ. ต.ตะเคียนราม อ.ขุขันธ์ จ.ศรีสะเกษ" }, "geometry": { "type": "MultiPolygon", "coordinates": [ [ [ [ 104.158099218178535, 14.631857759767618, 0.0 ], [ 104.157956349596049, 14.631051357887255, 0.0 ], [ 104.157544988367533, 14.631097148424587, 0.0 ], [ 104.156930273328314, 14.63124080895898, 0.0 ], [ 104.156598524649212, 14.63125489735115, 0.0 ], [ 104.156091099129469, 14.631329047489247, 0.0 ], [ 104.15622956839573, 14.632128529469053, 0.0 ], [ 104.156256500742771, 14.632227455598468, 0.0 ], [ 104.158099218178535, 14.631857759767618, 0.0 ] ] ] ] } },
{ "type": "Feature", "properties": { "Plang": "6", "Rawang": "520", "Rai": 21.0, "NGan": 1.0, "Wa": 27.0, "CardID": "3330501322223", "Name": "นางจิน คำศรี", "ADD": "05 ถ. ซ. ม.7 บ.กันแต ต.ห้วยใต้ อ.ขุขันธ์ จ.ศรีสะเกษ" }, "geometry": { "type": "MultiPolygon", "coordinates": [ [ [ [ 104.16134595690383, 14.631069216846296, 0.0 ], [ 104.161350385057247, 14.630924577788646, 0.0 ], [ 104.160965813201827, 14.630766357740344, 0.0 ], [ 104.161029649257358, 14.630300180152128, 0.0 ], [ 104.159800771853682, 14.630198029160336, 0.0 ], [ 104.159322918014155, 14.630165382942012, 0.0 ], [ 104.159326740417853, 14.63091039720363, 0.0 ], [ 104.157956349596049, 14.631051357887255, 0.0 ], [ 104.158099218178535, 14.631857759767618, 0.0 ], [ 104.159943856265869, 14.631577934461779, 0.0 ], [ 104.159890149364628, 14.631106216952526, 0.0 ], [ 104.160716887525453, 14.631068982431779, 0.0 ], [ 104.16134595690383, 14.631069216846296, 0.0 ] ] ] ] } },
{ "type": "Feature", "properties": { "Plang": "7", "Rawang": "520", "Rai": 9.0, "NGan": 2.0, "Wa": 87.0, "CardID": "0000000000000", "Name": "นายเทศ บุญขาว", "ADD": "53 ถ. ซ. ม.6 บ.ตาตุม ต.ห้วยใต้ อ.ขุขันธ์ จ.ศรีสะเกษ" }, "geometry": { "type": "MultiPolygon", "coordinates": [ [ [ [ 104.161106499553611, 14.629533946482802, 0.0 ], [ 104.159343483525291, 14.629473405868133, 0.0 ], [ 104.159317931038814, 14.629839510598773, 0.0 ], [ 104.159322918014155, 14.630165382942012, 0.0 ], [ 104.159800771853682, 14.630198029160336, 0.0 ], [ 104.161029649257358, 14.630300180152128, 0.0 ], [ 104.161106499553611, 14.629533946482802, 0.0 ] ] ] ] } },
{ "type": "Feature", "properties": { "Plang": "8", "Rawang": "520", "Rai": 11.0, "NGan": 1.0, "Wa": 17.0, "CardID": "0000000000000", "Name": "นายนวย บุญขาว", "ADD": "168 ถ. ซ. ม.4 บ. ต.ห้วยใต้ อ.ขุขันธ์ จ.ศรีสะเกษ" }, "geometry": { "type": "MultiPolygon", "coordinates": [ [ [ [ 104.155673799707159, 14.62987148179586, 0.0 ], [ 104.159317931038814, 14.629839510598773, 0.0 ], [ 104.159343483525291, 14.629473405868133, 0.0 ], [ 104.15767663669115, 14.629410393327657, 0.0 ], [ 104.157667861997595, 14.629422082935283, 0.0 ], [ 104.155585517989493, 14.629442339732501, 0.0 ], [ 104.155673799707159, 14.62987148179586, 0.0 ] ] ] ] } },
{ "type": "Feature", "properties": { "Plang": "10", "Rawang": "520", "Rai": 21.0, "NGan": 2.0, "Wa": 68.0, "CardID": "3330501328833", "Name": "นายถวิล ไพบูลย์", "ADD": "29 ถ. ซ. ม.8 บ. ต.ห้วยใต้ อ.ขุขันธ์ จ.ศรีสะเกษ" }, "geometry": { "type": "MultiPolygon", "coordinates": [ [ [ [ 104.157610047505699, 14.628965128563072, 0.0 ], [ 104.157667861997595, 14.629422082935283, 0.0 ], [ 104.15767663669115, 14.629410393327657, 0.0 ], [ 104.159343483525291, 14.629473405868133, 0.0 ], [ 104.161106499553611, 14.629533946482802, 0.0 ], [ 104.161132382943094, 14.628711709470332, 0.0 ], [ 104.157582157189722, 14.62860710100021, 0.0 ], [ 104.157610047505699, 14.628965128563072, 0.0 ] ] ] ] } },
{ "type": "Feature", "properties": { "Plang": "11", "Rawang": "520", "Rai": 23.0, "NGan": 0.0, "Wa": 30.0, "CardID": "3330500178226", "Name": "นายยิน อินทรีย์", "ADD": "53 ถ. ซ. ม.4 บ. ต.ห้วยใต้ อ.ขุขันธ์ จ.ศรีสะเกษ" }, "geometry": { "type": "MultiPolygon", "coordinates": [ [ [ [ 104.161132382943094, 14.628711709470332, 0.0 ], [ 104.161092146026704, 14.62801630209238, 0.0 ], [ 104.16039168801521, 14.627876755081598, 0.0 ], [ 104.158751359066557, 14.627710531079098, 0.0 ], [ 104.157698292606469, 14.627580388742826, 0.0 ], [ 104.157531180184861, 14.627561730756451, 0.0 ], [ 104.157535182721702, 14.628078811524361, 0.0 ], [ 104.157566772953189, 14.628564991707547, 0.0 ], [ 104.157582157189722, 14.62860710100021, 0.0 ], [ 104.161132382943094, 14.628711709470332, 0.0 ] ] ] ] } },
{ "type": "Feature", "properties": { "Plang": "12", "Rawang": "520", "Rai": 9.0, "NGan": 0.0, "Wa": 23.0, "CardID": "3330500185834", "Name": "นางหวล เพชรล้วน", "ADD": "13 ถ. ซ. ม.5 บ.สระรุน ต.ห้วยใต้ อ.ขุขันธ์ จ.ศรีสะเกษ" }, "geometry": { "type": "MultiPolygon", "coordinates": [ [ [ [ 104.157535182721702, 14.628078811524361, 0.0 ], [ 104.155365230639219, 14.627956659571169, 0.0 ], [ 104.155332966597044, 14.62858492694588, 0.0 ], [ 104.157566772953189, 14.628564991707547, 0.0 ], [ 104.157535182721702, 14.628078811524361, 0.0 ] ] ] ] } },
{ "type": "Feature", "properties": { "Plang": "36", "Rawang": "512", "Rai": 14.0, "NGan": 3.0, "Wa": 56.0, "CardID": "3330500214931", "Name": "นายพรม ขันตรี", "ADD": "101 ถ. ซ. ม.5 บ.ระเบ๊าะ ต.ตะเคียนราม อ.ภูสิงห์ จ.ศรีสะเกษ" }, "geometry": { "type": "MultiPolygon", "coordinates": [ [ [ [ 104.153669931184311, 14.617304398405022, 0.0 ], [ 104.156071905435766, 14.616935028496137, 0.0 ], [ 104.156096617553757, 14.616174248284329, 0.0 ], [ 104.155199806957214, 14.616322066105166, 0.0 ], [ 104.154504341959623, 14.616296631681003, 0.0 ], [ 104.15421718108415, 14.616305322678858, 0.0 ], [ 104.153791925514753, 14.616234963679847, 0.0 ], [ 104.153669931184311, 14.617304398405022, 0.0 ] ] ] ] } },
{ "type": "Feature", "properties": { "Plang": "23", "Rawang": "506", "Rai": 24.0, "NGan": 1.0, "Wa": 62.0, "CardID": "5330590028462", "Name": "นายคีรี คันศร", "ADD": "1/1 ถ. ซ. ม.9 บ. ต.ห้วยใต้ อ.ขุขันธ์ จ.ศรีสะเกษ" }, "geometry": { "type": "MultiPolygon", "coordinates": [ [ [ [ 104.144649825045192, 14.617789667570742, 0.0 ], [ 104.144610756098302, 14.618333366254877, 0.0 ], [ 104.146016294492512, 14.618301104695686, 0.0 ], [ 104.146791866636249, 14.618310117821018, 0.0 ], [ 104.148346358679817, 14.618352395991984, 0.0 ], [ 104.148212395990484, 14.617490075373162, 0.0 ], [ 104.144670066753307, 14.617339255127888, 0.0 ], [ 104.144649825045192, 14.617789667570742, 0.0 ] ] ] ] } },
{ "type": "Feature", "properties": { "Plang": "24", "Rawang": "506", "Rai": 18.0, "NGan": 1.0, "Wa": 25.0, "CardID": "0000000000000", "Name": "นางมลิน วงวิจิตร", "ADD": "5 ถ. ซ. ม.6 บ.นกยูง ต.ห้วยตึ๊กชู อ.ภูสิงห์ จ.ศรีสะเกษ" }, "geometry": { "type": "MultiPolygon", "coordinates": [ [ [ [ 104.144600366841857, 14.618607293548617, 0.0 ], [ 104.144610756098302, 14.618333366254877, 0.0 ], [ 104.144649825045192, 14.617789667570742, 0.0 ], [ 104.141998622798098, 14.617830556005016, 0.0 ], [ 104.141818308373288, 14.617801232345105, 0.0 ], [ 104.141771529961389, 14.618396246318618, 0.0 ], [ 104.141756725636697, 14.618731822679887, 0.0 ], [ 104.144600366841857, 14.618607293548617, 0.0 ] ] ] ] } },
{ "type": "Feature", "properties": { "Plang": "26", "Rawang": "506", "Rai": 18.0, "NGan": 0.0, "Wa": 33.0, "CardID": "3330500168565", "Name": "นายสุรัตน์ คันศร", "ADD": "119 ถ. ซ. ม.9 บ.ตาตุม ต.ห้วยใต้ อ.ขุขันธ์ จ.ศรีสะเกษ" }, "geometry": { "type": "MultiPolygon", "coordinates": [ [ [ [ 104.144685273907129, 14.616940374178032, 0.0 ], [ 104.144670066753307, 14.617339255127888, 0.0 ], [ 104.148212395990484, 14.617490075373162, 0.0 ], [ 104.148154951658611, 14.616646593650758, 0.0 ], [ 104.148148442409536, 14.616599742112399, 0.0 ], [ 104.147713328646006, 14.616734125979338, 0.0 ], [ 104.147153287405288, 14.616691110987251, 0.0 ], [ 104.147067009937885, 14.616654551533296, 0.0 ], [ 104.146453871716133, 14.616726429354223, 0.0 ], [ 104.146036928315965, 14.616752912489883, 0.0 ], [ 104.144685273907129, 14.616940374178032, 0.0 ] ] ] ] } },
{ "type": "Feature", "properties": { "Plang": "28", "Rawang": "512", "Rai": 7.0, "NGan": 0.0, "Wa": 98.0, "CardID": "3330500219704", "Name": "นางสาวสวิง ตะเคียนเกลี้ยง", "ADD": "34 ถ. ซ. ม.05 บ. ต.ตะเคียนราม อ.ภูสิงห์ จ.ศรีสะเกษ" }, "geometry": { "type": "MultiPolygon", "coordinates": [ [ [ [ 104.150475761011151, 14.618309995796722, 0.0 ], [ 104.14839797445218, 14.618381631203341, 0.0 ], [ 104.148380640777745, 14.618474288262767, 0.0 ], [ 104.148389664399403, 14.61873178604734, 0.0 ], [ 104.151230292796399, 14.618626507081558, 0.0 ], [ 104.151155847564667, 14.618243177585326, 0.0 ], [ 104.150475761011151, 14.618309995796722, 0.0 ] ] ] ] } },
{ "type": "Feature", "properties": { "Plang": "29", "Rawang": "512", "Rai": 14.0, "NGan": 0.0, "Wa": 81.0, "CardID": "3330500352838", "Name": "นางผ่องใส คันสร", "ADD": "22 ถ. ซ. ม.10 บ.อุดมพัฒนา ต.ตะเคียนราม อ.ภูสิงห์ จ.ศรีสะเกษ" }, "geometry": { "type": "MultiPolygon", "coordinates": [ [ [ [ 104.14839797445218, 14.618381631203341, 0.0 ], [ 104.150475761011151, 14.618309995796722, 0.0 ], [ 104.150400586209116, 14.617434763641434, 0.0 ], [ 104.148212395990484, 14.617490075373162, 0.0 ], [ 104.148346358679817, 14.618352395991984, 0.0 ], [ 104.14839797445218, 14.618381631203341, 0.0 ] ] ] ] } },
{ "type": "Feature", "properties": { "Plang": "30", "Rawang": "512", "Rai": 13.0, "NGan": 1.0, "Wa": 0.0, "CardID": "3330500355501", "Name": "นางพันธ์ ตะเคียนเกลี้ยง", "ADD": "39 ถ. ซ. ม.4 บ. ต.ตะเคียนราม อ.ภูสิงห์ จ.ศรีสะเกษ" }, "geometry": { "type": "MultiPolygon", "coordinates": [ [ [ [ 104.148737574055076, 14.616634034510426, 0.0 ], [ 104.148154951658611, 14.616646593650758, 0.0 ], [ 104.148212395990484, 14.617490075373162, 0.0 ], [ 104.150400586209116, 14.617434763641434, 0.0 ], [ 104.1503462071245, 14.616656882136677, 0.0 ], [ 104.149148189906086, 14.616635162388899, 0.0 ], [ 104.148737574055076, 14.616634034510426, 0.0 ] ] ] ] } },
{ "type": "Feature", "properties": { "Plang": "31", "Rawang": "512", "Rai": 17.0, "NGan": 2.0, "Wa": 30.0, "CardID": "3330500352323", "Name": "นางมานพ ตะเคียนเกลี้ยง", "ADD": "7/1 ถ. ซ. ม.4 บ. ต.ตะเคียนราม อ.ภูสิงห์ จ.ศรีสะเกษ" }, "geometry": { "type": "MultiPolygon", "coordinates": [ [ [ [ 104.152066447991288, 14.616519621477378, 0.0 ], [ 104.150369956827433, 14.616421754861209, 0.0 ], [ 104.1503462071245, 14.616656882136677, 0.0 ], [ 104.150400586209116, 14.617434763641434, 0.0 ], [ 104.150475761011151, 14.618309995796722, 0.0 ], [ 104.151155847564667, 14.618243177585326, 0.0 ], [ 104.151054745753839, 14.617663161643456, 0.0 ], [ 104.15159691752514, 14.617607016619726, 0.0 ], [ 104.151996007258987, 14.617563583097709, 0.0 ], [ 104.152020510441162, 14.617519024372386, 0.0 ], [ 104.152066447991288, 14.616519621477378, 0.0 ] ] ] ] } },
{ "type": "Feature", "properties": { "Plang": "2", "Rawang": "514", "Rai": 8.0, "NGan": 0.0, "Wa": 84.0, "CardID": "0000000000000", "Name": "นายลาย บุญขาว", "ADD": "31 ถ. ซ. ม.5 บ. ต.ตะเคียนราม อ.ขุขันธ์ จ.ศรีสะเกษ" }, "geometry": { "type": "MultiPolygon", "coordinates": [ [ [ [ 104.147065364974821, 14.597041797197551, 0.0 ], [ 104.147606387303497, 14.596522468849432, 0.0 ], [ 104.147084046621615, 14.596243050647976, 0.0 ], [ 104.146942259075033, 14.595912398321678, 0.0 ], [ 104.146867999369334, 14.595908375717755, 0.0 ], [ 104.146611478070866, 14.595849236540278, 0.0 ], [ 104.146186805544815, 14.595755675239193, 0.0 ], [ 104.146124408836641, 14.596464234275157, 0.0 ], [ 104.14676112345029, 14.596981443715995, 0.0 ], [ 104.147065364974821, 14.597041797197551, 0.0 ] ] ] ] } },
{ "type": "Feature", "properties": { "Plang": "3", "Rawang": "514", "Rai": 3.0, "NGan": 2.0, "Wa": 22.0, "CardID": "3330500234011", "Name": "นายสอน บุตะเคียน", "ADD": "24 ถ. ซ. ม.6 บ. ต.ตะเคียนราม อ.ภูสิงห์ จ.ศรีสะเกษ" }, "geometry": { "type": "MultiPolygon", "coordinates": [ [ [ [ 104.147084046621615, 14.596243050647976, 0.0 ], [ 104.147606387303497, 14.596522468849432, 0.0 ], [ 104.147798759905939, 14.596152807402371, 0.0 ], [ 104.147782807769914, 14.595755651496772, 0.0 ], [ 104.147346044864648, 14.595572129251876, 0.0 ], [ 104.147240501656967, 14.595884500950319, 0.0 ], [ 104.146942259075033, 14.595912398321678, 0.0 ], [ 104.147084046621615, 14.596243050647976, 0.0 ] ] ] ] } },
{ "type": "Feature", "properties": { "Plang": "4", "Rawang": "514", "Rai": 18.0, "NGan": 3.0, "Wa": 68.0, "CardID": "3330500248428", "Name": "นายสาลี บุตะเคียน", "ADD": "52 ถ. ซ. ม.6 บ.กระโดน ต.ตะเคียนราม อ.ภูสิงห์ จ.ศรีสะเกษ" }, "geometry": { "type": "MultiPolygon", "coordinates": [ [ [ [ 104.144456660454296, 14.595168740589074, 0.0 ], [ 104.144372862577413, 14.595681635721736, 0.0 ], [ 104.145793352327118, 14.595712204636296, 0.0 ], [ 104.146186805544815, 14.595755675239193, 0.0 ], [ 104.146611478070866, 14.595849236540278, 0.0 ], [ 104.146867999369334, 14.595908375717755, 0.0 ], [ 104.146942259075033, 14.595912398321678, 0.0 ], [ 104.147240501656967, 14.595884500950319, 0.0 ], [ 104.147346044864648, 14.595572129251876, 0.0 ], [ 104.146932940805556, 14.595076874374881, 0.0 ], [ 104.14466470245533, 14.594528287571935, 0.0 ], [ 104.144456660454296, 14.595168740589074, 0.0 ] ] ] ] } },
{ "type": "Feature", "properties": { "Plang": "5", "Rawang": "514", "Rai": 9.0, "NGan": 1.0, "Wa": 20.0, "CardID": "3330500232191", "Name": "นายมา บุตะเคียน", "ADD": "2 ถ. ซ. ม.6 บ.กระโดน ต.ตะเคียนราม อ.ภูสิงห์ จ.ศรีสะเกษ" }, "geometry": { "type": "MultiPolygon", "coordinates": [ [ [ [ 104.144989218396475, 14.594199268746415, 0.0 ], [ 104.144760168437415, 14.594134609195947, 0.0 ], [ 104.14466470245533, 14.594528287571935, 0.0 ], [ 104.146932940805556, 14.595076874374881, 0.0 ], [ 104.146811690483048, 14.59470047691245, 0.0 ], [ 104.147097625185594, 14.594373067984083, 0.0 ], [ 104.145625152237585, 14.594192577583531, 0.0 ], [ 104.144989218396475, 14.594199268746415, 0.0 ] ] ] ] } },
{ "type": "Feature", "properties": { "Plang": "7", "Rawang": "514", "Rai": 9.0, "NGan": 1.0, "Wa": 30.0, "CardID": "0000000000000", "Name": "นางอินทร์ บุตะเคียน", "ADD": "21 ถ. ซ. ม.6 บ. ต.ตะเคียนราม อ.ขุขันธ์ จ.ศรีสะเกษ" }, "geometry": { "type": "MultiPolygon", "coordinates": [ [ [ [ 104.145813805479762, 14.593613169513654, 0.0 ], [ 104.145625152237585, 14.594192577583531, 0.0 ], [ 104.147097625185594, 14.594373067984083, 0.0 ], [ 104.147587481930742, 14.594082021422318, 0.0 ], [ 104.14715002212813, 14.593503192074042, 0.0 ], [ 104.145813805479762, 14.593613169513654, 0.0 ] ] ] ] } },
{ "type": "Feature", "properties": { "Plang": "9", "Rawang": "514", "Rai": 11.0, "NGan": 1.0, "Wa": 92.0, "CardID": "3330500240690", "Name": "นายซิม บุตะเคียน", "ADD": "56 ถ. ซ. ม.6 บ. ต.ตะเคียนราม อ.ภูสิงห์ จ.ศรีสะเกษ" }, "geometry": { "type": "MultiPolygon", "coordinates": [ [ [ [ 104.147587481930742, 14.594082021422318, 0.0 ], [ 104.148006226434262, 14.594090662775232, 0.0 ], [ 104.14802113287088, 14.593730598278219, 0.0 ], [ 104.148603653639668, 14.593643139286051, 0.0 ], [ 104.148539937020814, 14.593331817113643, 0.0 ], [ 104.148375303287963, 14.593172288728747, 0.0 ], [ 104.147892778644547, 14.592749522339741, 0.0 ], [ 104.147547333591064, 14.592450060645021, 0.0 ], [ 104.146990048365751, 14.593027844021282, 0.0 ], [ 104.146845308464464, 14.593167746136345, 0.0 ], [ 104.14715002212813, 14.593503192074042, 0.0 ], [ 104.147587481930742, 14.594082021422318, 0.0 ] ] ] ] } },
{ "type": "Feature", "properties": { "Plang": "14", "Rawang": "514", "Rai": 4.0, "NGan": 3.0, "Wa": 8.0, "CardID": "3330500240525", "Name": "นายสัมฤทธิ์ ศรีลาชัย", "ADD": "53 ถ. ซ. ม.6 บ.กะโดน ต.ตะเคียนราม อ.ภูสิงห์ จ.ศรีสะเกษ" }, "geometry": { "type": "MultiPolygon", "coordinates": [ [ [ [ 104.148365950289516, 14.591495437073476, 0.0 ], [ 104.14853691026984, 14.592341725495286, 0.0 ], [ 104.149307456008543, 14.59234078558198, 0.0 ], [ 104.149447563870865, 14.591785338294136, 0.0 ], [ 104.148365950289516, 14.591495437073476, 0.0 ] ] ] ] } },
{ "type": "Feature", "properties": { "Plang": "15", "Rawang": "514", "Rai": 14.0, "NGan": 1.0, "Wa": 93.0, "CardID": "0000000000000", "Name": "นายมาก บุตะเคียน", "ADD": "59 ถ. ซ. ม.6 บ. ต.ตะเคียนราม อ.ขุขันธ์ จ.ศรีสะเกษ" }, "geometry": { "type": "MultiPolygon", "coordinates": [ [ [ [ 104.148124427713654, 14.591017137948178, 0.0 ], [ 104.147654452865893, 14.590076885413325, 0.0 ], [ 104.147193986376962, 14.590018165255044, 0.0 ], [ 104.146795472804328, 14.590185179250218, 0.0 ], [ 104.146752740719506, 14.590512442382439, 0.0 ], [ 104.148166462122219, 14.592402016272416, 0.0 ], [ 104.14853691026984, 14.592341725495286, 0.0 ], [ 104.148365950289516, 14.591495437073476, 0.0 ], [ 104.148124427713654, 14.591017137948178, 0.0 ] ] ] ] } },
{ "type": "Feature", "properties": { "Plang": "16", "Rawang": "514", "Rai": 12.0, "NGan": 2.0, "Wa": 66.0, "CardID": "3330500232964", "Name": "นางแดก บุตะเคียน", "ADD": "7 ถ. ซ. ม.6 บ. ต.ตะเคียนราม อ.ภูสิงห์ จ.ศรีสะเกษ" }, "geometry": { "type": "MultiPolygon", "coordinates": [ [ [ [ 104.148166462122219, 14.592402016272416, 0.0 ], [ 104.146752740719506, 14.590512442382439, 0.0 ], [ 104.146436284647962, 14.590681375260299, 0.0 ], [ 104.146304709891311, 14.590896783860556, 0.0 ], [ 104.14608971490027, 14.591258810910897, 0.0 ], [ 104.146522306470331, 14.591568978024846, 0.0 ], [ 104.147547333591064, 14.592450060645021, 0.0 ], [ 104.147892778644547, 14.592749522339741, 0.0 ], [ 104.148166462122219, 14.592402016272416, 0.0 ] ] ] ] } },
{ "type": "Feature", "properties": { "Plang": "19", "Rawang": "514", "Rai": 3.0, "NGan": 3.0, "Wa": 51.0, "CardID": "3330500233316", "Name": "นางสาวหัส บุตะเคียน", "ADD": "16 ถ. ซ. ม.6 บ.กระโดน ต.ตะเคียนราม อ.ภูสิงห์ จ.ศรีสะเกษ" }, "geometry": { "type": "MultiPolygon", "coordinates": [ [ [ [ 104.148678707422107, 14.590671165594255, 0.0 ], [ 104.148124427713654, 14.591017137948178, 0.0 ], [ 104.149245238076745, 14.590956791538174, 0.0 ], [ 104.149528141671297, 14.590997206133014, 0.0 ], [ 104.149539090940792, 14.590721617236424, 0.0 ], [ 104.149649447572784, 14.590278341868871, 0.0 ], [ 104.148678707422107, 14.590671165594255, 0.0 ] ] ] ] } },
{ "type": "Feature", "properties": { "Plang": "20", "Rawang": "514", "Rai": 9.0, "NGan": 2.0, "Wa": 88.0, "CardID": "0000000000000", "Name": "นายมุด ตะเคียนเกลี้ยง", "ADD": "30 ถ. ซ. ม.6 บ.กะโดน ต.ตะเคียนราม อ.ขุขันธ์ จ.ศรีสะเกษ" }, "geometry": { "type": "MultiPolygon", "coordinates": [ [ [ [ 104.147654452865893, 14.590076885413325, 0.0 ], [ 104.148124427713654, 14.591017137948178, 0.0 ], [ 104.148678707422107, 14.590671165594255, 0.0 ], [ 104.149649447572784, 14.590278341868871, 0.0 ], [ 104.149935000579319, 14.589845722721222, 0.0 ], [ 104.147654452865893, 14.590076885413325, 0.0 ] ] ] ] } },
{ "type": "Feature", "properties": { "Plang": "21", "Rawang": "514", "Rai": 10.0, "NGan": 0.0, "Wa": 72.0, "CardID": "3330500231275", "Name": "นางปริด บุตะเคียน", "ADD": "84 ถ. ซ. ม.6 บ.กะโดน ต.ตะเคียนราม อ.ภูสิงห์ จ.ศรีสะเกษ" }, "geometry": { "type": "MultiPolygon", "coordinates": [ [ [ [ 104.147654452865893, 14.590076885413325, 0.0 ], [ 104.149935000579319, 14.589845722721222, 0.0 ], [ 104.149648259624755, 14.589735012099435, 0.0 ], [ 104.149619071041798, 14.589298723040601, 0.0 ], [ 104.149609186653336, 14.589094711677513, 0.0 ], [ 104.148702054727622, 14.589069394015098, 0.0 ], [ 104.148296965285382, 14.589307823512295, 0.0 ], [ 104.147998967448942, 14.589722982002728, 0.0 ], [ 104.147654452865893, 14.590076885413325, 0.0 ] ] ] ] } },
{ "type": "Feature", "properties": { "Plang": "22", "Rawang": "514", "Rai": 4.0, "NGan": 0.0, "Wa": 94.0, "CardID": "3330500232697", "Name": "นายจำรัส ตะเคียนเกลี้ยง", "ADD": "86 ถ. ซ. ม.6 บ.กะโดน ต.ตะเคียนราม อ.ภูสิงห์ จ.ศรีสะเกษ" }, "geometry": { "type": "MultiPolygon", "coordinates": [ [ [ [ 104.148718692877594, 14.588406858407025, 0.0 ], [ 104.148784944033139, 14.588863607425957, 0.0 ], [ 104.149892438834684, 14.589001512872807, 0.0 ], [ 104.150455328162522, 14.589026847545604, 0.0 ], [ 104.150522545174795, 14.58885539455666, 0.0 ], [ 104.148718692877594, 14.588406858407025, 0.0 ] ] ] ] } },
{ "type": "Feature", "properties": { "Plang": "23", "Rawang": "514", "Rai": 5.0, "NGan": 0.0, "Wa": 13.0, "CardID": "5330500009447", "Name": "นายนุ่น จันทิมาร", "ADD": "77 ถ. ซ. ม.6 บ.กะโดน ต.ตะเคียนราม อ.ภูสิงห์ จ.ศรีสะเกษ" }, "geometry": { "type": "MultiPolygon", "coordinates": [ [ [ [ 104.148718692877594, 14.588406858407025, 0.0 ], [ 104.150522545174795, 14.58885539455666, 0.0 ], [ 104.150251998751244, 14.588555561136726, 0.0 ], [ 104.149731496506149, 14.588192815083604, 0.0 ], [ 104.14921535853766, 14.588042020438122, 0.0 ], [ 104.14907059317855, 14.588074100896947, 0.0 ], [ 104.148707622820879, 14.58804890310388, 0.0 ], [ 104.148718692877594, 14.588406858407025, 0.0 ] ] ] ] } },
{ "type": "Feature", "properties": { "Plang": "26", "Rawang": "530", "Rai": 19.0, "NGan": 2.0, "Wa": 14.0, "CardID": "3330500356663", "Name": "นายลม พงษ์สุระ", "ADD": "54 ถ. ซ. ม.4 บ.ขยอง ต.ตะเคียนราม อ.ภูสิงห์ จ.ศรีสะเกษ" }, "geometry": { "type": "MultiPolygon", "coordinates": [ [ [ [ 104.14716349554277, 14.599379153751739, 0.0 ], [ 104.147109910534866, 14.598512220092838, 0.0 ], [ 104.147009610584831, 14.597414263516864, 0.0 ], [ 104.146386666377609, 14.597360189450788, 0.0 ], [ 104.14612162936497, 14.59701815385662, 0.0 ], [ 104.146138974310816, 14.597434400626954, 0.0 ], [ 104.145760950966945, 14.598276025412511, 0.0 ], [ 104.145326490274485, 14.599192086157311, 0.0 ], [ 104.14716349554277, 14.599379153751739, 0.0 ] ] ] ] } },
{ "type": "Feature", "properties": { "Plang": "5", "Rawang": "526", "Rai": 14.0, "NGan": 0.0, "Wa": 53.0, "CardID": "3330500354300", "Name": "นายสมใจ พลภักดี", "ADD": "39 ถ. ซ. ม.7 บ.ตาโตว ต.ตะเคียนราม อ.ภูสิงห์ จ.ศรีสะเกษ" }, "geometry": { "type": "MultiPolygon", "coordinates": [ [ [ [ 104.154114054839269, 14.614995137299294, 0.0 ], [ 104.154030238221083, 14.614470440472733, 0.0 ], [ 104.152166175425393, 14.614655414970713, 0.0 ], [ 104.152148838471348, 14.615154629538161, 0.0 ], [ 104.153850456187783, 14.615044889808987, 0.0 ], [ 104.154114054839269, 14.614995137299294, 0.0 ] ] ] ] } },
{ "type": "Feature", "properties": { "Plang": "9", "Rawang": "520", "Rai": 7.0, "NGan": 3.0, "Wa": 7.0, "CardID": "3330500190145", "Name": "นายพันธ์ คำศรี", "ADD": "126 ถ. ซ. ม.5 บ.สระรุน ต.ห้วยใต้ อ.ขุขันธ์ จ.ศรีสะเกษ" }, "geometry": { "type": "MultiPolygon", "coordinates": [ [ [ [ 104.155322214546047, 14.628995475611005, 0.0 ], [ 104.155290009080545, 14.629414459059996, 0.0 ], [ 104.155585517989493, 14.629442339732501, 0.0 ], [ 104.157667861997595, 14.629422082935283, 0.0 ], [ 104.157610047505699, 14.628965128563072, 0.0 ], [ 104.155322214546047, 14.628995475611005, 0.0 ] ] ] ] } },
{ "type": "Feature", "properties": { "Plang": "27", "Rawang": "520", "Rai": 6.0, "NGan": 3.0, "Wa": 87.0, "CardID": "3330500188621", "Name": "นายชาติ คำศรี", "ADD": "100 ถ. ซ. ม.5 บ.สระรุน ต.ห้วยใต้ อ.ขุขันธ์ จ.ศรีสะเกษ" }, "geometry": { "type": "MultiPolygon", "coordinates": [ [ [ [ 104.155322214546047, 14.628995475611005, 0.0 ], [ 104.157610047505699, 14.628965128563072, 0.0 ], [ 104.157582157189722, 14.62860710100021, 0.0 ], [ 104.157566772953189, 14.628564991707547, 0.0 ], [ 104.155332966597044, 14.62858492694588, 0.0 ], [ 104.155322214546047, 14.628995475611005, 0.0 ] ] ] ] } },
{ "type": "Feature", "properties": { "Plang": "8", "Rawang": "516", "Rai": 9.0, "NGan": 0.0, "Wa": 41.0, "CardID": "3330500189848", "Name": "นางสาวสวรรณ์ อ่อนคำ", "ADD": "119 ถ. ซ. ม.5 บ.สระรุน ต.ห้วยใต้ อ.ขุขันธ์ จ.ศรีสะเกษ" }, "geometry": { "type": "MultiPolygon", "coordinates": [ [ [ [ 104.152557854454471, 14.630470579736533, 0.0 ], [ 104.152536791486284, 14.630851901967645, 0.0 ], [ 104.154231686378992, 14.630712326254738, 0.0 ], [ 104.155863814847379, 14.630580213536907, 0.0 ], [ 104.155763578439533, 14.630287145215723, 0.0 ], [ 104.15575164159732, 14.63022249420651, 0.0 ], [ 104.152557854454471, 14.630470579736533, 0.0 ] ] ] ] } },
{ "type": "Feature", "properties": { "Plang": "37", "Rawang": "516", "Rai": 6.0, "NGan": 0.0, "Wa": 0.0, "CardID": "3330500189830", "Name": "นางสวิน วิลา", "ADD": "48 ถ. ซ. ม.5 บ.สระรุน ต.ห้วยใต้ อ.ขุขันธ์ จ.ศรีสะเกษ" }, "geometry": { "type": "MultiPolygon", "coordinates": [ [ [ [ 104.15575164159732, 14.63022249420651, 0.0 ], [ 104.15569485561339, 14.630007084467179, 0.0 ], [ 104.152535256247177, 14.630184403965821, 0.0 ], [ 104.152557854454471, 14.630470579736533, 0.0 ], [ 104.15575164159732, 14.63022249420651, 0.0 ] ] ] ] } },
{ "type": "Feature", "properties": { "Plang": "2", "Rawang": "520", "Rai": 6.0, "NGan": 0.0, "Wa": 31.0, "CardID": "3330500184935", "Name": "นางสมนา แอกทอง", "ADD": "1 ถ. ซ. ม.5 บ.สระรุน ต.ห้วยใต้ อ.ขุขันธ์ จ.ศรีสะเกษ" }, "geometry": { "type": "MultiPolygon", "coordinates": [ [ [ [ 104.158163390551593, 14.632298295862316, 0.0 ], [ 104.158099218178535, 14.631857759767618, 0.0 ], [ 104.156256500742771, 14.632227455598468, 0.0 ], [ 104.156460412635681, 14.632689429435878, 0.0 ], [ 104.158163390551593, 14.632298295862316, 0.0 ] ] ] ] } },
{ "type": "Feature", "properties": { "Plang": "9", "Rawang": "735", "Rai": 0.0, "NGan": 3.0, "Wa": 28.0, "CardID": "0000000000000", "Name": "นายสมัน ตะเคียนเกลี้ยง", "ADD": "8 ถ. ซ. ม.6 บ. ต.ตะเคียนราม อ.ขุขันธ์ จ.ศรีสะเกษ" }, "geometry": { "type": "MultiPolygon", "coordinates": [ [ [ [ 104.162767260380079, 14.589584138568373, 0.0 ], [ 104.162834861833133, 14.588951752419968, 0.0 ], [ 104.162689311522072, 14.588947261448698, 0.0 ], [ 104.162562480596179, 14.589551011067167, 0.0 ], [ 104.162767260380079, 14.589584138568373, 0.0 ] ] ] ] } },
{ "type": "Feature", "properties": { "Plang": "26", "Rawang": "520", "Rai": 3.0, "NGan": 2.0, "Wa": 0.0, "CardID": "3330500189309", "Name": "นางพิง บุญมา", "ADD": "131 ถ. ซ. ม.5 บ.สระรุน ต.ห้วยใต้ อ.ขุขันธ์ จ.ศรีสะเกษ" }, "geometry": { "type": "MultiPolygon", "coordinates": [ [ [ [ 104.158163390551593, 14.632298295862316, 0.0 ], [ 104.156460412635681, 14.632689429435878, 0.0 ], [ 104.156549704809152, 14.63289238800898, 0.0 ], [ 104.157412217559553, 14.632803539810666, 0.0 ], [ 104.158195342278702, 14.632521299107015, 0.0 ], [ 104.158163390551593, 14.632298295862316, 0.0 ] ] ] ] } },
{ "type": "Feature", "properties": { "Plang": "64", "Rawang": "5838III1212", "Rai": 0.0, "NGan": 0.0, "Wa": 74.0, "CardID": "3330500225691", "Name": "นางอรนุช ตะเคียนเกลี้ยง", "ADD": "38 ถ. ซ. ม.1 บ.ตะเคียนราม(ออก) ต.ตะเคียนราม อ.ภูสิงห์ จ.ศรีสะเกษ" }, "geometry": { "type": "MultiPolygon", "coordinates": [ [ [ [ 104.180771106477067, 14.593799037104343, 0.0 ], [ 104.180488558276451, 14.593931603901229, 0.0 ], [ 104.18078700693242, 14.593965929415122, 0.0 ], [ 104.180771106477067, 14.593799037104343, 0.0 ] ] ] ] } },
{ "type": "Feature", "properties": { "Plang": "65", "Rawang": "5838III1212", "Rai": 2.0, "NGan": 1.0, "Wa": 95.0, "CardID": "3330500221903", "Name": "นางสาวกัญญาภัค ฉิมพินิจ", "ADD": "73 ถ. ซ. ม.14 บ. ต.ตะเคียนราม อ.ภูสิงห์ จ.ศรีสะเกษ" }, "geometry": { "type": "MultiPolygon", "coordinates": [ [ [ [ 104.181577079492072, 14.593486328610375, 0.0 ], [ 104.180771106477067, 14.593799037104343, 0.0 ], [ 104.18078700693242, 14.593965929415122, 0.0 ], [ 104.181149640263854, 14.59402839790795, 0.0 ], [ 104.181651540015267, 14.594116031257373, 0.0 ], [ 104.181577079492072, 14.593486328610375, 0.0 ] ] ] ] } },
{ "type": "Feature", "properties": { "Plang": "69", "Rawang": "5838III1212", "Rai": 1.0, "NGan": 1.0, "Wa": 54.0, "CardID": "3330500224147", "Name": "นายยืน ตะเคียนราม", "ADD": "17 ถ. ซ. ม.1 บ.ตะเคียนรามตะวัน ต.ตะเคียนราม อ.ภูสิงห์ จ.ศรีสะเกษ" }, "geometry": { "type": "MultiPolygon", "coordinates": [ [ [ [ 104.182207974996217, 14.59358682654962, 0.0 ], [ 104.182153452309393, 14.593900723362502, 0.0 ], [ 104.182545473641241, 14.593982490414472, 0.0 ], [ 104.182707100806937, 14.594012708441376, 0.0 ], [ 104.182751517495802, 14.593657075846115, 0.0 ], [ 104.182207974996217, 14.59358682654962, 0.0 ] ] ] ] } },
{ "type": "Feature", "properties": { "Plang": "122", "Rawang": "5838III1212", "Rai": 8.0, "NGan": 0.0, "Wa": 54.0, "CardID": "3330500227201", "Name": "นางสาวจำเนียร ตะเคียนเกลี้ยง", "ADD": "121 ถ. ซ. ม.1 บ.ตะเคียนราม(ออก) ต.ตะเคียนราม อ.ภูสิงห์ จ.ศรีสะเกษ" }, "geometry": { "type": "MultiPolygon", "coordinates": [ [ [ [ 104.189272990320887, 14.594391777920764, 0.0 ], [ 104.189193882791045, 14.593963242980212, 0.0 ], [ 104.188515632815637, 14.594064797335358, 0.0 ], [ 104.187128150083652, 14.59416835479438, 0.0 ], [ 104.187108651613926, 14.594284553396294, 0.0 ], [ 104.187214864731274, 14.594812324785753, 0.0 ], [ 104.189272990320887, 14.594391777920764, 0.0 ] ] ] ] } },
{ "type": "Feature", "properties": { "Plang": "113", "Rawang": "5838III1212", "Rai": 4.0, "NGan": 1.0, "Wa": 18.0, "CardID": "3330500225623", "Name": "นางทองใส ตะเคียนราม", "ADD": "112 ถ. ซ. ม.1 บ. ต.ตะเคียนราม อ.ภูสิงห์ จ.ศรีสะเกษ" }, "geometry": { "type": "MultiPolygon", "coordinates": [ [ [ [ 104.187214864731274, 14.594812324785753, 0.0 ], [ 104.187108651613926, 14.594284553396294, 0.0 ], [ 104.186256534099542, 14.594280267793847, 0.0 ], [ 104.186353080729219, 14.595096208473597, 0.0 ], [ 104.187214864731274, 14.594812324785753, 0.0 ] ] ] ] } },
{ "type": "Feature", "properties": { "Plang": "123", "Rawang": "5838III1212", "Rai": 3.0, "NGan": 1.0, "Wa": 0.0, "CardID": "3330500226484", "Name": "นางทัศนีย์ สร้อยคำ", "ADD": "108 ถ. ซ. ม.1 บ. ต.ตะเคียนราม อ.ภูสิงห์ จ.ศรีสะเกษ" }, "geometry": { "type": "MultiPolygon", "coordinates": [ [ [ [ 104.185692352891564, 14.594261834629366, 0.0 ], [ 104.185725401999193, 14.594359484557899, 0.0 ], [ 104.185763942502675, 14.594375943228316, 0.0 ], [ 104.185795276662503, 14.594999985730333, 0.0 ], [ 104.186353080729219, 14.595096208473597, 0.0 ], [ 104.186256534099542, 14.594280267793847, 0.0 ], [ 104.186124093622652, 14.594263229182889, 0.0 ], [ 104.186097356895189, 14.594148247974205, 0.0 ], [ 104.185692352891564, 14.594261834629366, 0.0 ] ] ] ] } },
{ "type": "Feature", "properties": { "Plang": "106", "Rawang": "5838III1212", "Rai": 8.0, "NGan": 1.0, "Wa": 46.0, "CardID": "1330500136217", "Name": "นางสาวพรพรรณ์ ละอองใส", "ADD": "10 ถ. ซ. ม.01 บ. ต.ตะเคียนราม อ.ภูสิงห์ จ.ศรีสะเกษ" }, "geometry": { "type": "MultiPolygon", "coordinates": [ [ [ [ 104.191135477674962, 14.59382798006604, 0.0 ], [ 104.190666203173024, 14.592292175722024, 0.0 ], [ 104.190091753371092, 14.59247683902908, 0.0 ], [ 104.190153735798702, 14.592718707816891, 0.0 ], [ 104.190131924585756, 14.592729199145245, 0.0 ], [ 104.190305896777332, 14.593556667677653, 0.0 ], [ 104.190402968338574, 14.593878710904351, 0.0 ], [ 104.190502951819809, 14.594143153485462, 0.0 ], [ 104.191135477674962, 14.59382798006604, 0.0 ] ] ] ] } },
{ "type": "Feature", "properties": { "Plang": "104", "Rawang": "5838III1212", "Rai": 9.0, "NGan": 2.0, "Wa": 1.0, "CardID": "3330500223965", "Name": "นายเสือม ตะเคียนราม", "ADD": "74 ถ. ซ. ม.1 บ. ต.ตะเคียนราม อ.ภูสิงห์ จ.ศรีสะเกษ" }, "geometry": { "type": "MultiPolygon", "coordinates": [ [ [ [ 104.192434923663896, 14.591470552998985, 0.0 ], [ 104.191861762617705, 14.591574734618412, 0.0 ], [ 104.191357688832284, 14.591624163453634, 0.0 ], [ 104.191456853092063, 14.592031436454793, 0.0 ], [ 104.191751394158416, 14.592986153188251, 0.0 ], [ 104.19253070179316, 14.592739066856524, 0.0 ], [ 104.192434923663896, 14.591470552998985, 0.0 ] ] ] ] } },
{ "type": "Feature", "properties": { "Plang": "103", "Rawang": "5838III1212", "Rai": 10.0, "NGan": 1.0, "Wa": 45.0, "CardID": "3330500225267", "Name": "นายมิตร บุญขาว", "ADD": "73 ถ. ซ. ม.1 บ. ต.ตะเคียนราม อ.ภูสิงห์ จ.ศรีสะเกษ" }, "geometry": { "type": "MultiPolygon", "coordinates": [ [ [ [ 104.192434923663896, 14.591470552998985, 0.0 ], [ 104.192693275215944, 14.591409463139325, 0.0 ], [ 104.192354234657401, 14.588957733119727, 0.0 ], [ 104.192114656235887, 14.589005653842921, 0.0 ], [ 104.191873220603057, 14.591534444890403, 0.0 ], [ 104.191861762617705, 14.591574734618412, 0.0 ], [ 104.192434923663896, 14.591470552998985, 0.0 ] ] ] ] } },
{ "type": "Feature", "properties": { "Plang": "71", "Rawang": "5838III1212", "Rai": 5.0, "NGan": 1.0, "Wa": 25.0, "CardID": "3330500226883", "Name": "นายหมึง ตะเคียนราม", "ADD": "55 ถ. ซ. ม.1 บ. ต.ตะเคียนราม อ.ภูสิงห์ จ.ศรีสะเกษ" }, "geometry": { "type": "MultiPolygon", "coordinates": [ [ [ [ 104.183526212404402, 14.592468250367473, 0.0 ], [ 104.183517234462798, 14.59146451980887, 0.0 ], [ 104.183441231859888, 14.591446597082586, 0.0 ], [ 104.182971442199715, 14.591409140206688, 0.0 ], [ 104.182845809527237, 14.591400734433714, 0.0 ], [ 104.182990597486025, 14.592700459667881, 0.0 ], [ 104.183526212404402, 14.592468250367473, 0.0 ] ] ] ] } },
{ "type": "Feature", "properties": { "Plang": "73", "Rawang": "5838III1212", "Rai": 0.0, "NGan": 3.0, "Wa": 17.0, "CardID": "3330500346153", "Name": "นางสมศรี บุตะเคียน", "ADD": "23 ถ. ซ. ม.8 บ. ต.ตะเคียนราม อ.ภูสิงห์ จ.ศรีสะเกษ" }, "geometry": { "type": "MultiPolygon", "coordinates": [ [ [ [ 104.183751024159193, 14.591477577983344, 0.0 ], [ 104.183716583575489, 14.59237669639352, 0.0 ], [ 104.183844789665827, 14.592342675477687, 0.0 ], [ 104.183874540137651, 14.591498339488835, 0.0 ], [ 104.183751024159193, 14.591477577983344, 0.0 ] ] ] ] } },
{ "type": "Feature", "properties": { "Plang": "74", "Rawang": "5838III1212", "Rai": 13.0, "NGan": 0.0, "Wa": 1.0, "CardID": "3330500346129", "Name": "นางเสงี่ยม กุลวงค์", "ADD": "23/1 ถ. ซ. ม.8 บ. ต.ตะเคียนราม อ.ภูสิงห์ จ.ศรีสะเกษ" }, "geometry": { "type": "MultiPolygon", "coordinates": [ [ [ [ 104.184180496256332, 14.592210547313771, 0.0 ], [ 104.184138131755603, 14.591512382449476, 0.0 ], [ 104.183874540137651, 14.591498339488835, 0.0 ], [ 104.183844789665827, 14.592342675477687, 0.0 ], [ 104.184180496256332, 14.592210547313771, 0.0 ] ] ] ] } },
{ "type": "Feature", "properties": { "Plang": "75", "Rawang": "5838III1212", "Rai": 2.0, "NGan": 0.0, "Wa": 53.0, "CardID": "3330500225534", "Name": "นางละเมอ บุตะเคียน", "ADD": "37 ถ. ซ. ม.1 บ.ตะเคียนรามตะวัน ต.ตะเคียนราม อ.ภูสิงห์ จ.ศรีสะเกษ" }, "geometry": { "type": "MultiPolygon", "coordinates": [ [ [ [ 104.182924987723553, 14.59000080272474, 0.0 ], [ 104.182665757994073, 14.589990641063604, 0.0 ], [ 104.182666504042714, 14.59002935004027, 0.0 ], [ 104.182807060120837, 14.591342424670762, 0.0 ], [ 104.182974857486656, 14.591355676655866, 0.0 ], [ 104.182924987723553, 14.59000080272474, 0.0 ] ] ] ] } },
{ "type": "Feature", "properties": { "Plang": "76", "Rawang": "5838III1212", "Rai": 4.0, "NGan": 0.0, "Wa": 74.0, "CardID": "3330500224376", "Name": "นายดน ตะเคียนราม", "ADD": "19 ถ. ซ. ม.1 บ. ต.ตะเคียนราม อ.ภูสิงห์ จ.ศรีสะเกษ" }, "geometry": { "type": "MultiPolygon", "coordinates": [ [ [ [ 104.182974857486656, 14.591355676655866, 0.0 ], [ 104.183440266227336, 14.591407955808629, 0.0 ], [ 104.183246497405662, 14.589937968338099, 0.0 ], [ 104.182924987723553, 14.59000080272474, 0.0 ], [ 104.182974857486656, 14.591355676655866, 0.0 ] ] ] ] } },
{ "type": "Feature", "properties": { "Plang": "77", "Rawang": "5838III1212", "Rai": 1.0, "NGan": 3.0, "Wa": 54.0, "CardID": "3330500224147", "Name": "นายยืน ตะเคียนราม", "ADD": "17 ถ. ซ. ม.1 บ.ตะเคียนรามตะวัน ต.ตะเคียนราม อ.ภูสิงห์ จ.ศรีสะเกษ" }, "geometry": { "type": "MultiPolygon", "coordinates": [ [ [ [ 104.182768027611047, 14.58903336170275, 0.0 ], [ 104.182665757994073, 14.589990641063604, 0.0 ], [ 104.182924987723553, 14.59000080272474, 0.0 ], [ 104.183038745231755, 14.589108416439165, 0.0 ], [ 104.182768027611047, 14.58903336170275, 0.0 ] ] ] ] } },
{ "type": "Feature", "properties": { "Plang": "78", "Rawang": "5838III1212", "Rai": 1.0, "NGan": 3.0, "Wa": 41.0, "CardID": "3330500223400", "Name": "นายปรัญ บุตะเคียน", "ADD": "57 ถ. ซ. ม.4 บ.ขยอง ต.ตะเคียนราม อ.ภูสิงห์ จ.ศรีสะเกษ" }, "geometry": { "type": "MultiPolygon", "coordinates": [ [ [ [ 104.183038745231755, 14.589108416439165, 0.0 ], [ 104.182924987723553, 14.59000080272474, 0.0 ], [ 104.183246497405662, 14.589937968338099, 0.0 ], [ 104.183273896974782, 14.589125885124341, 0.0 ], [ 104.183038745231755, 14.589108416439165, 0.0 ] ] ] ] } },
{ "type": "Feature", "properties": { "Plang": "79", "Rawang": "5838III1212", "Rai": 1.0, "NGan": 3.0, "Wa": 89.0, "CardID": "3330500223060", "Name": "นางมะลิน ตะเคียนเกลี้ยง", "ADD": "89 ถ. ซ. ม.1 บ.ตะเคียนรามตะวัน ต.ตะเคียนราม อ.ภูสิงห์ จ.ศรีสะเกษ" }, "geometry": { "type": "MultiPolygon", "coordinates": [ [ [ [ 104.182768027611047, 14.58903336170275, 0.0 ], [ 104.183038745231755, 14.589108416439165, 0.0 ], [ 104.183008688865783, 14.587994783480964, 0.0 ], [ 104.182806759181588, 14.587990814230327, 0.0 ], [ 104.182768027611047, 14.58903336170275, 0.0 ] ] ] ] } },
{ "type": "Feature", "properties": { "Plang": "81", "Rawang": "5838III1212", "Rai": 3.0, "NGan": 1.0, "Wa": 3.0, "CardID": "3330500232344", "Name": "นางเนย ตะเคียนเกลี้ยง", "ADD": "03 ถ. ซ. ม.6 บ. ต.ตะเคียนราม อ.ภูสิงห์ จ.ศรีสะเกษ" }, "geometry": { "type": "MultiPolygon", "coordinates": [ [ [ [ 104.182765880221439, 14.58824216328283, 0.0 ], [ 104.182167564003763, 14.588233362893739, 0.0 ], [ 104.182158068263391, 14.58891954935207, 0.0 ], [ 104.182541197811446, 14.589007751125729, 0.0 ], [ 104.182727205507433, 14.589053664223263, 0.0 ], [ 104.182765880221439, 14.58824216328283, 0.0 ] ] ] ] } },
{ "type": "Feature", "properties": { "Plang": "82", "Rawang": "5838III1212", "Rai": 2.0, "NGan": 1.0, "Wa": 71.0, "CardID": "3330500239578", "Name": "นางสาวสมบัติ ธรรมพร", "ADD": "90 ถ. ซ. ม.6 บ.กระโดน ต.ตะเคียนราม อ.ภูสิงห์ จ.ศรีสะเกษ" }, "geometry": { "type": "MultiPolygon", "coordinates": [ [ [ [ 104.182167564003763, 14.588233362893739, 0.0 ], [ 104.182176534955602, 14.587338003884657, 0.0 ], [ 104.181992314643537, 14.587335006124917, 0.0 ], [ 104.181949365116722, 14.588871502681705, 0.0 ], [ 104.182158068263391, 14.58891954935207, 0.0 ], [ 104.182167564003763, 14.588233362893739, 0.0 ] ] ] ] } },
{ "type": "Feature", "properties": { "Plang": "83", "Rawang": "5838III1212", "Rai": 5.0, "NGan": 0.0, "Wa": 30.0, "CardID": "3330500225577", "Name": "นางบัว ตะเคียนราม", "ADD": "35 ถ. ซ. ม.1 บ. ต.ตะเคียนราม อ.ภูสิงห์ จ.ศรีสะเกษ" }, "geometry": { "type": "MultiPolygon", "coordinates": [ [ [ [ 104.181992314643537, 14.587335006124917, 0.0 ], [ 104.181757754758067, 14.58733118899476, 0.0 ], [ 104.18165057726182, 14.587788624734845, 0.0 ], [ 104.181501847623153, 14.5878237429772, 0.0 ], [ 104.18145368245635, 14.588809973599412, 0.0 ], [ 104.181949365116722, 14.588871502681705, 0.0 ], [ 104.181992314643537, 14.587335006124917, 0.0 ] ] ] ] } },
{ "type": "Feature", "properties": { "Plang": "84", "Rawang": "5838III1212", "Rai": 2.0, "NGan": 1.0, "Wa": 9.0, "CardID": "3330500227316", "Name": "นายณรงค์ อุดหนุน", "ADD": "05 ถ. ซ. ม.5 บ.ระเบ๊าะ ต.ตะเคียนราม อ.ภูสิงห์ จ.ศรีสะเกษ" }, "geometry": { "type": "MultiPolygon", "coordinates": [ [ [ [ 104.181186360982281, 14.587897181544323, 0.0 ], [ 104.181132555092063, 14.588785993189981, 0.0 ], [ 104.18145368245635, 14.588809973599412, 0.0 ], [ 104.181501847623153, 14.5878237429772, 0.0 ], [ 104.181186360982281, 14.587897181544323, 0.0 ] ] ] ] } },
{ "type": "Feature", "properties": { "Plang": "85", "Rawang": "5838III1212", "Rai": 2.0, "NGan": 0.0, "Wa": 89.0, "CardID": "3330500233201", "Name": "นายอำพร ตะเคียนราม", "ADD": "36 ถ. ซ. ม.6 บ.หนองเขียน ต.ตะเคียนราม อ.ภูสิงห์ จ.ศรีสะเกษ" }, "geometry": { "type": "MultiPolygon", "coordinates": [ [ [ [ 104.181186360982281, 14.587897181544323, 0.0 ], [ 104.180842315567901, 14.587963209949768, 0.0 ], [ 104.180836275004552, 14.588771498518495, 0.0 ], [ 104.181132555092063, 14.588785993189981, 0.0 ], [ 104.181186360982281, 14.587897181544323, 0.0 ] ] ] ] } },
{ "type": "Feature", "properties": { "Plang": "4", "Rawang": "766", "Rai": 7.0, "NGan": 2.0, "Wa": 50.0, "CardID": "3330500224481", "Name": "นายเพ็ง ตะเคียนราม", "ADD": "21 ถ. ซ. ม.1 บ. ต.ตะเคียนราม อ.ภูสิงห์ จ.ศรีสะเกษ" }, "geometry": { "type": "MultiPolygon", "coordinates": [ [ [ [ 104.189281008406851, 14.594385686779921, 0.0 ], [ 104.189332293613901, 14.594756466788553, 0.0 ], [ 104.190383681633008, 14.595058566825413, 0.0 ], [ 104.190451925173079, 14.595496040360848, 0.0 ], [ 104.190908678207833, 14.59536455983919, 0.0 ], [ 104.190889730222594, 14.595332319911561, 0.0 ], [ 104.190791506485496, 14.595373446466201, 0.0 ], [ 104.190502951819809, 14.594143153485462, 0.0 ], [ 104.189281008406851, 14.594385686779921, 0.0 ] ] ] ] } },
{ "type": "Feature", "properties": { "Plang": "70", "Rawang": "5838III1212", "Rai": 2.0, "NGan": 3.0, "Wa": 20.0, "CardID": "4330500001731", "Name": "นางเสวียง สุทธิพันธ์", "ADD": "72 ถ. ซ. ม.1 บ.ตะวันออก ต.ตะเคียนราม อ.ภูสิงห์ จ.ศรีสะเกษ" }, "geometry": { "type": "MultiPolygon", "coordinates": [ [ [ [ 104.182855474754604, 14.592947579187825, 0.0 ], [ 104.181925128797559, 14.593326546431417, 0.0 ], [ 104.181989696473664, 14.593447778955495, 0.0 ], [ 104.182207974996217, 14.59358682654962, 0.0 ], [ 104.182751517495802, 14.593657075846115, 0.0 ], [ 104.182855474754604, 14.592947579187825, 0.0 ] ] ] ] } },
{ "type": "Feature", "properties": { "Plang": "3", "Rawang": "521", "Rai": 3.0, "NGan": 1.0, "Wa": 16.0, "CardID": "3330500346781", "Name": "นายสงัด บุญขาว", "ADD": "28 ถ. ซ. ม.8 บ. ต.ตะเคียนราม อ.ภูสิงห์ จ.ศรีสะเกษ" }, "geometry": { "type": "MultiPolygon", "coordinates": [ [ [ [ 104.161554967184969, 14.626449141342732, 0.0 ], [ 104.161480617600731, 14.625877768766467, 0.0 ], [ 104.161473365304303, 14.625791784015902, 0.0 ], [ 104.161220581956229, 14.625778554324981, 0.0 ], [ 104.161247630173264, 14.625628875614909, 0.0 ], [ 104.161140105804421, 14.625613868358904, 0.0 ], [ 104.161128837782087, 14.625833583124145, 0.0 ], [ 104.160909699345794, 14.625856175668801, 0.0 ], [ 104.160792219030597, 14.626005168761129, 0.0 ], [ 104.16075383536409, 14.626114878618154, 0.0 ], [ 104.160712482832864, 14.626187738504036, 0.0 ], [ 104.160671753429057, 14.626250200712148, 0.0 ], [ 104.16081154178994, 14.626320104342025, 0.0 ], [ 104.160871103335836, 14.626339645337197, 0.0 ], [ 104.161364977754772, 14.62643755271856, 0.0 ], [ 104.161554967184969, 14.626449141342732, 0.0 ] ] ] ] } },
{ "type": "Feature", "properties": { "Plang": "4", "Rawang": "521", "Rai": 5.0, "NGan": 1.0, "Wa": 70.0, "CardID": "3330500346021", "Name": "นางมณี ศรีลาชัย", "ADD": "22 ถ. ซ. ม.8 บ.ตาโสม ต.ตะเคียนราม อ.ภูสิงห์ จ.ศรีสะเกษ" }, "geometry": { "type": "MultiPolygon", "coordinates": [ [ [ [ 104.160655337944647, 14.625591781653325, 0.0 ], [ 104.161140105804421, 14.625613868358904, 0.0 ], [ 104.161247630173264, 14.625628875614909, 0.0 ], [ 104.161310040239485, 14.625319673114964, 0.0 ], [ 104.161243516569144, 14.624313775572308, 0.0 ], [ 104.160722604180179, 14.624351527619574, 0.0 ], [ 104.160655337944647, 14.625591781653325, 0.0 ] ] ] ] } },
{ "type": "Feature", "properties": { "Plang": "5", "Rawang": "521", "Rai": 6.0, "NGan": 3.0, "Wa": 72.0, "CardID": "0000000000000", "Name": "นายสมัน ทินบำรุง", "ADD": "144 ถ. ซ. ม.8 บ. ต.ตะเคียนราม อ.ขุขันธ์ จ.ศรีสะเกษ" }, "geometry": { "type": "MultiPolygon", "coordinates": [ [ [ [ 104.161829913345088, 14.624227508006317, 0.0 ], [ 104.161243516569144, 14.624313775572308, 0.0 ], [ 104.161310040239485, 14.625319673114964, 0.0 ], [ 104.161247630173264, 14.625628875614909, 0.0 ], [ 104.161220581956229, 14.625778554324981, 0.0 ], [ 104.161473365304303, 14.625791784015902, 0.0 ], [ 104.161480617600731, 14.625877768766467, 0.0 ], [ 104.161761947238475, 14.625862273986474, 0.0 ], [ 104.161825118615781, 14.625332770279801, 0.0 ], [ 104.161971343042666, 14.624731102181808, 0.0 ], [ 104.161829913345088, 14.624227508006317, 0.0 ] ] ] ] } },
{ "type": "Feature", "properties": { "Plang": "6", "Rawang": "521", "Rai": 7.0, "NGan": 1.0, "Wa": 1.0, "CardID": "3330500346021", "Name": "นางสาวมณี ศรีลาชัย", "ADD": "22 ถ. ซ. ม.8 บ.ตาโสม ต.ตะเคียนราม อ.ภูสิงห์ จ.ศรีสะเกษ" }, "geometry": { "type": "MultiPolygon", "coordinates": [ [ [ [ 104.162654003436856, 14.624633670708507, 0.0 ], [ 104.161971343042666, 14.624731102181808, 0.0 ], [ 104.161825118615781, 14.625332770279801, 0.0 ], [ 104.161761947238475, 14.625862273986474, 0.0 ], [ 104.162502050039578, 14.625880788791825, 0.0 ], [ 104.162674202978593, 14.625858231349564, 0.0 ], [ 104.162645614761672, 14.625553771673307, 0.0 ], [ 104.162670149256755, 14.625232682539641, 0.0 ], [ 104.162654003436856, 14.624633670708507, 0.0 ] ] ] ] } },
{ "type": "Feature", "properties": { "Plang": "7", "Rawang": "521", "Rai": 9.0, "NGan": 2.0, "Wa": 69.0, "CardID": "3330500598365", "Name": "นายจำนงค์ มังคะชาติ", "ADD": "106 ถ. ซ. ม.8 บ. ต.ตะเคียนราม อ.ภูสิงห์ จ.ศรีสะเกษ" }, "geometry": { "type": "MultiPolygon", "coordinates": [ [ [ [ 104.164604723546404, 14.625733522808476, 0.0 ], [ 104.164721185523433, 14.625000967507116, 0.0 ], [ 104.162670149256755, 14.625232682539641, 0.0 ], [ 104.162645614761672, 14.625553771673307, 0.0 ], [ 104.162674202978593, 14.625858231349564, 0.0 ], [ 104.163477595897163, 14.625768185781434, 0.0 ], [ 104.164071078947345, 14.625732674193921, 0.0 ], [ 104.164501536366473, 14.625759832142409, 0.0 ], [ 104.164604723546404, 14.625733522808476, 0.0 ] ] ] ] } },
{ "type": "Feature", "properties": { "Plang": "8", "Rawang": "521", "Rai": 10.0, "NGan": 1.0, "Wa": 56.0, "CardID": "3330500348814", "Name": "นางเสรียน แสงลอย", "ADD": "109 ถ. ซ. ม.8 บ. ต.ตะเคียนราม อ.ภูสิงห์ จ.ศรีสะเกษ" }, "geometry": { "type": "MultiPolygon", "coordinates": [ [ [ [ 104.162670149256755, 14.625232682539641, 0.0 ], [ 104.164721185523433, 14.625000967507116, 0.0 ], [ 104.164688197499274, 14.624259002688296, 0.0 ], [ 104.162654003436856, 14.624633670708507, 0.0 ], [ 104.162670149256755, 14.625232682539641, 0.0 ] ] ] ] } },
{ "type": "Feature", "properties": { "Plang": "9", "Rawang": "521", "Rai": 11.0, "NGan": 1.0, "Wa": 86.0, "CardID": "3330500345939", "Name": "นายเสย เสดา", "ADD": "06 ถ. ซ. ม.8 บ.ตาโสม ต.ตะเคียนราม อ.ภูสิงห์ จ.ศรีสะเกษ" }, "geometry": { "type": "MultiPolygon", "coordinates": [ [ [ [ 104.162654003436856, 14.624633670708507, 0.0 ], [ 104.164688197499274, 14.624259002688296, 0.0 ], [ 104.164438478090972, 14.623706984881728, 0.0 ], [ 104.162647061226835, 14.624069677569262, 0.0 ], [ 104.161829913345088, 14.624227508006317, 0.0 ], [ 104.161971343042666, 14.624731102181808, 0.0 ], [ 104.162654003436856, 14.624633670708507, 0.0 ] ] ] ] } },
{ "type": "Feature", "properties": { "Plang": "10", "Rawang": "521", "Rai": 5.0, "NGan": 1.0, "Wa": 25.0, "CardID": "3330500351254", "Name": "นายลา ธรรมพร", "ADD": "14 ถ. ซ. ม.8 บ. ต.ตะเคียนราม อ.ภูสิงห์ จ.ศรีสะเกษ" }, "geometry": { "type": "MultiPolygon", "coordinates": [ [ [ [ 104.162647061226835, 14.624069677569262, 0.0 ], [ 104.164438478090972, 14.623706984881728, 0.0 ], [ 104.164403449823851, 14.623274414706222, 0.0 ], [ 104.162564370322372, 14.623733132836543, 0.0 ], [ 104.162647061226835, 14.624069677569262, 0.0 ] ] ] ] } },
{ "type": "Feature", "properties": { "Plang": "11", "Rawang": "521", "Rai": 3.0, "NGan": 3.0, "Wa": 31.0, "CardID": "3330500345874", "Name": "นายสุด พิมพ์ศร", "ADD": "134 ถ. ซ. ม.8 บ.ตาโสม ต.ตะเคียนราม อ.ภูสิงห์ จ.ศรีสะเกษ" }, "geometry": { "type": "MultiPolygon", "coordinates": [ [ [ [ 104.161829913345088, 14.624227508006317, 0.0 ], [ 104.162647061226835, 14.624069677569262, 0.0 ], [ 104.162564370322372, 14.623733132836543, 0.0 ], [ 104.162488203284781, 14.623738073459865, 0.0 ], [ 104.16238348658473, 14.623400949287083, 0.0 ], [ 104.161824014298844, 14.623471579084246, 0.0 ], [ 104.161829913345088, 14.624227508006317, 0.0 ] ] ] ] } },
{ "type": "Feature", "properties": { "Plang": "12", "Rawang": "521", "Rai": 16.0, "NGan": 2.0, "Wa": 93.0, "CardID": "3330500347974", "Name": "นายพิม ตะเคียนราม", "ADD": "42 ถ. ซ. ม.8 บ. ต.ตะเคียนราม อ.ภูสิงห์ จ.ศรีสะเกษ" }, "geometry": { "type": "MultiPolygon", "coordinates": [ [ [ [ 104.161824014298844, 14.623471579084246, 0.0 ], [ 104.160795908484133, 14.623416822596242, 0.0 ], [ 104.159442286836281, 14.623384622722204, 0.0 ], [ 104.159424499784336, 14.623648995093554, 0.0 ], [ 104.159440643979707, 14.624420477945701, 0.0 ], [ 104.160287797287992, 14.624404510167603, 0.0 ], [ 104.160502455861348, 14.624413406495082, 0.0 ], [ 104.160670907195026, 14.624362190851578, 0.0 ], [ 104.160722604180179, 14.624351527619574, 0.0 ], [ 104.161243516569144, 14.624313775572308, 0.0 ], [ 104.161829913345088, 14.624227508006317, 0.0 ], [ 104.161824014298844, 14.623471579084246, 0.0 ] ] ] ] } },
{ "type": "Feature", "properties": { "Plang": "13", "Rawang": "521", "Rai": 11.0, "NGan": 3.0, "Wa": 50.0, "CardID": "0000000000000", "Name": "นายทวน โพธิ์มงคล", "ADD": "40 ถ. ซ. ม.9 บ. ต.ตะเคียนราม อ.ขุขันธ์ จ.ศรีสะเกษ" }, "geometry": { "type": "MultiPolygon", "coordinates": [ [ [ [ 104.160795908484133, 14.623416822596242, 0.0 ], [ 104.161824014298844, 14.623471579084246, 0.0 ], [ 104.16238348658473, 14.623400949287083, 0.0 ], [ 104.16225831418194, 14.622679675014624, 0.0 ], [ 104.162157645548646, 14.622244868843822, 0.0 ], [ 104.161664988638506, 14.622352156561663, 0.0 ], [ 104.161170792718465, 14.622401683359628, 0.0 ], [ 104.160788897103728, 14.622405656970344, 0.0 ], [ 104.160795908484133, 14.623416822596242, 0.0 ] ] ] ] } },
{ "type": "Feature", "properties": { "Plang": "14", "Rawang": "521", "Rai": 16.0, "NGan": 2.0, "Wa": 30.0, "CardID": "3330500351254", "Name": "นายลา ธรรมพร", "ADD": "14 ถ. ซ. ม.8 บ. ต.ตะเคียนราม อ.ภูสิงห์ จ.ศรีสะเกษ" }, "geometry": { "type": "MultiPolygon", "coordinates": [ [ [ [ 104.16225831418194, 14.622679675014624, 0.0 ], [ 104.16238348658473, 14.623400949287083, 0.0 ], [ 104.162488203284781, 14.623738073459865, 0.0 ], [ 104.162564370322372, 14.623733132836543, 0.0 ], [ 104.164403449823851, 14.623274414706222, 0.0 ], [ 104.164405396156695, 14.622892754074202, 0.0 ], [ 104.164476084212467, 14.622506122631748, 0.0 ], [ 104.164402834227204, 14.622252329194094, 0.0 ], [ 104.16225831418194, 14.622679675014624, 0.0 ] ] ] ] } },
{ "type": "Feature", "properties": { "Plang": "15", "Rawang": "521", "Rai": 6.0, "NGan": 2.0, "Wa": 73.0, "CardID": "3330500345726", "Name": "นางนิตร โพธิ์มงคล", "ADD": "18 ถ. ซ. ม.8 บ. ต.ตะเคียนราม อ.ภูสิงห์ จ.ศรีสะเกษ" }, "geometry": { "type": "MultiPolygon", "coordinates": [ [ [ [ 104.162157645548646, 14.622244868843822, 0.0 ], [ 104.16225831418194, 14.622679675014624, 0.0 ], [ 104.164402834227204, 14.622252329194094, 0.0 ], [ 104.164293491302203, 14.621900324607576, 0.0 ], [ 104.162157645548646, 14.622244868843822, 0.0 ] ] ] ] } },
{ "type": "Feature", "properties": { "Plang": "16", "Rawang": "521", "Rai": 13.0, "NGan": 1.0, "Wa": 56.0, "CardID": "3330500347770", "Name": "นายประเสริฐ คำศรี", "ADD": "39 ถ. ซ. ม.8 บ. ต.ตะเคียนราม อ.ภูสิงห์ จ.ศรีสะเกษ" }, "geometry": { "type": "MultiPolygon", "coordinates": [ [ [ [ 104.164293491302203, 14.621900324607576, 0.0 ], [ 104.16417560312199, 14.621317184136103, 0.0 ], [ 104.162543237150913, 14.621610422500954, 0.0 ], [ 104.162156152968933, 14.621691398115567, 0.0 ], [ 104.161222949067934, 14.621740596784946, 0.0 ], [ 104.161170792718465, 14.622401683359628, 0.0 ], [ 104.161664988638506, 14.622352156561663, 0.0 ], [ 104.162157645548646, 14.622244868843822, 0.0 ], [ 104.164293491302203, 14.621900324607576, 0.0 ] ] ] ] } },
{ "type": "Feature", "properties": { "Plang": "21", "Rawang": "521", "Rai": 21.0, "NGan": 3.0, "Wa": 28.0, "CardID": "3330500352625", "Name": "นางพรม ธรรมพร", "ADD": "11 ถ. ซ. ม.4 บ.ขยอม ต.ตะเคียนราม อ.ภูสิงห์ จ.ศรีสะเกษ" }, "geometry": { "type": "MultiPolygon", "coordinates": [ [ [ [ 104.166547760611294, 14.621619425259473, 0.0 ], [ 104.166161742425189, 14.621642491424003, 0.0 ], [ 104.165401275855743, 14.621435068663398, 0.0 ], [ 104.164925177203699, 14.621786284481646, 0.0 ], [ 104.165029532695087, 14.622168019560187, 0.0 ], [ 104.165059838899538, 14.62224545764059, 0.0 ], [ 104.165392723639883, 14.622214972307072, 0.0 ], [ 104.165594011517015, 14.622719962727011, 0.0 ], [ 104.165819078954073, 14.623828445932675, 0.0 ], [ 104.166459570530478, 14.623718949358047, 0.0 ], [ 104.167052386266775, 14.623523186526977, 0.0 ], [ 104.166978744738145, 14.623303807684255, 0.0 ], [ 104.166815028247044, 14.622672185014379, 0.0 ], [ 104.166547760611294, 14.621619425259473, 0.0 ] ] ] ] } },
{ "type": "Feature", "properties": { "Plang": "22", "Rawang": "521", "Rai": 14.0, "NGan": 1.0, "Wa": 18.0, "CardID": "3330500349993", "Name": "นางปริง เสดา", "ADD": "06 ถ. ซ. ม.8 บ. ต.ตะเคียนราม อ.ภูสิงห์ จ.ศรีสะเกษ" }, "geometry": { "type": "MultiPolygon", "coordinates": [ [ [ [ 104.164495023421594, 14.623677062780553, 0.0 ], [ 104.16468651165377, 14.623971823303503, 0.0 ], [ 104.165304416015942, 14.623917257255691, 0.0 ], [ 104.165819078954073, 14.623828445932675, 0.0 ], [ 104.165594011517015, 14.622719962727011, 0.0 ], [ 104.165392723639883, 14.622214972307072, 0.0 ], [ 104.165059838899538, 14.62224545764059, 0.0 ], [ 104.165029532695087, 14.622168019560187, 0.0 ], [ 104.16447276727007, 14.622256883066379, 0.0 ], [ 104.164549540139689, 14.622490636347816, 0.0 ], [ 104.164453538393005, 14.622969271318089, 0.0 ], [ 104.164495023421594, 14.623677062780553, 0.0 ] ] ] ] } },
{ "type": "Feature", "properties": { "Plang": "23", "Rawang": "521", "Rai": 12.0, "NGan": 2.0, "Wa": 1.0, "CardID": "0000000000000", "Name": "นายเพ็ง โพธิ์มงคล", "ADD": "19 ถ. ซ. ม.8 บ. ต.ตะเคียนราม อ.ขุขันธ์ จ.ศรีสะเกษ" }, "geometry": { "type": "MultiPolygon", "coordinates": [ [ [ [ 104.164764522165726, 14.624247701922748, 0.0 ], [ 104.1647713665309, 14.624641694136415, 0.0 ], [ 104.166712814234927, 14.624371547769615, 0.0 ], [ 104.167404279463398, 14.6242244563173, 0.0 ], [ 104.167052386266775, 14.623523186526977, 0.0 ], [ 104.166459570530478, 14.623718949358047, 0.0 ], [ 104.165819078954073, 14.623828445932675, 0.0 ], [ 104.165304416015942, 14.623917257255691, 0.0 ], [ 104.16468651165377, 14.623971823303503, 0.0 ], [ 104.164764522165726, 14.624247701922748, 0.0 ] ] ] ] } },
{ "type": "Feature", "properties": { "Plang": "24", "Rawang": "521", "Rai": 18.0, "NGan": 0.0, "Wa": 2.0, "CardID": "3330500349365", "Name": "นายสอน บุญขาว", "ADD": "59 ถ. ซ. ม.8 บ. ต.ตะเคียนราม อ.ภูสิงห์ จ.ศรีสะเกษ" }, "geometry": { "type": "MultiPolygon", "coordinates": [ [ [ [ 104.164664972192568, 14.625689924896617, 0.0 ], [ 104.165810172408882, 14.62548128709094, 0.0 ], [ 104.166180204774761, 14.625277765939913, 0.0 ], [ 104.166487383596134, 14.625139719246713, 0.0 ], [ 104.167548308795816, 14.624952044990133, 0.0 ], [ 104.167404279463398, 14.6242244563173, 0.0 ], [ 104.166712814234927, 14.624371547769615, 0.0 ], [ 104.1647713665309, 14.624641694136415, 0.0 ], [ 104.164794588203023, 14.625114278433879, 0.0 ], [ 104.164664972192568, 14.625689924896617, 0.0 ] ] ] ] } },
{ "type": "Feature", "properties": { "Plang": "4", "Rawang": "528", "Rai": 7.0, "NGan": 3.0, "Wa": 31.0, "CardID": "1330500013018", "Name": "นางสาวกิ่งดาว ตะเคียนเกลี้ยง", "ADD": "59 ถ. ซ. ม.5 บ. ต.ตะเคียนราม อ.ภูสิงห์ จ.ศรีสะเกษ" }, "geometry": { "type": "MultiPolygon", "coordinates": [ [ [ [ 104.161102810993299, 14.618235095184708, 0.0 ], [ 104.1604462200131, 14.61819744912715, 0.0 ], [ 104.160422886284238, 14.618343392386731, 0.0 ], [ 104.160306570684128, 14.619710498241561, 0.0 ], [ 104.160998043771002, 14.619759107048974, 0.0 ], [ 104.161102810993299, 14.618235095184708, 0.0 ] ] ] ] } },
{ "type": "Feature", "properties": { "Plang": "18", "Rawang": "505", "Rai": 20.0, "NGan": 2.0, "Wa": 40.0, "CardID": "0000000000000", "Name": "นายกัณหา พันธ์จันทร์", "ADD": "38 ถ. ซ. ม.11 บ. ต.ห้วยใต้ อ.ขุขันธ์ จ.ศรีสะเกษ" }, "geometry": { "type": "MultiPolygon", "coordinates": [ [ [ [ 104.165201113363324, 14.634976887069204, 0.0 ], [ 104.16527502042473, 14.635738328681727, 0.0 ], [ 104.166094607912299, 14.635661391401806, 0.0 ], [ 104.166932114031766, 14.635616810126887, 0.0 ], [ 104.168137832332832, 14.635403056449832, 0.0 ], [ 104.167976075392176, 14.634465015817334, 0.0 ], [ 104.165180103184639, 14.634799164845896, 0.0 ], [ 104.165201113363324, 14.634976887069204, 0.0 ] ] ] ] } },
{ "type": "Feature", "properties": { "Plang": "19", "Rawang": "505", "Rai": 7.0, "NGan": 0.0, "Wa": 14.0, "CardID": "1330500125207", "Name": "นายเมธี ศรีสิงห์", "ADD": "16 ถ. ซ. ม.11 บ.กระเบา ต.ห้วยใต้ อ.ขุขันธ์ จ.ศรีสะเกษ" }, "geometry": { "type": "MultiPolygon", "coordinates": [ [ [ [ 104.167943842677303, 14.634217602651136, 0.0 ], [ 104.16775274079211, 14.634211221282616, 0.0 ], [ 104.165112588886856, 14.634408843493494, 0.0 ], [ 104.165180103184639, 14.634799164845896, 0.0 ], [ 104.167976075392176, 14.634465015817334, 0.0 ], [ 104.167943842677303, 14.634217602651136, 0.0 ] ] ] ] } },
{ "type": "Feature", "properties": { "Plang": "20", "Rawang": "505", "Rai": 2.0, "NGan": 1.0, "Wa": 81.0, "CardID": "0000000000000", "Name": "นางเหงียม คุ้มครอง", "ADD": "82 ถ. ซ. ม.11 บ.โคกสะอาด ต.ห้วยใต้ อ.ขุขันธ์ จ.ศรีสะเกษ" }, "geometry": { "type": "MultiPolygon", "coordinates": [ [ [ [ 104.16775274079211, 14.634211221282616, 0.0 ], [ 104.167943842677303, 14.634217602651136, 0.0 ], [ 104.168379076665516, 14.634212130304155, 0.0 ], [ 104.168379842676444, 14.634191379424223, 0.0 ], [ 104.168395579650905, 14.633765070578033, 0.0 ], [ 104.168143993798012, 14.633782156785824, 0.0 ], [ 104.167624420685982, 14.633782862861857, 0.0 ], [ 104.16775274079211, 14.634211221282616, 0.0 ] ] ] ] } },
{ "type": "Feature", "properties": { "Plang": "21", "Rawang": "505", "Rai": 6.0, "NGan": 2.0, "Wa": 0.0, "CardID": "0000000000000", "Name": "นายรินทร์ บังคม", "ADD": "51 ถ. ซ. ม.11 บ.โคกสะอาด ต.ห้วยใต้ อ.ขุขันธ์ จ.ศรีสะเกษ" }, "geometry": { "type": "MultiPolygon", "coordinates": [ [ [ [ 104.167976075392176, 14.634465015817334, 0.0 ], [ 104.168137832332832, 14.635403056449832, 0.0 ], [ 104.168363627559842, 14.636413617851284, 0.0 ], [ 104.168422687093724, 14.636406276894467, 0.0 ], [ 104.168912959783981, 14.636303963444432, 0.0 ], [ 104.168821489401225, 14.635701498453964, 0.0 ], [ 104.16848674568017, 14.635758495896441, 0.0 ], [ 104.168397125388381, 14.635475605400925, 0.0 ], [ 104.168378540149646, 14.634354830272084, 0.0 ], [ 104.168378895694829, 14.634260264210578, 0.0 ], [ 104.168379076665516, 14.634212130304155, 0.0 ], [ 104.167943842677303, 14.634217602651136, 0.0 ], [ 104.167976075392176, 14.634465015817334, 0.0 ] ] ] ] } },
{ "type": "Feature", "properties": { "Plang": "22", "Rawang": "505", "Rai": 4.0, "NGan": 1.0, "Wa": 30.0, "CardID": "3330500186580", "Name": "นายกล ไชยราช", "ADD": "28 ถ. ซ. ม.5 บ.สระรุน ต.ห้วยใต้ อ.ขุขันธ์ จ.ศรีสะเกษ" }, "geometry": { "type": "MultiPolygon", "coordinates": [ [ [ [ 104.168912959783981, 14.636303963444432, 0.0 ], [ 104.169169990080931, 14.636259127762001, 0.0 ], [ 104.169811200033976, 14.636127497508479, 0.0 ], [ 104.169733299322019, 14.635496177540743, 0.0 ], [ 104.169469363850524, 14.635529822641857, 0.0 ], [ 104.168821489401225, 14.635701498453964, 0.0 ], [ 104.168912959783981, 14.636303963444432, 0.0 ] ] ] ] } },
{ "type": "Feature", "properties": { "Plang": "30", "Rawang": "505", "Rai": 1.0, "NGan": 2.0, "Wa": 88.0, "CardID": "3330500347141", "Name": "นางสมัย บังคม", "ADD": "19 ถ. ซ. ม.13 บ.โคกสะอาด ต.ตะเคียนราม อ.ภูสิงห์ จ.ศรีสะเกษ" }, "geometry": { "type": "MultiPolygon", "coordinates": [ [ [ [ 104.169778357028932, 14.634593093507672, 0.0 ], [ 104.170314228508332, 14.634577922667619, 0.0 ], [ 104.17026566851122, 14.634138735885127, 0.0 ], [ 104.169746846701273, 14.634141783053023, 0.0 ], [ 104.169778357028932, 14.634593093507672, 0.0 ] ] ] ] } },
{ "type": "Feature", "properties": { "Plang": "31", "Rawang": "505", "Rai": 6.0, "NGan": 1.0, "Wa": 74.0, "CardID": "0000000000000", "Name": "นายสุวัจน์ รุ่งพัฒนาชัยกุล", "ADD": "84 ถ. ซ. ม.7 บ.กันแต ต.ห้วยใต้ อ.ขุขันธ์ จ.ศรีสะเกษ" }, "geometry": { "type": "MultiPolygon", "coordinates": [ [ [ [ 104.170368559929244, 14.633140284614271, 0.0 ], [ 104.169483268706003, 14.633152856312165, 0.0 ], [ 104.169531550594385, 14.634082065523929, 0.0 ], [ 104.169706351008173, 14.634075071725777, 0.0 ], [ 104.17046448924377, 14.634045361535399, 0.0 ], [ 104.170368559929244, 14.633140284614271, 0.0 ] ] ] ] } },
{ "type": "Feature", "properties": { "Plang": "33", "Rawang": "505", "Rai": 10.0, "NGan": 1.0, "Wa": 78.0, "CardID": "5330500040697", "Name": "นายชนะ ศรีสิงห์", "ADD": "149 ถ. ซ. ม.11 บ.กระเบา ต.ห้วยใต้ อ.ขุขันธ์ จ.ศรีสะเกษ" }, "geometry": { "type": "MultiPolygon", "coordinates": [ [ [ [ 104.16775274079211, 14.634211221282616, 0.0 ], [ 104.167624420685982, 14.633782862861857, 0.0 ], [ 104.167427276343744, 14.633784526237791, 0.0 ], [ 104.165038185125169, 14.633804670564283, 0.0 ], [ 104.165112588886856, 14.634408843493494, 0.0 ], [ 104.16775274079211, 14.634211221282616, 0.0 ] ] ] ] } },
{ "type": "Feature", "properties": { "Plang": "1", "Rawang": "510", "Rai": 2.0, "NGan": 2.0, "Wa": 32.0, "CardID": "3330500350771", "Name": "นายแสน บังคม", "ADD": "07 ถ. ซ. ม.13 บ.โคกสะอาด ต.ตะเคียนราม อ.ภูสิงห์ จ.ศรีสะเกษ" }, "geometry": { "type": "MultiPolygon", "coordinates": [ [ [ [ 104.168113776317696, 14.632653388138314, 0.0 ], [ 104.167290527289609, 14.63271817506409, 0.0 ], [ 104.167338247133301, 14.632954815905537, 0.0 ], [ 104.167373009290174, 14.633127199801365, 0.0 ], [ 104.1681535502684, 14.633120657985009, 0.0 ], [ 104.168113776317696, 14.632653388138314, 0.0 ] ] ] ] } },
{ "type": "Feature", "properties": { "Plang": "2", "Rawang": "510", "Rai": 2.0, "NGan": 3.0, "Wa": 88.0, "CardID": "0000000000000", "Name": "นายพิน ศรีสิงห์", "ADD": "43 ถ. ซ. ม.11 บ.โคกสะอาด ต.ตะเคียนราม อ.ภูสิงห์ จ.ศรีสะเกษ" }, "geometry": { "type": "MultiPolygon", "coordinates": [ [ [ [ 104.167290527289609, 14.63271817506409, 0.0 ], [ 104.168113776317696, 14.632653388138314, 0.0 ], [ 104.16818320774837, 14.63264699832855, 0.0 ], [ 104.168134709467253, 14.632196708728346, 0.0 ], [ 104.167989053342396, 14.632200614381441, 0.0 ], [ 104.167184845327085, 14.632286733188602, 0.0 ], [ 104.16725960743625, 14.63259060451206, 0.0 ], [ 104.167290527289609, 14.63271817506409, 0.0 ] ] ] ] } },
{ "type": "Feature", "properties": { "Plang": "3", "Rawang": "510", "Rai": 2.0, "NGan": 2.0, "Wa": 99.0, "CardID": "0000000000000", "Name": "นางเล็ก จันทคำ", "ADD": "55 ถ. ซ. ม.11 บ.โคกสะอาด ต.ตะเคียนราม อ.ภูสิงห์ จ.ศรีสะเกษ" }, "geometry": { "type": "MultiPolygon", "coordinates": [ [ [ [ 104.167010473068572, 14.631898271869302, 0.0 ], [ 104.167136420801739, 14.632185232908515, 0.0 ], [ 104.167184845327085, 14.632286733188602, 0.0 ], [ 104.167989053342396, 14.632200614381441, 0.0 ], [ 104.167943950254511, 14.631786609449367, 0.0 ], [ 104.167010473068572, 14.631898271869302, 0.0 ] ] ] ] } },
{ "type": "Feature", "properties": { "Plang": "4", "Rawang": "510", "Rai": 1.0, "NGan": 0.0, "Wa": 86.0, "CardID": "0000000000000", "Name": "นายแบน บังคม", "ADD": "51 ถ. ซ. ม.11 บ.โคกสะอาด ต.ตะเคียนราม อ.ภูสิงห์ จ.ศรีสะเกษ" }, "geometry": { "type": "MultiPolygon", "coordinates": [ [ [ [ 104.169408836267877, 14.632358196619238, 0.0 ], [ 104.168591489570801, 14.632424355076916, 0.0 ], [ 104.16861480251724, 14.632600018995307, 0.0 ], [ 104.169397336549238, 14.632593228845726, 0.0 ], [ 104.169408836267877, 14.632358196619238, 0.0 ] ] ] ] } },
{ "type": "Feature", "properties": { "Plang": "5", "Rawang": "510", "Rai": 1.0, "NGan": 1.0, "Wa": 4.0, "CardID": "0000000000000", "Name": "นายแบน บังคม", "ADD": "51 ถ. ซ. ม.11 บ.โคกสะอาด ต.ตะเคียนราม อ.ภูสิงห์ จ.ศรีสะเกษ" }, "geometry": { "type": "MultiPolygon", "coordinates": [ [ [ [ 104.168556303056306, 14.632205748052568, 0.0 ], [ 104.168591489570801, 14.632424355076916, 0.0 ], [ 104.169408836267877, 14.632358196619238, 0.0 ], [ 104.169370550303327, 14.632165782481756, 0.0 ], [ 104.169098057906098, 14.632173681974624, 0.0 ], [ 104.168556303056306, 14.632205748052568, 0.0 ] ] ] ] } },
{ "type": "Feature", "properties": { "Plang": "6", "Rawang": "510", "Rai": 1.0, "NGan": 2.0, "Wa": 68.0, "CardID": "0000000000000", "Name": "นายเจริญผล สกุลเอี่ยม", "ADD": "7 ถ. ซ. ม.11 บ.โคกสะอาด ต.ตะเคียนราม อ.ภูสิงห์ จ.ศรีสะเกษ" }, "geometry": { "type": "MultiPolygon", "coordinates": [ [ [ [ 104.169106822039822, 14.631975903570083, 0.0 ], [ 104.169074646532408, 14.631783100050267, 0.0 ], [ 104.168520421507537, 14.631800999454843, 0.0 ], [ 104.168556303056306, 14.632205748052568, 0.0 ], [ 104.169098057906098, 14.632173681974624, 0.0 ], [ 104.169106822039822, 14.631975903570083, 0.0 ] ] ] ] } },
{ "type": "Feature", "properties": { "Plang": "7", "Rawang": "510", "Rai": 0.0, "NGan": 2.0, "Wa": 86.0, "CardID": "0000000000000", "Name": "นางยศ บุญตา", "ADD": "48 ถ. ซ. ม.11 บ.โคกสะอาด ต.ตะเคียนราม อ.ภูสิงห์ จ.ศรีสะเกษ" }, "geometry": { "type": "MultiPolygon", "coordinates": [ [ [ [ 104.169098057906098, 14.632173681974624, 0.0 ], [ 104.169370550303327, 14.632165782481756, 0.0 ], [ 104.169555426104409, 14.632159955702978, 0.0 ], [ 104.169560468929035, 14.632002724356266, 0.0 ], [ 104.169106822039822, 14.631975903570083, 0.0 ], [ 104.169098057906098, 14.632173681974624, 0.0 ] ] ] ] } },
{ "type": "Feature", "properties": { "Plang": "8", "Rawang": "510", "Rai": 0.0, "NGan": 2.0, "Wa": 97.0, "CardID": "0000000000000", "Name": "นายสะถาน พรมงาม", "ADD": "15 ถ. ซ. ม.11 บ.โคกสะอาด ต.ตะเคียนราม อ.ภูสิงห์ จ.ศรีสะเกษ" }, "geometry": { "type": "MultiPolygon", "coordinates": [ [ [ [ 104.169074646532408, 14.631783100050267, 0.0 ], [ 104.169106822039822, 14.631975903570083, 0.0 ], [ 104.169560468929035, 14.632002724356266, 0.0 ], [ 104.169585796780183, 14.631768187988605, 0.0 ], [ 104.169074646532408, 14.631783100050267, 0.0 ] ] ] ] } },
{ "type": "Feature", "properties": { "Plang": "10", "Rawang": "510", "Rai": 9.0, "NGan": 2.0, "Wa": 57.0, "CardID": "2331700001489", "Name": "นางยชนา ไพรบึง", "ADD": "4 ถ. ซ. ม.13 บ.โคกสะอาด ต.ตะเคียนราม อ.ภูสิงห์ จ.ศรีสะเกษ" }, "geometry": { "type": "MultiPolygon", "coordinates": [ [ [ [ 104.169523763883447, 14.630641428533083, 0.0 ], [ 104.169501021073117, 14.630601781646728, 0.0 ], [ 104.168366555906061, 14.630603437456761, 0.0 ], [ 104.168520421507537, 14.631800999454843, 0.0 ], [ 104.169074646532408, 14.631783100050267, 0.0 ], [ 104.169585796780183, 14.631768187988605, 0.0 ], [ 104.169558489177803, 14.631440119343996, 0.0 ], [ 104.169523763883447, 14.630641428533083, 0.0 ] ] ] ] } },
{ "type": "Feature", "properties": { "Plang": "12", "Rawang": "510", "Rai": 7.0, "NGan": 2.0, "Wa": 19.0, "CardID": "0000000000000", "Name": "นายปะ ศรีสิงห์", "ADD": "60 ถ. ซ. ม.6 บ.ปราสาท ต.ห้วยใต้ อ.ขุขันธ์ จ.ศรีสะเกษ" }, "geometry": { "type": "MultiPolygon", "coordinates": [ [ [ [ 104.166957277729111, 14.631751512884543, 0.0 ], [ 104.167010473068572, 14.631898271869302, 0.0 ], [ 104.167943950254511, 14.631786609449367, 0.0 ], [ 104.16838836216715, 14.631738935241225, 0.0 ], [ 104.168280673920265, 14.631044774510798, 0.0 ], [ 104.166822671275156, 14.631202520800379, 0.0 ], [ 104.166892846306538, 14.631394545775683, 0.0 ], [ 104.166957277729111, 14.631751512884543, 0.0 ] ] ] ] } },
{ "type": "Feature", "properties": { "Plang": "13", "Rawang": "510", "Rai": 4.0, "NGan": 1.0, "Wa": 33.0, "CardID": "0000000000000", "Name": "นายยันต์ ศรีสิงห์", "ADD": "15 ถ. ซ. ม.3 บ.ทุ่งหลวง ต.ห้วยตึ๊กชู อ.ภูสิงห์ จ.ศรีสะเกษ" }, "geometry": { "type": "MultiPolygon", "coordinates": [ [ [ [ 104.166776305205588, 14.630959020931371, 0.0 ], [ 104.166822671275156, 14.631202520800379, 0.0 ], [ 104.168280673920265, 14.631044774510798, 0.0 ], [ 104.168220188819717, 14.630644372118962, 0.0 ], [ 104.166748070116711, 14.630798331380126, 0.0 ], [ 104.166776305205588, 14.630959020931371, 0.0 ] ] ] ] } },
{ "type": "Feature", "properties": { "Plang": "14", "Rawang": "510", "Rai": 4.0, "NGan": 1.0, "Wa": 21.0, "CardID": "0000000000000", "Name": "นายนันต์ ศรีสิงห์", "ADD": "8 ถ. ซ. ม.2 บ.บิง ต.ดองกำเม็ด อ.ขุขันธ์ จ.ศรีสะเกษ" }, "geometry": { "type": "MultiPolygon", "coordinates": [ [ [ [ 104.16669372202476, 14.630587281418983, 0.0 ], [ 104.166748070116711, 14.630798331380126, 0.0 ], [ 104.168220188819717, 14.630644372118962, 0.0 ], [ 104.16815091807787, 14.630252675871914, 0.0 ], [ 104.166662877313854, 14.630417027329791, 0.0 ], [ 104.16669372202476, 14.630587281418983, 0.0 ] ] ] ] } },
{ "type": "Feature", "properties": { "Plang": "15", "Rawang": "510", "Rai": 4.0, "NGan": 0.0, "Wa": 68.0, "CardID": "0000000000000", "Name": "นางล้ำ โยธี", "ADD": "41 ถ. ซ. ม.11 บ.โคกสะอาด ต.ตะเคียนราม อ.ภูสิงห์ จ.ศรีสะเกษ" }, "geometry": { "type": "MultiPolygon", "coordinates": [ [ [ [ 104.166616434377772, 14.630205701446437, 0.0 ], [ 104.166662877313854, 14.630417027329791, 0.0 ], [ 104.16815091807787, 14.630252675871914, 0.0 ], [ 104.168096773257133, 14.6298748829124, 0.0 ], [ 104.166589515192499, 14.630043742049251, 0.0 ], [ 104.166616434377772, 14.630205701446437, 0.0 ] ] ] ] } },
{ "type": "Feature", "properties": { "Plang": "16", "Rawang": "510", "Rai": 3.0, "NGan": 0.0, "Wa": 65.0, "CardID": "3330500349225", "Name": "นางฤทธิ์ งามชาติ", "ADD": "18 ถ. ซ. ม.11 บ. ต.ตะเคียนราม อ.ภูสิงห์ จ.ศรีสะเกษ" }, "geometry": { "type": "MultiPolygon", "coordinates": [ [ [ [ 104.168366555906061, 14.630603437456761, 0.0 ], [ 104.169501021073117, 14.630601781646728, 0.0 ], [ 104.169498614377432, 14.630227716985239, 0.0 ], [ 104.168291691342617, 14.630258862384895, 0.0 ], [ 104.168366555906061, 14.630603437456761, 0.0 ] ] ] ] } },
{ "type": "Feature", "properties": { "Plang": "21", "Rawang": "510", "Rai": 3.0, "NGan": 1.0, "Wa": 77.0, "CardID": "3330501325761", "Name": "นายพลัน ศรีมงคล", "ADD": "69 ถ. ซ. ม.7 บ.กันแต ต.ห้วยใต้ อ.ขุขันธ์ จ.ศรีสะเกษ" }, "geometry": { "type": "MultiPolygon", "coordinates": [ [ [ [ 104.168230489096416, 14.62989513377199, 0.0 ], [ 104.168291691342617, 14.630258862384895, 0.0 ], [ 104.169498614377432, 14.630227716985239, 0.0 ], [ 104.169547615742999, 14.629871021095752, 0.0 ], [ 104.169114894240806, 14.629871780673296, 0.0 ], [ 104.168230489096416, 14.62989513377199, 0.0 ] ] ] ] } },
{ "type": "Feature", "properties": { "Plang": "28", "Rawang": "510", "Rai": 4.0, "NGan": 0.0, "Wa": 19.0, "CardID": "0000000000000", "Name": "นางมะลิ บุญจูง", "ADD": "172 ถ. ซ. ม.3 บ.ไพรพัฒนา ต.ห้วยตามอญ อ.ภูสิงห์ จ.ศรีสะเกษ" }, "geometry": { "type": "MultiPolygon", "coordinates": [ [ [ [ 104.166589515192499, 14.630043742049251, 0.0 ], [ 104.168096773257133, 14.6298748829124, 0.0 ], [ 104.168036237009446, 14.629506322451888, 0.0 ], [ 104.166993913561925, 14.629638935291107, 0.0 ], [ 104.166536472734208, 14.629740636418397, 0.0 ], [ 104.166589515192499, 14.630043742049251, 0.0 ] ] ] ] } },
{ "type": "Feature", "properties": { "Plang": "29", "Rawang": "510", "Rai": 3.0, "NGan": 1.0, "Wa": 45.0, "CardID": "0000000000000", "Name": "นางเอียม บุญจูง", "ADD": "41 ถ. ซ. ม.11 บ.โคกสะอาด ต.ตะเคียนราม อ.ภูสิงห์ จ.ศรีสะเกษ" }, "geometry": { "type": "MultiPolygon", "coordinates": [ [ [ [ 104.166517920143818, 14.629220857549862, 0.0 ], [ 104.166549500587806, 14.629506117382256, 0.0 ], [ 104.166585023659437, 14.629675375681078, 0.0 ], [ 104.167469907426579, 14.629513285071429, 0.0 ], [ 104.167426354736719, 14.629304635485498, 0.0 ], [ 104.167658788851696, 14.629263569119527, 0.0 ], [ 104.167626725989791, 14.629057518080684, 0.0 ], [ 104.166517920143818, 14.629220857549862, 0.0 ] ] ] ] } },
{ "type": "Feature", "properties": { "Plang": "30", "Rawang": "510", "Rai": 4.0, "NGan": 0.0, "Wa": 91.0, "CardID": "0000000000000", "Name": "นางล้ำ โยธี", "ADD": "41 ถ. ซ. ม.11 บ.โคกสะอาด ต.ตะเคียนราม อ.ภูสิงห์ จ.ศรีสะเกษ" }, "geometry": { "type": "MultiPolygon", "coordinates": [ [ [ [ 104.16642639378955, 14.62881239083994, 0.0 ], [ 104.166517920143818, 14.629220857549862, 0.0 ], [ 104.167626725989791, 14.629057518080684, 0.0 ], [ 104.167961399849659, 14.62902304561497, 0.0 ], [ 104.167898674334523, 14.628663544410019, 0.0 ], [ 104.16642639378955, 14.62881239083994, 0.0 ] ] ] ] } },
{ "type": "Feature", "properties": { "Plang": "31", "Rawang": "510", "Rai": 5.0, "NGan": 1.0, "Wa": 83.0, "CardID": "3330501331290", "Name": "นายสาย ศรีลาชัย", "ADD": "138 ถ. ซ. ม.8 บ. ต.ห้วยใต้ อ.ขุขันธ์ จ.ศรีสะเกษ" }, "geometry": { "type": "MultiPolygon", "coordinates": [ [ [ [ 104.166407910720523, 14.628734744425877, 0.0 ], [ 104.16642639378955, 14.62881239083994, 0.0 ], [ 104.167898674334523, 14.628663544410019, 0.0 ], [ 104.167835500112901, 14.628185496982551, 0.0 ], [ 104.166337184636845, 14.628318363363233, 0.0 ], [ 104.166350453495198, 14.62836332232242, 0.0 ], [ 104.166407910720523, 14.628734744425877, 0.0 ] ] ] ] } },
{ "type": "Feature", "properties": { "Plang": "32", "Rawang": "510", "Rai": 3.0, "NGan": 3.0, "Wa": 54.0, "CardID": "3330500194841", "Name": "นางสุพล อ่อนคำ", "ADD": "42 ถ. ซ. ม.8 บ. ต.ห้วยใต้ อ.ขุขันธ์ จ.ศรีสะเกษ" }, "geometry": { "type": "MultiPolygon", "coordinates": [ [ [ [ 104.166293777207585, 14.62797751471979, 0.0 ], [ 104.166337184636845, 14.628318363363233, 0.0 ], [ 104.167835500112901, 14.628185496982551, 0.0 ], [ 104.167775339418995, 14.62782603089352, 0.0 ], [ 104.166293777207585, 14.62797751471979, 0.0 ] ] ] ] } },
{ "type": "Feature", "properties": { "Plang": "35", "Rawang": "510", "Rai": 4.0, "NGan": 2.0, "Wa": 67.0, "CardID": "0000000000000", "Name": "นายศิริ บุญจูง", "ADD": "41 ถ. ซ. ม.11 บ.โคกสะอาด ต.ตะเคียนราม อ.ภูสิงห์ จ.ศรีสะเกษ" }, "geometry": { "type": "MultiPolygon", "coordinates": [ [ [ [ 104.166225496378374, 14.627983492443873, 0.0 ], [ 104.166293777207585, 14.62797751471979, 0.0 ], [ 104.167775339418995, 14.62782603089352, 0.0 ], [ 104.167696590230079, 14.627422338164013, 0.0 ], [ 104.166143104636788, 14.627565625038605, 0.0 ], [ 104.166156784304434, 14.627649877133981, 0.0 ], [ 104.166225496378374, 14.627983492443873, 0.0 ] ] ] ] } },
{ "type": "Feature", "properties": { "Plang": "36", "Rawang": "510", "Rai": 4.0, "NGan": 0.0, "Wa": 26.0, "CardID": "3330500350916", "Name": "นางมลัด ศรีสิงห์", "ADD": "5 ถ. ซ. ม.13 บ.โคกสะอาด ต.ตะเคียนราม อ.ภูสิงห์ จ.ศรีสะเกษ" }, "geometry": { "type": "MultiPolygon", "coordinates": [ [ [ [ 104.166089069999316, 14.62721938219711, 0.0 ], [ 104.16609641822329, 14.627268586861881, 0.0 ], [ 104.166143104636788, 14.627565625038605, 0.0 ], [ 104.167696590230079, 14.627422338164013, 0.0 ], [ 104.16766015375697, 14.627102657723384, 0.0 ], [ 104.166089069999316, 14.62721938219711, 0.0 ] ] ] ] } },
{ "type": "Feature", "properties": { "Plang": "39", "Rawang": "510", "Rai": 3.0, "NGan": 3.0, "Wa": 68.0, "CardID": "0000000000000", "Name": "นางมลัด ศรีสิงห์", "ADD": "43 ถ. ซ. ม.11 บ.โคกสะอาด ต.ตะเคียนราม อ.ภูสิงห์ จ.ศรีสะเกษ" }, "geometry": { "type": "MultiPolygon", "coordinates": [ [ [ [ 104.166089069999316, 14.62721938219711, 0.0 ], [ 104.16766015375697, 14.627102657723384, 0.0 ], [ 104.167621593599378, 14.626780375059139, 0.0 ], [ 104.16600168263659, 14.626873637319479, 0.0 ], [ 104.166089069999316, 14.62721938219711, 0.0 ] ] ] ] } },
{ "type": "Feature", "properties": { "Plang": "40", "Rawang": "510", "Rai": 21.0, "NGan": 3.0, "Wa": 44.0, "CardID": "3330500349721", "Name": "นางสเร็น หอมจิตร์", "ADD": "5 ถ. ซ. ม.8 บ.ตาโสม ต.ตะเคียนราม อ.ภูสิงห์ จ.ศรีสะเกษ" }, "geometry": { "type": "MultiPolygon", "coordinates": [ [ [ [ 104.167689713110676, 14.626454492735384, 0.0 ], [ 104.167659326451314, 14.625781799643004, 0.0 ], [ 104.167622859368834, 14.625478905065677, 0.0 ], [ 104.167606815124813, 14.625250771547494, 0.0 ], [ 104.167548308795816, 14.624952044990133, 0.0 ], [ 104.166487383596134, 14.625139719246713, 0.0 ], [ 104.166180204774761, 14.625277765939913, 0.0 ], [ 104.165810172408882, 14.62548128709094, 0.0 ], [ 104.16603216750498, 14.626818405395372, 0.0 ], [ 104.167703702146582, 14.626735336297068, 0.0 ], [ 104.167689713110676, 14.626454492735384, 0.0 ] ] ] ] } },
{ "type": "Feature", "properties": { "Plang": "41", "Rawang": "510", "Rai": 6.0, "NGan": 0.0, "Wa": 86.0, "CardID": "3330500195562", "Name": "นายสวิด อะกะพงษ์", "ADD": "17 ถ. ซ. ม.8 บ. ต.ตะเคียนราม อ.ภูสิงห์ จ.ศรีสะเกษ" }, "geometry": { "type": "MultiPolygon", "coordinates": [ [ [ [ 104.169648622295441, 14.626409870330287, 0.0 ], [ 104.169615995301413, 14.625900385968274, 0.0 ], [ 104.168895167241246, 14.626003777000697, 0.0 ], [ 104.168919026272391, 14.626127423861556, 0.0 ], [ 104.168038279717692, 14.626348925950664, 0.0 ], [ 104.167689713110676, 14.626454492735384, 0.0 ], [ 104.167703702146582, 14.626735336297068, 0.0 ], [ 104.169648622295441, 14.626409870330287, 0.0 ] ] ] ] } },
{ "type": "Feature", "properties": { "Plang": "42", "Rawang": "510", "Rai": 5.0, "NGan": 1.0, "Wa": 50.0, "CardID": "3330501433700", "Name": "นายบุญนำ กวดขันธ์", "ADD": "3 ถ. ซ. ม.8 บ.ตาโสม ต.ตะเคียนราม อ.ภูสิงห์ จ.ศรีสะเกษ" }, "geometry": { "type": "MultiPolygon", "coordinates": [ [ [ [ 104.167659326451314, 14.625781799643004, 0.0 ], [ 104.167689713110676, 14.626454492735384, 0.0 ], [ 104.168038279717692, 14.626348925950664, 0.0 ], [ 104.168919026272391, 14.626127423861556, 0.0 ], [ 104.168895167241246, 14.626003777000697, 0.0 ], [ 104.168795732299074, 14.625571354859577, 0.0 ], [ 104.168737653410759, 14.625577115467975, 0.0 ], [ 104.167659326451314, 14.625781799643004, 0.0 ] ] ] ] } },
{ "type": "Feature", "properties": { "Plang": "43", "Rawang": "510", "Rai": 2.0, "NGan": 1.0, "Wa": 86.0, "CardID": "3330500351271", "Name": "นายเยือน ปรือปรัง", "ADD": "88 ถ. ซ. ม.8 บ. ต.ตะเคียนราม อ.ภูสิงห์ จ.ศรีสะเกษ" }, "geometry": { "type": "MultiPolygon", "coordinates": [ [ [ [ 104.169615995301413, 14.625900385968274, 0.0 ], [ 104.169572200362111, 14.625483847622858, 0.0 ], [ 104.169361035523906, 14.625492933595146, 0.0 ], [ 104.168795732299074, 14.625571354859577, 0.0 ], [ 104.168895167241246, 14.626003777000697, 0.0 ], [ 104.169615995301413, 14.625900385968274, 0.0 ] ] ] ] } },
{ "type": "Feature", "properties": { "Plang": "45", "Rawang": "510", "Rai": 7.0, "NGan": 1.0, "Wa": 68.0, "CardID": "3330500345700", "Name": "นางศริ ตะเคียนเกลี้ยง", "ADD": "124 ถ. ซ. ม.8 บ.ตาโสม ต.ตะเคียนราม อ.ภูสิงห์ จ.ศรีสะเกษ" }, "geometry": { "type": "MultiPolygon", "coordinates": [ [ [ [ 104.167659326451314, 14.625781799643004, 0.0 ], [ 104.168737653410759, 14.625577115467975, 0.0 ], [ 104.168657676740708, 14.625115714676172, 0.0 ], [ 104.16858041001025, 14.624669946475716, 0.0 ], [ 104.168360036480166, 14.624689024570785, 0.0 ], [ 104.168207537993922, 14.624703055527647, 0.0 ], [ 104.16796437593527, 14.624781157361914, 0.0 ], [ 104.167782895620775, 14.624845887820992, 0.0 ], [ 104.167548308795816, 14.624952044990133, 0.0 ], [ 104.167606815124813, 14.625250771547494, 0.0 ], [ 104.167622859368834, 14.625478905065677, 0.0 ], [ 104.167659326451314, 14.625781799643004, 0.0 ] ] ] ] } },
{ "type": "Feature", "properties": { "Plang": "14", "Rawang": "505", "Rai": 8.0, "NGan": 0.0, "Wa": 49.0, "CardID": "3330500182941", "Name": "นางเภา ว่าไทย", "ADD": "133/1 ถ. ซ. ม.13 บ. ต.ห้วยใต้ อ.ขุขันธ์ จ.ศรีสะเกษ" }, "geometry": { "type": "MultiPolygon", "coordinates": [ [ [ [ 104.167074939144456, 14.637920424626499, 0.0 ], [ 104.168864519874049, 14.637578113067347, 0.0 ], [ 104.168792540982452, 14.637417839651887, 0.0 ], [ 104.168614388249679, 14.63698113160533, 0.0 ], [ 104.166999506797808, 14.637292835498096, 0.0 ], [ 104.167074939144456, 14.637920424626499, 0.0 ] ] ] ] } },
{ "type": "Feature", "properties": { "Plang": "15", "Rawang": "505", "Rai": 11.0, "NGan": 0.0, "Wa": 63.0, "CardID": "3330500184854", "Name": "นางสร้อย ทองอินทร์", "ADD": "12 ถ. ซ. ม.10 บ. ต.ห้วยใต้ อ.ขุขันธ์ จ.ศรีสะเกษ" }, "geometry": { "type": "MultiPolygon", "coordinates": [ [ [ [ 104.164740609738104, 14.637367387848601, 0.0 ], [ 104.164742498350179, 14.637602679678427, 0.0 ], [ 104.165879004387079, 14.637440762240859, 0.0 ], [ 104.166999506797808, 14.637292835498096, 0.0 ], [ 104.168614388249679, 14.63698113160533, 0.0 ], [ 104.168500011573215, 14.636700419315368, 0.0 ], [ 104.164735736451107, 14.637177146108289, 0.0 ], [ 104.164740609738104, 14.637367387848601, 0.0 ] ] ] ] } },
{ "type": "Feature", "properties": { "Plang": "23", "Rawang": "505", "Rai": 9.0, "NGan": 3.0, "Wa": 32.0, "CardID": "3330501324820", "Name": "นายนัย นวลแสง", "ADD": "45 ถ. ซ. ม.7 บ.กันแต ต.ห้วยใต้ อ.ขุขันธ์ จ.ศรีสะเกษ" }, "geometry": { "type": "MultiPolygon", "coordinates": [ [ [ [ 104.169394602585086, 14.638454348911154, 0.0 ], [ 104.169629884569332, 14.638442506207276, 0.0 ], [ 104.169548720090731, 14.638047723126112, 0.0 ], [ 104.1695181792998, 14.637945142442055, 0.0 ], [ 104.169463572783499, 14.63769345396663, 0.0 ], [ 104.169169990080931, 14.636259127762001, 0.0 ], [ 104.168912959783981, 14.636303963444432, 0.0 ], [ 104.168422687093724, 14.636406276894467, 0.0 ], [ 104.168500011573215, 14.636700419315368, 0.0 ], [ 104.168614388249679, 14.63698113160533, 0.0 ], [ 104.168792540982452, 14.637417839651887, 0.0 ], [ 104.168864519874049, 14.637578113067347, 0.0 ], [ 104.169003760243413, 14.637914930348083, 0.0 ], [ 104.169081445459852, 14.638211113099182, 0.0 ], [ 104.16924402829514, 14.638329482626936, 0.0 ], [ 104.169394602585086, 14.638454348911154, 0.0 ] ] ] ] } },
{ "type": "Feature", "properties": { "Plang": "24", "Rawang": "505", "Rai": 9.0, "NGan": 2.0, "Wa": 78.0, "CardID": "0000000000000", "Name": "นายมัย แก้วกันหา", "ADD": "37 ถ. ซ. ม.11 บ.โคกสะอาด ต.ตะเคียนราม อ.ขุขันธ์ จ.ศรีสะเกษ" }, "geometry": { "type": "MultiPolygon", "coordinates": [ [ [ [ 104.170107954366415, 14.638448590988981, 0.0 ], [ 104.170098850773641, 14.638377386912309, 0.0 ], [ 104.169811200033976, 14.636127497508479, 0.0 ], [ 104.169169990080931, 14.636259127762001, 0.0 ], [ 104.169463572783499, 14.63769345396663, 0.0 ], [ 104.1695181792998, 14.637945142442055, 0.0 ], [ 104.169548720090731, 14.638047723126112, 0.0 ], [ 104.169629884569332, 14.638442506207276, 0.0 ], [ 104.170107954366415, 14.638448590988981, 0.0 ] ] ] ] } },
{ "type": "Feature", "properties": { "Plang": "1", "Rawang": "529", "Rai": 22.0, "NGan": 1.0, "Wa": 60.0, "CardID": "0000000000000", "Name": "นายมี คำศรี", "ADD": "7 ถ. ซ. ม.4 บ. ต.ห้วยใต้ อ.ขุขันธ์ จ.ศรีสะเกษ" }, "geometry": { "type": "MultiPolygon", "coordinates": [ [ [ [ 104.16527502042473, 14.635738328681727, 0.0 ], [ 104.165201113363324, 14.634976887069204, 0.0 ], [ 104.163156718502151, 14.635114235393232, 0.0 ], [ 104.161322748450544, 14.635326579331538, 0.0 ], [ 104.16120923792397, 14.635320477796103, 0.0 ], [ 104.161262505243826, 14.635828181616144, 0.0 ], [ 104.161322958581906, 14.636335286435044, 0.0 ], [ 104.162166441847688, 14.635976389177788, 0.0 ], [ 104.163320396684782, 14.635642611920929, 0.0 ], [ 104.163346972138967, 14.63581128954068, 0.0 ], [ 104.164707033730622, 14.635806524194042, 0.0 ], [ 104.16527502042473, 14.635738328681727, 0.0 ] ] ] ] } },
{ "type": "Feature", "properties": { "Plang": "30", "Rawang": "529", "Rai": 20.0, "NGan": 2.0, "Wa": 49.0, "CardID": "3330500179010", "Name": "นายเสรี แก้วคำ", "ADD": "50 ถ. ซ. ม.4 บ.สมบูรณ์ ต.ห้วยใต้ อ.ขุขันธ์ จ.ศรีสะเกษ" }, "geometry": { "type": "MultiPolygon", "coordinates": [ [ [ [ 104.16254085812615, 14.633960950881283, 0.0 ], [ 104.161046061879347, 14.63417990084475, 0.0 ], [ 104.161101313074482, 14.634633399636135, 0.0 ], [ 104.161096493243178, 14.634716585961847, 0.0 ], [ 104.165112588886856, 14.634408843493494, 0.0 ], [ 104.165038185125169, 14.633804670564283, 0.0 ], [ 104.16483192822713, 14.633807514833803, 0.0 ], [ 104.163350099647076, 14.633818907294994, 0.0 ], [ 104.163102876189328, 14.633852465649943, 0.0 ], [ 104.16254085812615, 14.633960950881283, 0.0 ] ] ] ] } },
{ "type": "Feature", "properties": { "Plang": "4", "Rawang": "529", "Rai": 10.0, "NGan": 3.0, "Wa": 6.0, "CardID": "3330501324765", "Name": "นางจาด นวลแสง", "ADD": "45 ถ. ซ. ม.7 บ.กันแต ต.ห้วยใต้ อ.ขุขันธ์ จ.ศรีสะเกษ" }, "geometry": { "type": "MultiPolygon", "coordinates": [ [ [ [ 104.164743885607834, 14.633285492226152, 0.0 ], [ 104.164704441428611, 14.633051618977472, 0.0 ], [ 104.162987652512385, 14.632929739626434, 0.0 ], [ 104.163102876189328, 14.633852465649943, 0.0 ], [ 104.163350099647076, 14.633818907294994, 0.0 ], [ 104.16483192822713, 14.633807514833803, 0.0 ], [ 104.164743885607834, 14.633285492226152, 0.0 ] ] ] ] } },
{ "type": "Feature", "properties": { "Plang": "5", "Rawang": "529", "Rai": 16.0, "NGan": 1.0, "Wa": 11.0, "CardID": "0000000000000", "Name": "นางเหวียง คุ้มครอง", "ADD": "82 ถ. ซ. ม.11 บ. ต.ตะเคียนราม อ.ขุขันธ์ จ.ศรีสะเกษ" }, "geometry": { "type": "MultiPolygon", "coordinates": [ [ [ [ 104.162305213171379, 14.6325555650263, 0.0 ], [ 104.162448952856749, 14.63324805668972, 0.0 ], [ 104.16254085812615, 14.633960950881283, 0.0 ], [ 104.163102876189328, 14.633852465649943, 0.0 ], [ 104.162987652512385, 14.632929739626434, 0.0 ], [ 104.164704441428611, 14.633051618977472, 0.0 ], [ 104.164647779744158, 14.632778108745008, 0.0 ], [ 104.164570668881311, 14.632399544040457, 0.0 ], [ 104.162892364342937, 14.632233510578349, 0.0 ], [ 104.162885492052055, 14.63219326847309, 0.0 ], [ 104.162278099155145, 14.63218661453408, 0.0 ], [ 104.162305213171379, 14.6325555650263, 0.0 ] ] ] ] } },
{ "type": "Feature", "properties": { "Plang": "8", "Rawang": "529", "Rai": 5.0, "NGan": 1.0, "Wa": 56.0, "CardID": "3330501333187", "Name": "นายพิศ ทิพย์บำรุง", "ADD": "233 ถ. ซ. ม.8 บ.ตาดม ต.ห้วยใต้ อ.ขุขันธ์ จ.ศรีสะเกษ" }, "geometry": { "type": "MultiPolygon", "coordinates": [ [ [ [ 104.162864194216255, 14.631735691836667, 0.0 ], [ 104.162885492052055, 14.63219326847309, 0.0 ], [ 104.162892364342937, 14.632233510578349, 0.0 ], [ 104.164570668881311, 14.632399544040457, 0.0 ], [ 104.164570048015989, 14.632224104197407, 0.0 ], [ 104.164571260361129, 14.632008531897414, 0.0 ], [ 104.162864194216255, 14.631735691836667, 0.0 ] ] ] ] } },
{ "type": "Feature", "properties": { "Plang": "12", "Rawang": "529", "Rai": 8.0, "NGan": 0.0, "Wa": 36.0, "CardID": "3330501331907", "Name": "นายมา อ่อนคำ", "ADD": "160 ถ. ซ. ม.8 บ. ต.ห้วยใต้ อ.ขุขันธ์ จ.ศรีสะเกษ" }, "geometry": { "type": "MultiPolygon", "coordinates": [ [ [ [ 104.160760013246616, 14.632128845360647, 0.0 ], [ 104.162278099155145, 14.63218661453408, 0.0 ], [ 104.162885492052055, 14.63219326847309, 0.0 ], [ 104.162864194216255, 14.631735691836667, 0.0 ], [ 104.162853232614083, 14.631687499153692, 0.0 ], [ 104.16073443385531, 14.631610198345987, 0.0 ], [ 104.160760013246616, 14.632128845360647, 0.0 ] ] ] ] } },
{ "type": "Feature", "properties": { "Plang": "13", "Rawang": "529", "Rai": 4.0, "NGan": 3.0, "Wa": 88.0, "CardID": "0000000000000", "Name": "นางสังวาล บังคม", "ADD": "52/1 ถ. ซ. ม.11 บ. ต.ตะเคียนราม อ.ขุขันธ์ จ.ศรีสะเกษ" }, "geometry": { "type": "MultiPolygon", "coordinates": [ [ [ [ 104.162853232614083, 14.631687499153692, 0.0 ], [ 104.162864194216255, 14.631735691836667, 0.0 ], [ 104.164571260361129, 14.632008531897414, 0.0 ], [ 104.164540685789319, 14.631674168906104, 0.0 ], [ 104.162851841326216, 14.631273725929455, 0.0 ], [ 104.162853232614083, 14.631687499153692, 0.0 ] ] ] ] } },
{ "type": "Feature", "properties": { "Plang": "32", "Rawang": "529", "Rai": 22.0, "NGan": 3.0, "Wa": 18.0, "CardID": "3330500350771", "Name": "นายแสน บังคม", "ADD": "07 ถ. ซ. ม.13 บ.โคกสะอาด ต.ตะเคียนราม อ.ภูสิงห์ จ.ศรีสะเกษ" }, "geometry": { "type": "MultiPolygon", "coordinates": [ [ [ [ 104.16134595690383, 14.631069216846296, 0.0 ], [ 104.162844200272474, 14.631177999239029, 0.0 ], [ 104.162835210220763, 14.630753368202326, 0.0 ], [ 104.162832766196331, 14.630409094987181, 0.0 ], [ 104.162777172307727, 14.62996591453893, 0.0 ], [ 104.162791920242157, 14.629602477149669, 0.0 ], [ 104.162789707259179, 14.629224598188518, 0.0 ], [ 104.162784314168675, 14.628862354042869, 0.0 ], [ 104.16151685361983, 14.628804538109071, 0.0 ], [ 104.161350385057247, 14.630924577788646, 0.0 ], [ 104.16134595690383, 14.631069216846296, 0.0 ] ] ] ] } },
{ "type": "Feature", "properties": { "Plang": "15", "Rawang": "529", "Rai": 14.0, "NGan": 2.0, "Wa": 18.0, "CardID": "0000000000000", "Name": "นายปะ ศรีสิงห์", "ADD": "60 ถ. ซ. ม.6 บ.ปราสาท ต.ห้วยใต้ อ.ขุขันธ์ จ.ศรีสะเกษ" }, "geometry": { "type": "MultiPolygon", "coordinates": [ [ [ [ 104.162844200272474, 14.631177999239029, 0.0 ], [ 104.162851841326216, 14.631273725929455, 0.0 ], [ 104.164540685789319, 14.631674168906104, 0.0 ], [ 104.167136420801739, 14.632185232908515, 0.0 ], [ 104.167010473068572, 14.631898271869302, 0.0 ], [ 104.166957277729111, 14.631751512884543, 0.0 ], [ 104.162835210220763, 14.630753368202326, 0.0 ], [ 104.162844200272474, 14.631177999239029, 0.0 ] ] ] ] } },
{ "type": "Feature", "properties": { "Plang": "16", "Rawang": "529", "Rai": 10.0, "NGan": 3.0, "Wa": 14.0, "CardID": "5330500028867", "Name": "นางสงบ เกษหอม", "ADD": "102 ถ. ซ. ม.7 บ.กันแต ต.ห้วยใต้ อ.ขุขันธ์ จ.ศรีสะเกษ" }, "geometry": { "type": "MultiPolygon", "coordinates": [ [ [ [ 104.162835210220763, 14.630753368202326, 0.0 ], [ 104.166957277729111, 14.631751512884543, 0.0 ], [ 104.166892846306538, 14.631394545775683, 0.0 ], [ 104.162832766196331, 14.630409094987181, 0.0 ], [ 104.162835210220763, 14.630753368202326, 0.0 ] ] ] ] } },
{ "type": "Feature", "properties": { "Plang": "17", "Rawang": "529", "Rai": 12.0, "NGan": 3.0, "Wa": 15.0, "CardID": "0000000000000", "Name": "นายสมุน บังคม", "ADD": "45 ถ. ซ. ม.11 บ. ต.ตะเคียนราม อ.ขุขันธ์ จ.ศรีสะเกษ" }, "geometry": { "type": "MultiPolygon", "coordinates": [ [ [ [ 104.166822671275156, 14.631202520800379, 0.0 ], [ 104.166776305205588, 14.630959020931371, 0.0 ], [ 104.162777172307727, 14.62996591453893, 0.0 ], [ 104.162832766196331, 14.630409094987181, 0.0 ], [ 104.166892846306538, 14.631394545775683, 0.0 ], [ 104.166822671275156, 14.631202520800379, 0.0 ] ] ] ] } },
{ "type": "Feature", "properties": { "Plang": "18", "Rawang": "529", "Rai": 10.0, "NGan": 1.0, "Wa": 24.0, "CardID": "3330500347176", "Name": "นางเหมาะสม บังคม", "ADD": "21 ถ. ซ. ม.13 บ.โคกสะอาด ต.ตะเคียนราม อ.ภูสิงห์ จ.ศรีสะเกษ" }, "geometry": { "type": "MultiPolygon", "coordinates": [ [ [ [ 104.166748070116711, 14.630798331380126, 0.0 ], [ 104.16669372202476, 14.630587281418983, 0.0 ], [ 104.162791920242157, 14.629602477149669, 0.0 ], [ 104.162777172307727, 14.62996591453893, 0.0 ], [ 104.166776305205588, 14.630959020931371, 0.0 ], [ 104.166748070116711, 14.630798331380126, 0.0 ] ] ] ] } },
{ "type": "Feature", "properties": { "Plang": "19", "Rawang": "529", "Rai": 10.0, "NGan": 1.0, "Wa": 22.0, "CardID": "3330500187063", "Name": "นายจินตศักดิ์ บังคับ", "ADD": "39 ถ. ซ. ม.13 บ.โคกสะอาด ต.ตะเคียนราม อ.ภูสิงห์ จ.ศรีสะเกษ" }, "geometry": { "type": "MultiPolygon", "coordinates": [ [ [ [ 104.166662877313854, 14.630417027329791, 0.0 ], [ 104.166616434377772, 14.630205701446437, 0.0 ], [ 104.162789707259179, 14.629224598188518, 0.0 ], [ 104.162791920242157, 14.629602477149669, 0.0 ], [ 104.16669372202476, 14.630587281418983, 0.0 ], [ 104.166662877313854, 14.630417027329791, 0.0 ] ] ] ] } },
{ "type": "Feature", "properties": { "Plang": "20", "Rawang": "529", "Rai": 10.0, "NGan": 0.0, "Wa": 82.0, "CardID": "3330501325257", "Name": "นายสอน แพงมาก", "ADD": "58 ถ. ซ. ม.7 บ.กันแต ต.ห้วยใต้ อ.ขุขันธ์ จ.ศรีสะเกษ" }, "geometry": { "type": "MultiPolygon", "coordinates": [ [ [ [ 104.166589515192499, 14.630043742049251, 0.0 ], [ 104.166536472734208, 14.629740636418397, 0.0 ], [ 104.16650175604201, 14.629560256658422, 0.0 ], [ 104.165003154713901, 14.629562252452388, 0.0 ], [ 104.162784314168675, 14.628862354042869, 0.0 ], [ 104.162789707259179, 14.629224598188518, 0.0 ], [ 104.166616434377772, 14.630205701446437, 0.0 ], [ 104.166589515192499, 14.630043742049251, 0.0 ] ] ] ] } },
{ "type": "Feature", "properties": { "Plang": "21", "Rawang": "529", "Rai": 9.0, "NGan": 1.0, "Wa": 87.0, "CardID": "3330501325591", "Name": "นางศรี บุญขาว", "ADD": "10 ถ. ซ. ม.7 บ.กันแต ต.ห้วยใต้ อ.ขุขันธ์ จ.ศรีสะเกษ" }, "geometry": { "type": "MultiPolygon", "coordinates": [ [ [ [ 104.162715055676784, 14.628242714177384, 0.0 ], [ 104.162775735377693, 14.628814881383779, 0.0 ], [ 104.163592624799676, 14.629038974342111, 0.0 ], [ 104.165095491546609, 14.62952148842473, 0.0 ], [ 104.164934292924443, 14.628820632876462, 0.0 ], [ 104.163641467504917, 14.628859268070432, 0.0 ], [ 104.163633155990809, 14.62851764491483, 0.0 ], [ 104.163640417544428, 14.628181707950111, 0.0 ], [ 104.162715055676784, 14.628242714177384, 0.0 ] ] ] ] } },
{ "type": "Feature", "properties": { "Plang": "22", "Rawang": "529", "Rai": 8.0, "NGan": 0.0, "Wa": 70.0, "CardID": "3330500184650", "Name": "นายอินทร์ ศรีลาชัย", "ADD": "161 ถ. ซ. ม.4 บ.สมบูรณ์ ต.ห้วยใต้ อ.ขุขันธ์ จ.ศรีสะเกษ" }, "geometry": { "type": "MultiPolygon", "coordinates": [ [ [ [ 104.166517920143818, 14.629220857549862, 0.0 ], [ 104.16642639378955, 14.62881239083994, 0.0 ], [ 104.166407910720523, 14.628734744425877, 0.0 ], [ 104.164934292924443, 14.628820632876462, 0.0 ], [ 104.165095491546609, 14.62952148842473, 0.0 ], [ 104.166549500587806, 14.629506117382256, 0.0 ], [ 104.166517920143818, 14.629220857549862, 0.0 ] ] ] ] } },
{ "type": "Feature", "properties": { "Plang": "23", "Rawang": "529", "Rai": 7.0, "NGan": 2.0, "Wa": 11.0, "CardID": "3330500194841", "Name": "นายสุพล อ่นนคำ", "ADD": "42 ถ. ซ. ม.8 บ. ต.ห้วยใต้ อ.ขุขันธ์ จ.ศรีสะเกษ" }, "geometry": { "type": "MultiPolygon", "coordinates": [ [ [ [ 104.166407910720523, 14.628734744425877, 0.0 ], [ 104.166350453495198, 14.62836332232242, 0.0 ], [ 104.163633155990809, 14.62851764491483, 0.0 ], [ 104.163641467504917, 14.628859268070432, 0.0 ], [ 104.164934292924443, 14.628820632876462, 0.0 ], [ 104.166407910720523, 14.628734744425877, 0.0 ] ] ] ] } },
{ "type": "Feature", "properties": { "Plang": "24", "Rawang": "529", "Rai": 7.0, "NGan": 0.0, "Wa": 33.0, "CardID": "0000000000000", "Name": "นางเอี่ยม บุญจูง", "ADD": "41 ถ. ซ. ม.11 บ. ต.ตะเคียนราม อ.ขุขันธ์ จ.ศรีสะเกษ" }, "geometry": { "type": "MultiPolygon", "coordinates": [ [ [ [ 104.166337184636845, 14.628318363363233, 0.0 ], [ 104.166293777207585, 14.62797751471979, 0.0 ], [ 104.166225496378374, 14.627983492443873, 0.0 ], [ 104.166223226564341, 14.628019776880556, 0.0 ], [ 104.163640417544428, 14.628181707950111, 0.0 ], [ 104.163633155990809, 14.62851764491483, 0.0 ], [ 104.166350453495198, 14.62836332232242, 0.0 ], [ 104.166337184636845, 14.628318363363233, 0.0 ] ] ] ] } },
{ "type": "Feature", "properties": { "Plang": "25", "Rawang": "529", "Rai": 6.0, "NGan": 3.0, "Wa": 52.0, "CardID": "0000000000000", "Name": "นายกลั่น เพชรล้วน", "ADD": "126/1 ถ. ซ. ม.6 บ. ต.ห้วยใต้ อ.ขุขันธ์ จ.ศรีสะเกษ" }, "geometry": { "type": "MultiPolygon", "coordinates": [ [ [ [ 104.166156784304434, 14.627649877133981, 0.0 ], [ 104.163667595978069, 14.627808744483696, 0.0 ], [ 104.163640417544428, 14.628181707950111, 0.0 ], [ 104.166223226564341, 14.628019776880556, 0.0 ], [ 104.166225496378374, 14.627983492443873, 0.0 ], [ 104.166156784304434, 14.627649877133981, 0.0 ] ] ] ] } },
{ "type": "Feature", "properties": { "Plang": "26", "Rawang": "529", "Rai": 6.0, "NGan": 2.0, "Wa": 35.0, "CardID": "3330500209407", "Name": "นางเย็นจิต แพงวิเศษ", "ADD": "36 ถ. ซ. ม.4 บ.ยางตากวย ต.นิคมพัฒนา อ.ขุขันธ์ จ.ศรีสะเกษ" }, "geometry": { "type": "MultiPolygon", "coordinates": [ [ [ [ 104.166143104636788, 14.627565625038605, 0.0 ], [ 104.16609641822329, 14.627268586861881, 0.0 ], [ 104.163666681209435, 14.62745277143109, 0.0 ], [ 104.163667595978069, 14.627808744483696, 0.0 ], [ 104.166156784304434, 14.627649877133981, 0.0 ], [ 104.166143104636788, 14.627565625038605, 0.0 ] ] ] ] } },
{ "type": "Feature", "properties": { "Plang": "27", "Rawang": "529", "Rai": 14.0, "NGan": 2.0, "Wa": 86.0, "CardID": "3330501327811", "Name": "นายยุน จันกระวัน", "ADD": "12 ถ. ซ. ม.8 บ. ต.ห้วยใต้ อ.ขุขันธ์ จ.ศรีสะเกษ" }, "geometry": { "type": "MultiPolygon", "coordinates": [ [ [ [ 104.166089069999316, 14.62721938219711, 0.0 ], [ 104.16600168263659, 14.626873637319479, 0.0 ], [ 104.165987145127374, 14.626840538892859, 0.0 ], [ 104.165145547482538, 14.626926589244077, 0.0 ], [ 104.164651078161484, 14.627015011942827, 0.0 ], [ 104.164275975139333, 14.627067351825739, 0.0 ], [ 104.162733894068069, 14.627093235526768, 0.0 ], [ 104.162700794351323, 14.627682178255288, 0.0 ], [ 104.162773018394518, 14.627654953036147, 0.0 ], [ 104.162715055676784, 14.628242714177384, 0.0 ], [ 104.163640417544428, 14.628181707950111, 0.0 ], [ 104.163667595978069, 14.627808744483696, 0.0 ], [ 104.163666681209435, 14.62745277143109, 0.0 ], [ 104.16609641822329, 14.627268586861881, 0.0 ], [ 104.166089069999316, 14.62721938219711, 0.0 ] ] ] ] } },
{ "type": "Feature", "properties": { "Plang": "28", "Rawang": "529", "Rai": 8.0, "NGan": 2.0, "Wa": 40.0, "CardID": "3330500187608", "Name": "นางสุณี คุ้มครอง", "ADD": "43 ถ. ซ. ม.5 บ.สระรุน ต.ห้วยใต้ อ.ขุขันธ์ จ.ศรีสะเกษ" }, "geometry": { "type": "MultiPolygon", "coordinates": [ [ [ [ 104.160716887525453, 14.631068982431779, 0.0 ], [ 104.16073443385531, 14.631610198345987, 0.0 ], [ 104.162853232614083, 14.631687499153692, 0.0 ], [ 104.162851841326216, 14.631273725929455, 0.0 ], [ 104.162844200272474, 14.631177999239029, 0.0 ], [ 104.16134595690383, 14.631069216846296, 0.0 ], [ 104.160716887525453, 14.631068982431779, 0.0 ] ] ] ] } },
{ "type": "Feature", "properties": { "Plang": "29", "Rawang": "529", "Rai": 11.0, "NGan": 2.0, "Wa": 72.0, "CardID": "3330501328906", "Name": "นายสวี บุญขาว", "ADD": "35 ถ. ซ. ม.8 บ.ตาดม ต.ห้วยใต้ อ.ขุขันธ์ จ.ศรีสะเกษ" }, "geometry": { "type": "MultiPolygon", "coordinates": [ [ [ [ 104.161106499553611, 14.629533946482802, 0.0 ], [ 104.161029649257358, 14.630300180152128, 0.0 ], [ 104.160965813201827, 14.630766357740344, 0.0 ], [ 104.161350385057247, 14.630924577788646, 0.0 ], [ 104.16151685361983, 14.628804538109071, 0.0 ], [ 104.161661762380945, 14.627332446393796, 0.0 ], [ 104.161655529825424, 14.627111106582809, 0.0 ], [ 104.161151029495841, 14.627137445311927, 0.0 ], [ 104.161092146026704, 14.62801630209238, 0.0 ], [ 104.161132382943094, 14.628711709470332, 0.0 ], [ 104.161106499553611, 14.629533946482802, 0.0 ] ] ] ] } },
{ "type": "Feature", "properties": { "Plang": "1", "Rawang": "521", "Rai": 14.0, "NGan": 1.0, "Wa": 45.0, "CardID": "3330500351459", "Name": "นายสุจิต ตะเคียนเกลี้ยง", "ADD": "92 ถ. ซ. ม.8 บ. ต.ตะเคียนราม อ.ภูสิงห์ จ.ศรีสะเกษ" }, "geometry": { "type": "MultiPolygon", "coordinates": [ [ [ [ 104.164501536366473, 14.625759832142409, 0.0 ], [ 104.164275975139333, 14.627067351825739, 0.0 ], [ 104.164651078161484, 14.627015011942827, 0.0 ], [ 104.165145547482538, 14.626926589244077, 0.0 ], [ 104.165987145127374, 14.626840538892859, 0.0 ], [ 104.165752373067875, 14.625522330753212, 0.0 ], [ 104.164604723546404, 14.625733522808476, 0.0 ], [ 104.164501536366473, 14.625759832142409, 0.0 ] ] ] ] } },
{ "type": "Feature", "properties": { "Plang": "2", "Rawang": "521", "Rai": 26.0, "NGan": 2.0, "Wa": 25.0, "CardID": "3330500350541", "Name": "นายแก้ว ตะเคียนราม", "ADD": "75 ถ. ซ. ม.8 บ. ต.ตะเคียนราม อ.ภูสิงห์ จ.ศรีสะเกษ" }, "geometry": { "type": "MultiPolygon", "coordinates": [ [ [ [ 104.161554967184969, 14.626449141342732, 0.0 ], [ 104.161655529825424, 14.627111106582809, 0.0 ], [ 104.161910375248524, 14.627107814804059, 0.0 ], [ 104.162733894068069, 14.627093235526768, 0.0 ], [ 104.164275975139333, 14.627067351825739, 0.0 ], [ 104.164501536366473, 14.625759832142409, 0.0 ], [ 104.164071078947345, 14.625732674193921, 0.0 ], [ 104.163477595897163, 14.625768185781434, 0.0 ], [ 104.162674202978593, 14.625858231349564, 0.0 ], [ 104.162502050039578, 14.625880788791825, 0.0 ], [ 104.161761947238475, 14.625862273986474, 0.0 ], [ 104.161480617600731, 14.625877768766467, 0.0 ], [ 104.161554967184969, 14.626449141342732, 0.0 ] ] ] ] } },
{ "type": "Feature", "properties": { "Plang": "18", "Rawang": "768", "Rai": 8.0, "NGan": 0.0, "Wa": 9.0, "CardID": "0000000000000", "Name": "นายสฤทธิ์ เพ็ชรล้วน", "ADD": "24 ถ. ซ. ม.6 บ. ต.ห้วยใต้ อ.ขุขันธ์ จ.ศรีสะเกษ" }, "geometry": { "type": "MultiPolygon", "coordinates": [ [ [ [ 104.195742431745941, 14.589081755727387, 0.0 ], [ 104.19331208521271, 14.589012865676965, 0.0 ], [ 104.193296976768949, 14.589403352888596, 0.0 ], [ 104.19578921563425, 14.58956989927233, 0.0 ], [ 104.195742431745941, 14.589081755727387, 0.0 ] ] ] ] } },
{ "type": "Feature", "properties": { "Plang": "8", "Rawang": "768", "Rai": 11.0, "NGan": 1.0, "Wa": 78.0, "CardID": "0000000000000", "Name": "นางสระกา พลคำ", "ADD": "50 ถ. ซ. ม.1 บ. ต.ตะเคียนราม อ.ขุขันธ์ จ.ศรีสะเกษ" }, "geometry": { "type": "MultiPolygon", "coordinates": [ [ [ [ 104.195905501184356, 14.590231692254978, 0.0 ], [ 104.196167379282173, 14.590255778568425, 0.0 ], [ 104.195938924398476, 14.589550381154076, 0.0 ], [ 104.19578921563425, 14.58956989927233, 0.0 ], [ 104.193296976768949, 14.589403352888596, 0.0 ], [ 104.193341195486909, 14.589834717266873, 0.0 ], [ 104.195905501184356, 14.590231692254978, 0.0 ] ] ] ] } },
{ "type": "Feature", "properties": { "Plang": "7", "Rawang": "768", "Rai": 12.0, "NGan": 1.0, "Wa": 83.0, "CardID": "1330500012631", "Name": "นางสาวกาญจนา ศรีลาชัย", "ADD": "50/1 ถ. ซ. ม.6 บ.ปราสาท ต.ห้วยใต้ อ.ขุขันธ์ จ.ศรีสะเกษ" }, "geometry": { "type": "MultiPolygon", "coordinates": [ [ [ [ 104.195905501184356, 14.590231692254978, 0.0 ], [ 104.193341195486909, 14.589834717266873, 0.0 ], [ 104.193469830517898, 14.591107484155156, 0.0 ], [ 104.194051420417296, 14.590883721801349, 0.0 ], [ 104.194045347489208, 14.590536731011746, 0.0 ], [ 104.19588411884159, 14.59070559602665, 0.0 ], [ 104.195905501184356, 14.590231692254978, 0.0 ] ] ] ] } },
{ "type": "Feature", "properties": { "Plang": "6", "Rawang": "768", "Rai": 6.0, "NGan": 2.0, "Wa": 64.0, "CardID": "3330500223914", "Name": "นายเทียน ปรือปรัก", "ADD": "13 ถ. ซ. ม.1 บ. ต.ตะเคียนราม อ.ภูสิงห์ จ.ศรีสะเกษ" }, "geometry": { "type": "MultiPolygon", "coordinates": [ [ [ [ 104.195871014755184, 14.591122706081942, 0.0 ], [ 104.19588411884159, 14.59070559602665, 0.0 ], [ 104.194045347489208, 14.590536731011746, 0.0 ], [ 104.194051420417296, 14.590883721801349, 0.0 ], [ 104.194015741123451, 14.591098545751869, 0.0 ], [ 104.195871014755184, 14.591122706081942, 0.0 ] ] ] ] } },
{ "type": "Feature", "properties": { "Plang": "5", "Rawang": "768", "Rai": 4.0, "NGan": 3.0, "Wa": 94.0, "CardID": "3330500223884", "Name": "นางเทย ปรือปรัก", "ADD": "103 ถ. ซ. ม.1 บ. ต.ตะเคียนราม อ.ภูสิงห์ จ.ศรีสะเกษ" }, "geometry": { "type": "MultiPolygon", "coordinates": [ [ [ [ 104.195886785737727, 14.591431963840289, 0.0 ], [ 104.195871014755184, 14.591122706081942, 0.0 ], [ 104.194015741123451, 14.591098545751869, 0.0 ], [ 104.193994478307047, 14.591448697148168, 0.0 ], [ 104.195886785737727, 14.591431963840289, 0.0 ] ] ] ] } },
{ "type": "Feature", "properties": { "Plang": "4", "Rawang": "768", "Rai": 5.0, "NGan": 0.0, "Wa": 74.0, "CardID": "0000000000000", "Name": "นายเพรียว ปรือปรัก", "ADD": "13 ถ. ซ. ม.1 บ. ต.ตะเคียนราม อ.ขุขันธ์ จ.ศรีสะเกษ" }, "geometry": { "type": "MultiPolygon", "coordinates": [ [ [ [ 104.19591165103472, 14.591814909657531, 0.0 ], [ 104.195886785737727, 14.591431963840289, 0.0 ], [ 104.193994478307047, 14.591448697148168, 0.0 ], [ 104.194064504808537, 14.591833634315464, 0.0 ], [ 104.19591165103472, 14.591814909657531, 0.0 ] ] ] ] } },
{ "type": "Feature", "properties": { "Plang": "3", "Rawang": "768", "Rai": 6.0, "NGan": 3.0, "Wa": 49.0, "CardID": "3330500225321", "Name": "นางสวิต บุญขาว", "ADD": "126 ถ. ซ. ม.1 บ.ตะเคียนรามตะวัน ต.ตะเคียนราม อ.ภูสิงห์ จ.ศรีสะเกษ" }, "geometry": { "type": "MultiPolygon", "coordinates": [ [ [ [ 104.194064504808537, 14.591833634315464, 0.0 ], [ 104.194127322563276, 14.592713578069192, 0.0 ], [ 104.194608770118791, 14.59269342803942, 0.0 ], [ 104.194641155235075, 14.592778322205492, 0.0 ], [ 104.195879709553068, 14.592687542650067, 0.0 ], [ 104.195959547352373, 14.592669346369121, 0.0 ], [ 104.195937110271117, 14.592571376713076, 0.0 ], [ 104.196081623869162, 14.592525697541186, 0.0 ], [ 104.19591165103472, 14.591814909657531, 0.0 ], [ 104.194064504808537, 14.591833634315464, 0.0 ] ] ] ] } },
{ "type": "Feature", "properties": { "Plang": "2", "Rawang": "768", "Rai": 7.0, "NGan": 2.0, "Wa": 41.0, "CardID": "3330500225283", "Name": "นางฤทธิ์ สุพรรณ์", "ADD": "31 ถ. ซ. ม.1 บ. ต.ตะเคียนราม อ.ภูสิงห์ จ.ศรีสะเกษ" }, "geometry": { "type": "MultiPolygon", "coordinates": [ [ [ [ 104.193469830517898, 14.591107484155156, 0.0 ], [ 104.193444301343405, 14.592642610809738, 0.0 ], [ 104.194127322563276, 14.592713578069192, 0.0 ], [ 104.194064504808537, 14.591833634315464, 0.0 ], [ 104.193994478307047, 14.591448697148168, 0.0 ], [ 104.194015741123451, 14.591098545751869, 0.0 ], [ 104.194051420417296, 14.590883721801349, 0.0 ], [ 104.193469830517898, 14.591107484155156, 0.0 ] ] ] ] } },
{ "type": "Feature", "properties": { "Plang": "1", "Rawang": "768", "Rai": 10.0, "NGan": 1.0, "Wa": 4.0, "CardID": "3330500225488", "Name": "นางบุ ตะเคียนราม", "ADD": "34 ถ. ซ. ม.1 บ. ต.ตะเคียนราม อ.ภูสิงห์ จ.ศรีสะเกษ" }, "geometry": { "type": "MultiPolygon", "coordinates": [ [ [ [ 104.192434923663896, 14.591470552998985, 0.0 ], [ 104.19253070179316, 14.592739066856524, 0.0 ], [ 104.193444301343405, 14.592642610809738, 0.0 ], [ 104.193469830517898, 14.591107484155156, 0.0 ], [ 104.192693275215944, 14.591409463139325, 0.0 ], [ 104.192434923663896, 14.591470552998985, 0.0 ] ] ] ] } },
{ "type": "Feature", "properties": { "Plang": "18", "Rawang": "767", "Rai": 4.0, "NGan": 1.0, "Wa": 79.0, "CardID": "3330500225526", "Name": "นายปริน บุตะเคียน", "ADD": "37 ถ. ซ. ม.1 บ.ตะเคียนตะวันออก ต.ตะเคียนราม อ.ภูสิงห์ จ.ศรีสะเกษ" }, "geometry": { "type": "MultiPolygon", "coordinates": [ [ [ [ 104.194641155235075, 14.592778322205492, 0.0 ], [ 104.19464362367512, 14.593180274479385, 0.0 ], [ 104.195950155078634, 14.593238479080037, 0.0 ], [ 104.195879709553068, 14.592687542650067, 0.0 ], [ 104.194641155235075, 14.592778322205492, 0.0 ] ] ] ] } },
{ "type": "Feature", "properties": { "Plang": "19", "Rawang": "767", "Rai": 14.0, "NGan": 3.0, "Wa": 71.0, "CardID": "3330500225496", "Name": "นายลิ ตะเคียนราม", "ADD": "34 ถ. ซ. ม.1 บ. ต.ตะเคียนราม อ.ภูสิงห์ จ.ศรีสะเกษ" }, "geometry": { "type": "MultiPolygon", "coordinates": [ [ [ [ 104.193444301343405, 14.592642610809738, 0.0 ], [ 104.19253070179316, 14.592739066856524, 0.0 ], [ 104.191751394158416, 14.592986153188251, 0.0 ], [ 104.191916321182418, 14.593369712691997, 0.0 ], [ 104.192014257778666, 14.593661955410242, 0.0 ], [ 104.194643328986658, 14.593261454605779, 0.0 ], [ 104.19464362367512, 14.593180274479385, 0.0 ], [ 104.194641155235075, 14.592778322205492, 0.0 ], [ 104.194608770118791, 14.59269342803942, 0.0 ], [ 104.194127322563276, 14.592713578069192, 0.0 ], [ 104.193444301343405, 14.592642610809738, 0.0 ] ] ] ] } },
{ "type": "Feature", "properties": { "Plang": "17", "Rawang": "767", "Rai": 10.0, "NGan": 0.0, "Wa": 59.0, "CardID": "3330500224384", "Name": "นายดาว ตะเคียนราม", "ADD": "19 ถ. ซ. ม.1 บ.ตะเคียนรามตะวัน ต.ตะเคียนราม อ.ภูสิงห์ จ.ศรีสะเกษ" }, "geometry": { "type": "MultiPolygon", "coordinates": [ [ [ [ 104.194643328986658, 14.593261454605779, 0.0 ], [ 104.194696678480469, 14.594264549563986, 0.0 ], [ 104.194872955718239, 14.594254841276866, 0.0 ], [ 104.195988539860039, 14.594211995976483, 0.0 ], [ 104.195950155078634, 14.593238479080037, 0.0 ], [ 104.19464362367512, 14.593180274479385, 0.0 ], [ 104.194643328986658, 14.593261454605779, 0.0 ] ] ] ] } },
{ "type": "Feature", "properties": { "Plang": "31", "Rawang": "767", "Rai": 6.0, "NGan": 2.0, "Wa": 51.0, "CardID": "3330500226701", "Name": "นางสาวเสวียน ลานตวน", "ADD": "53 ถ. ซ. ม.1 บ.ตะเคียนรามตะวัน ต.ตะเคียนราม อ.ภูสิงห์ จ.ศรีสะเกษ" }, "geometry": { "type": "MultiPolygon", "coordinates": [ [ [ [ 104.196886456847423, 14.594692188051512, 0.0 ], [ 104.196852986161929, 14.594354922278871, 0.0 ], [ 104.196616464789386, 14.594372585564829, 0.0 ], [ 104.195992563293061, 14.594288037599625, 0.0 ], [ 104.195988539860039, 14.594211995976483, 0.0 ], [ 104.194872955718239, 14.594254841276866, 0.0 ], [ 104.19488602606431, 14.594746036372209, 0.0 ], [ 104.195559133738229, 14.594732187695051, 0.0 ], [ 104.196892336829961, 14.594767912025816, 0.0 ], [ 104.196886456847423, 14.594692188051512, 0.0 ] ] ] ] } },
{ "type": "Feature", "properties": { "Plang": "10", "Rawang": "767", "Rai": 3.0, "NGan": 3.0, "Wa": 94.0, "CardID": "3330500226719", "Name": "นางสาวพันธ์ ลานตวน", "ADD": "120 ถ. ซ. ม.1 บ.ตะเคียนรามตะวัน ต.ตะเคียนราม อ.ภูสิงห์ จ.ศรีสะเกษ" }, "geometry": { "type": "MultiPolygon", "coordinates": [ [ [ [ 104.196910114876971, 14.594995872088589, 0.0 ], [ 104.196892336829961, 14.594767912025816, 0.0 ], [ 104.195559133738229, 14.594732187695051, 0.0 ], [ 104.195612384886445, 14.595202941317599, 0.0 ], [ 104.196923668415366, 14.595112919930143, 0.0 ], [ 104.196910114876971, 14.594995872088589, 0.0 ] ] ] ] } },
{ "type": "Feature", "properties": { "Plang": "6", "Rawang": "767", "Rai": 12.0, "NGan": 0.0, "Wa": 28.0, "CardID": "3330500225933", "Name": "นายสิม บุตะเคียน", "ADD": "42 ถ. ซ. ม.1 บ.ตะเคียนรามตะวัน ต.ตะเคียนราม อ.ภูสิงห์ จ.ศรีสะเกษ" }, "geometry": { "type": "MultiPolygon", "coordinates": [ [ [ [ 104.19488602606431, 14.594746036372209, 0.0 ], [ 104.195010173675712, 14.595601142557921, 0.0 ], [ 104.195080390411448, 14.596038758881845, 0.0 ], [ 104.195176064227795, 14.596613140029001, 0.0 ], [ 104.195307559254772, 14.597314786662427, 0.0 ], [ 104.19532835624554, 14.597309140553358, 0.0 ], [ 104.195707312274791, 14.597256601589207, 0.0 ], [ 104.19589388987292, 14.597207131483378, 0.0 ], [ 104.195612384886445, 14.595202941317599, 0.0 ], [ 104.195559133738229, 14.594732187695051, 0.0 ], [ 104.19488602606431, 14.594746036372209, 0.0 ] ] ] ] } },
{ "type": "Feature", "properties": { "Plang": "7", "Rawang": "767", "Rai": 4.0, "NGan": 1.0, "Wa": 95.0, "CardID": "3330500087948", "Name": "นายแสวง ปรือปรัก", "ADD": "1 ถ. ซ. ม.11 บ. ต.ปรือใหญ่ อ.ขุขันธ์ จ.ศรีสะเกษ" }, "geometry": { "type": "MultiPolygon", "coordinates": [ [ [ [ 104.196088695936297, 14.59836210584124, 0.0 ], [ 104.195707312274791, 14.597256601589207, 0.0 ], [ 104.19532835624554, 14.597309140553358, 0.0 ], [ 104.195307559254772, 14.597314786662427, 0.0 ], [ 104.195386586098934, 14.598372241753374, 0.0 ], [ 104.196088695936297, 14.59836210584124, 0.0 ] ] ] ] } },
{ "type": "Feature", "properties": { "Plang": "1", "Rawang": "767", "Rai": 5.0, "NGan": 1.0, "Wa": 69.0, "CardID": "3330500225704", "Name": "นายวิสุทธิ์ บุตะเคียน", "ADD": "64 ถ. ซ. ม.1 บ.ตะเคียนตะรามตะว ต.ตะเคียนราม อ.ภูสิงห์ จ.ศรีสะเกษ" }, "geometry": { "type": "MultiPolygon", "coordinates": [ [ [ [ 104.192866983304114, 14.597489404060067, 0.0 ], [ 104.192974977303109, 14.598053549856434, 0.0 ], [ 104.193815636810569, 14.598083776122399, 0.0 ], [ 104.194427218178674, 14.598026107630252, 0.0 ], [ 104.194379736239625, 14.597500069151822, 0.0 ], [ 104.194154366317647, 14.597529084345714, 0.0 ], [ 104.192866983304114, 14.597489404060067, 0.0 ] ] ] ] } },
{ "type": "Feature", "properties": { "Plang": "4", "Rawang": "767", "Rai": 4.0, "NGan": 0.0, "Wa": 48.0, "CardID": "3330500225020", "Name": "นายสอน ปรือปรัง", "ADD": "28 ถ. ซ. ม.1 บ. ต.ตะเคียนราม อ.ภูสิงห์ จ.ศรีสะเกษ" }, "geometry": { "type": "MultiPolygon", "coordinates": [ [ [ [ 104.19373048884421, 14.595826900323193, 0.0 ], [ 104.193747274228471, 14.595917106982965, 0.0 ], [ 104.193840041167689, 14.596234157325064, 0.0 ], [ 104.195080390411448, 14.596038758881845, 0.0 ], [ 104.195010173675712, 14.595601142557921, 0.0 ], [ 104.19373048884421, 14.595826900323193, 0.0 ] ] ] ] } },
{ "type": "Feature", "properties": { "Plang": "3", "Rawang": "767", "Rai": 5.0, "NGan": 2.0, "Wa": 12.0, "CardID": "3330500225071", "Name": "นางอุ่น ตะเคียนเกลี้ยง", "ADD": "79 ถ. ซ. ม.1 บ.ตะเคียนรามตะวัน ต.ตะเคียนราม อ.ภูสิงห์ จ.ศรีสะเกษ" }, "geometry": { "type": "MultiPolygon", "coordinates": [ [ [ [ 104.193840041167689, 14.596234157325064, 0.0 ], [ 104.193942878870516, 14.596719676076523, 0.0 ], [ 104.193977391413256, 14.596840165109239, 0.0 ], [ 104.195176064227795, 14.596613140029001, 0.0 ], [ 104.195080390411448, 14.596038758881845, 0.0 ], [ 104.193840041167689, 14.596234157325064, 0.0 ] ] ] ] } },
{ "type": "Feature", "properties": { "Plang": "2", "Rawang": "767", "Rai": 6.0, "NGan": 2.0, "Wa": 20.0, "CardID": "3330500225089", "Name": "นางสาวศิริ รัตนพันธ์", "ADD": "117 ถ. ซ. ม.1 บ. ต.ตะเคียนราม อ.ขุขันธ์ จ.ศรีสะเกษ" }, "geometry": { "type": "MultiPolygon", "coordinates": [ [ [ [ 104.194379736239625, 14.597500069151822, 0.0 ], [ 104.195307559254772, 14.597314786662427, 0.0 ], [ 104.195176064227795, 14.596613140029001, 0.0 ], [ 104.193977391413256, 14.596840165109239, 0.0 ], [ 104.194154366317647, 14.597529084345714, 0.0 ], [ 104.194379736239625, 14.597500069151822, 0.0 ] ] ] ] } },
{ "type": "Feature", "properties": { "Plang": "32", "Rawang": "767", "Rai": 4.0, "NGan": 0.0, "Wa": 0.0, "CardID": "3330500226735", "Name": "นางสาวสลี ลานตวน", "ADD": "53 ถ. ซ. ม.1 บ.ตะเคียนรามตะวัน ต.ตะเคียนราม อ.ภูสิงห์ จ.ศรีสะเกษ" }, "geometry": { "type": "MultiPolygon", "coordinates": [ [ [ [ 104.194872955718239, 14.594254841276866, 0.0 ], [ 104.194696678480469, 14.594264549563986, 0.0 ], [ 104.194691060361166, 14.594303708567239, 0.0 ], [ 104.193466979617, 14.594593862034404, 0.0 ], [ 104.193474653364419, 14.594871900169009, 0.0 ], [ 104.19488602606431, 14.594746036372209, 0.0 ], [ 104.194872955718239, 14.594254841276866, 0.0 ] ] ] ] } },
{ "type": "Feature", "properties": { "Plang": "5", "Rawang": "767", "Rai": 9.0, "NGan": 1.0, "Wa": 11.0, "CardID": "0000000000000", "Name": "นางเยือน ตะเคียนราม", "ADD": "79 ถ. ซ. ม.1 บ. ต.ตะเคียนราม อ.ขุขันธ์ จ.ศรีสะเกษ" }, "geometry": { "type": "MultiPolygon", "coordinates": [ [ [ [ 104.193518077999869, 14.595026576549888, 0.0 ], [ 104.19373048884421, 14.595826900323193, 0.0 ], [ 104.195010173675712, 14.595601142557921, 0.0 ], [ 104.19488602606431, 14.594746036372209, 0.0 ], [ 104.193474653364419, 14.594871900169009, 0.0 ], [ 104.193518077999869, 14.595026576549888, 0.0 ] ] ] ] } },
{ "type": "Feature", "properties": { "Plang": "1", "Rawang": "758", "Rai": 2.0, "NGan": 3.0, "Wa": 17.0, "CardID": "3330500083306", "Name": "นางมลิ ปรือปรัง", "ADD": "10 ถ. ซ. ม.4 บ. ต.ปรือใหญ่ อ.ขุขันธ์ จ.ศรีสะเกษ" }, "geometry": { "type": "MultiPolygon", "coordinates": [ [ [ [ 104.192445398808715, 14.610884222746401, 0.0 ], [ 104.192407704124022, 14.609935082812489, 0.0 ], [ 104.191669522189599, 14.610078040397186, 0.0 ], [ 104.192077402799256, 14.610583939141588, 0.0 ], [ 104.192186399457086, 14.6106728802188, 0.0 ], [ 104.192445398808715, 14.610884222746401, 0.0 ] ] ] ] } },
{ "type": "Feature", "properties": { "Plang": "17", "Rawang": "758", "Rai": 17.0, "NGan": 3.0, "Wa": 15.0, "CardID": "3330500087417", "Name": "นางจำรัส ปรือปรัง", "ADD": "16 ถ. ซ. ม.12 บ. ต.ปรือใหญ่ อ.ขุขันธ์ จ.ศรีสะเกษ" }, "geometry": { "type": "MultiPolygon", "coordinates": [ [ [ [ 104.193076053424818, 14.608087132166478, 0.0 ], [ 104.192563874616567, 14.608217915558022, 0.0 ], [ 104.192121772886026, 14.608324276956711, 0.0 ], [ 104.191677522733116, 14.608436788717706, 0.0 ], [ 104.191297752023942, 14.608527561403511, 0.0 ], [ 104.190925681434237, 14.608623303034387, 0.0 ], [ 104.19077949069009, 14.608657241518376, 0.0 ], [ 104.190747088021041, 14.608676120973035, 0.0 ], [ 104.191518926307907, 14.609756185516252, 0.0 ], [ 104.193228342926815, 14.609109903064628, 0.0 ], [ 104.193076053424818, 14.608087132166478, 0.0 ] ] ] ] } },
{ "type": "Feature", "properties": { "Plang": "1", "Rawang": "776", "Rai": 42.0, "NGan": 1.0, "Wa": 1.0, "CardID": "3330500223787", "Name": "นายเรียม บุตะเคียน", "ADD": "26 ถ. ซ. ม.1 บ. ต.ตะเคียนราม อ.ภูสิงห์ จ.ศรีสะเกษ" }, "geometry": { "type": "MultiPolygon", "coordinates": [ [ [ [ 104.194200919833364, 14.601591464041418, 0.0 ], [ 104.194148112560825, 14.601028631296627, 0.0 ], [ 104.193865310704254, 14.599723738715468, 0.0 ], [ 104.193347103821765, 14.599672873350968, 0.0 ], [ 104.192963864266474, 14.599665365812792, 0.0 ], [ 104.192236058908676, 14.599651112631381, 0.0 ], [ 104.191836931486009, 14.599643155964799, 0.0 ], [ 104.191479449414402, 14.599456291629544, 0.0 ], [ 104.191857318532612, 14.602212663224391, 0.0 ], [ 104.193315489175077, 14.602173885366433, 0.0 ], [ 104.193270186056992, 14.601841999145265, 0.0 ], [ 104.193573939586258, 14.601763459155514, 0.0 ], [ 104.193945406283689, 14.601650786398435, 0.0 ], [ 104.194200919833364, 14.601591464041418, 0.0 ] ] ] ] } },
{ "type": "Feature", "properties": { "Plang": "6", "Rawang": "776", "Rai": 10.0, "NGan": 3.0, "Wa": 74.0, "CardID": "3330500081320", "Name": "นายนงค์ ภาธง", "ADD": "65 ถ. ซ. ม.7 บ.ปรือคันตะวันตก ต.ปรือใหญ่ อ.ขุขันธ์ จ.ศรีสะเกษ" }, "geometry": { "type": "MultiPolygon", "coordinates": [ [ [ [ 104.195034693111637, 14.600932002303125, 0.0 ], [ 104.194896922781851, 14.599427762823259, 0.0 ], [ 104.193886746923241, 14.599548907119212, 0.0 ], [ 104.193865310704254, 14.599723738715468, 0.0 ], [ 104.194148112560825, 14.601028631296627, 0.0 ], [ 104.195034693111637, 14.600932002303125, 0.0 ] ] ] ] } },
{ "type": "Feature", "properties": { "Plang": "13", "Rawang": "776", "Rai": 4.0, "NGan": 1.0, "Wa": 79.0, "CardID": "3330500073254", "Name": "นางสุพิศ ทองแพรว", "ADD": "148 ถ. ซ. ม.12 บ.แสนสุข ต.ปรือใหญ่ อ.ขุขันธ์ จ.ศรีสะเกษ" }, "geometry": { "type": "MultiPolygon", "coordinates": [ [ [ [ 104.194896922781851, 14.599427762823259, 0.0 ], [ 104.194922367248324, 14.598872864992405, 0.0 ], [ 104.193868424686272, 14.598945547177491, 0.0 ], [ 104.193886746923241, 14.599548907119212, 0.0 ], [ 104.194896922781851, 14.599427762823259, 0.0 ] ] ] ] } },
{ "type": "Feature", "properties": { "Plang": "12", "Rawang": "776", "Rai": 4.0, "NGan": 1.0, "Wa": 18.0, "CardID": "3330500080935", "Name": "นายปอย ปรือปรัก", "ADD": "108 ถ. ซ. ม.14 บ. ต.ปรือใหญ่ อ.ขุขันธ์ จ.ศรีสะเกษ" }, "geometry": { "type": "MultiPolygon", "coordinates": [ [ [ [ 104.194907309777292, 14.59836247355897, 0.0 ], [ 104.194463367703122, 14.598346750406822, 0.0 ], [ 104.193835756004489, 14.598428027231257, 0.0 ], [ 104.193868424686272, 14.598945547177491, 0.0 ], [ 104.194922367248324, 14.598872864992405, 0.0 ], [ 104.194907309777292, 14.59836247355897, 0.0 ] ] ] ] } },
{ "type": "Feature", "properties": { "Plang": "15", "Rawang": "776", "Rai": 1.0, "NGan": 2.0, "Wa": 69.0, "CardID": "3330500360547", "Name": "นายสนิท วงศ์ขันธ์", "ADD": "111 ถ. ซ. ม.10 บ. ต.นิคมพัฒนา อ.ขุขันธ์ จ.ศรีสะเกษ" }, "geometry": { "type": "MultiPolygon", "coordinates": [ [ [ [ 104.194463367703122, 14.598346750406822, 0.0 ], [ 104.194427218178674, 14.598026107630252, 0.0 ], [ 104.193815636810569, 14.598083776122399, 0.0 ], [ 104.193835756004489, 14.598428027231257, 0.0 ], [ 104.194463367703122, 14.598346750406822, 0.0 ] ] ] ] } },
{ "type": "Feature", "properties": { "Plang": "16", "Rawang": "776", "Rai": 6.0, "NGan": 2.0, "Wa": 33.0, "CardID": "3330500079023", "Name": "นางสาวรมย์ ปรือปรัง", "ADD": "71 ถ. ซ. ม.11 บ. ต.ปรือใหญ่ อ.ขุขันธ์ จ.ศรีสะเกษ" }, "geometry": { "type": "MultiPolygon", "coordinates": [ [ [ [ 104.194463367703122, 14.598346750406822, 0.0 ], [ 104.194907309777292, 14.59836247355897, 0.0 ], [ 104.195386586098934, 14.598372241753374, 0.0 ], [ 104.195307559254772, 14.597314786662427, 0.0 ], [ 104.194379736239625, 14.597500069151822, 0.0 ], [ 104.194427218178674, 14.598026107630252, 0.0 ], [ 104.194463367703122, 14.598346750406822, 0.0 ] ] ] ] } },
{ "type": "Feature", "properties": { "Plang": "15", "Rawang": "768", "Rai": 6.0, "NGan": 2.0, "Wa": 28.0, "CardID": "3330500111377", "Name": "นางสุบัน ลาคำ", "ADD": "433 ถ. ซ. ม.19 บ. ต.ปรือใหญ่ อ.ขุขันธ์ จ.ศรีสะเกษ" }, "geometry": { "type": "MultiPolygon", "coordinates": [ [ [ [ 104.196684395572532, 14.589203267737709, 0.0 ], [ 104.196237523881976, 14.588265089477275, 0.0 ], [ 104.195545999755538, 14.588546532592428, 0.0 ], [ 104.195742431745941, 14.589081755727387, 0.0 ], [ 104.19578921563425, 14.58956989927233, 0.0 ], [ 104.195938924398476, 14.589550381154076, 0.0 ], [ 104.196684395572532, 14.589203267737709, 0.0 ] ] ] ] } },
{ "type": "Feature", "properties": { "Plang": "13", "Rawang": "768", "Rai": 10.0, "NGan": 1.0, "Wa": 1.0, "CardID": "3330500223221", "Name": "นางสำเรียน บุตะเคียน", "ADD": "4 ถ. ซ. ม.1 บ. ต.ตะเคียนราม อ.ภูสิงห์ จ.ศรีสะเกษ" }, "geometry": { "type": "MultiPolygon", "coordinates": [ [ [ [ 104.196729106599022, 14.588081899831421, 0.0 ], [ 104.196855290556158, 14.588032474942461, 0.0 ], [ 104.197028629946345, 14.587969159458984, 0.0 ], [ 104.19752141095627, 14.587810301010196, 0.0 ], [ 104.197249396337014, 14.587193571513142, 0.0 ], [ 104.196923959131212, 14.586336318066284, 0.0 ], [ 104.196900098892513, 14.586273466136008, 0.0 ], [ 104.196112238237973, 14.586578138390065, 0.0 ], [ 104.196729106599022, 14.588081899831421, 0.0 ] ] ] ] } },
{ "type": "Feature", "properties": { "Plang": "14", "Rawang": "768", "Rai": 13.0, "NGan": 0.0, "Wa": 76.0, "CardID": "3330800223213", "Name": "นายสทิศ บุตะเคียน", "ADD": "25 ถ. ซ. ม.1 บ. ต.ตะเคียนราม อ.ภูสิงห์ จ.ศรีสะเกษ" }, "geometry": { "type": "MultiPolygon", "coordinates": [ [ [ [ 104.196522712505086, 14.588165491004842, 0.0 ], [ 104.196729106599022, 14.588081899831421, 0.0 ], [ 104.196112238237973, 14.586578138390065, 0.0 ], [ 104.195204280293808, 14.587096495472048, 0.0 ], [ 104.195545999755538, 14.588546532592428, 0.0 ], [ 104.196237523881976, 14.588265089477275, 0.0 ], [ 104.196522712505086, 14.588165491004842, 0.0 ] ] ] ] } },
{ "type": "Feature", "properties": { "Plang": "16", "Rawang": "768", "Rai": 9.0, "NGan": 2.0, "Wa": 51.0, "CardID": "3330500223221", "Name": "นางสำเรียน บุตะเคียน", "ADD": "4 ถ. ซ. ม.1 บ. ต.ตะเคียนราม อ.ภูสิงห์ จ.ศรีสะเกษ" }, "geometry": { "type": "MultiPolygon", "coordinates": [ [ [ [ 104.195204280293808, 14.587096495472048, 0.0 ], [ 104.194203240987562, 14.587792165830612, 0.0 ], [ 104.194357828606854, 14.588589852811667, 0.0 ], [ 104.195545999755538, 14.588546532592428, 0.0 ], [ 104.195204280293808, 14.587096495472048, 0.0 ] ] ] ] } },
{ "type": "Feature", "properties": { "Plang": "19", "Rawang": "768", "Rai": 3.0, "NGan": 2.0, "Wa": 90.0, "CardID": "3330500224686", "Name": "นางสาคร ทับทิมเล็ก", "ADD": "70 ถ. ซ. ม.1 บ. ต.ตะเคียนราม อ.ภูสิงห์ จ.ศรีสะเกษ" }, "geometry": { "type": "MultiPolygon", "coordinates": [ [ [ [ 104.193312385379386, 14.588355150454717, 0.0 ], [ 104.193309922120491, 14.588580720962904, 0.0 ], [ 104.194357828606854, 14.588589852811667, 0.0 ], [ 104.194203240987562, 14.587792165830612, 0.0 ], [ 104.193312385379386, 14.588355150454717, 0.0 ] ] ] ] } },
{ "type": "Feature", "properties": { "Plang": "20", "Rawang": "768", "Rai": 15.0, "NGan": 3.0, "Wa": 59.0, "CardID": "3330500225232", "Name": "นายปลอก บุญขาว", "ADD": "31 ถ. ซ. ม.1 บ. ต.ตะเคียนราม อ.ภูสิงห์ จ.ศรีสะเกษ" }, "geometry": { "type": "MultiPolygon", "coordinates": [ [ [ [ 104.193469830517898, 14.591107484155156, 0.0 ], [ 104.193341195486909, 14.589834717266873, 0.0 ], [ 104.193296976768949, 14.589403352888596, 0.0 ], [ 104.19331208521271, 14.589012865676965, 0.0 ], [ 104.193309922120491, 14.588580720962904, 0.0 ], [ 104.193312385379386, 14.588355150454717, 0.0 ], [ 104.192354234657401, 14.588957733119727, 0.0 ], [ 104.192693275215944, 14.591409463139325, 0.0 ], [ 104.193469830517898, 14.591107484155156, 0.0 ] ] ] ] } },
{ "type": "Feature", "properties": { "Plang": "17", "Rawang": "768", "Rai": 8.0, "NGan": 0.0, "Wa": 15.0, "CardID": "0000000000000", "Name": "นายสิน มูละ", "ADD": "129 ถ. ซ. ม.6 บ. ต.ห้วยใต้ อ.ขุขันธ์ จ.ศรีสะเกษ" }, "geometry": { "type": "MultiPolygon", "coordinates": [ [ [ [ 104.19331208521271, 14.589012865676965, 0.0 ], [ 104.195742431745941, 14.589081755727387, 0.0 ], [ 104.195545999755538, 14.588546532592428, 0.0 ], [ 104.194357828606854, 14.588589852811667, 0.0 ], [ 104.193309922120491, 14.588580720962904, 0.0 ], [ 104.19331208521271, 14.589012865676965, 0.0 ] ] ] ] } },
{ "type": "Feature", "properties": { "Plang": "13", "Rawang": "520", "Rai": 8.0, "NGan": 2.0, "Wa": 40.0, "CardID": "3330500981525", "Name": "นางกรอุมา ภาผล", "ADD": "179 ถ. ซ. ม.4 บ. ต.ห้วยใต้ อ.ขุขันธ์ จ.ศรีสะเกษ" }, "geometry": { "type": "MultiPolygon", "coordinates": [ [ [ [ 104.157535182721702, 14.628078811524361, 0.0 ], [ 104.157531180184861, 14.627561730756451, 0.0 ], [ 104.156945431228763, 14.627487260399466, 0.0 ], [ 104.156414980165977, 14.627458607506036, 0.0 ], [ 104.155927899814515, 14.627424080550417, 0.0 ], [ 104.155417874979463, 14.627386409269693, 0.0 ], [ 104.155365230639219, 14.627956659571169, 0.0 ], [ 104.157535182721702, 14.628078811524361, 0.0 ] ] ] ] } },
{ "type": "Feature", "properties": { "Plang": "14", "Rawang": "520", "Rai": 4.0, "NGan": 3.0, "Wa": 10.0, "CardID": "3330500347761", "Name": "นางสุรินทร์ คำศรี", "ADD": "108 ถ. ซ. ม.8 บ. ต.ตะเคียนราม อ.ภูสิงห์ จ.ศรีสะเกษ" }, "geometry": { "type": "MultiPolygon", "coordinates": [ [ [ [ 104.156067728165311, 14.625822215584108, 0.0 ], [ 104.155987692474383, 14.62582340837927, 0.0 ], [ 104.155927899814515, 14.627424080550417, 0.0 ], [ 104.156414980165977, 14.627458607506036, 0.0 ], [ 104.156368374641374, 14.626642788356886, 0.0 ], [ 104.156389521598925, 14.625864609314004, 0.0 ], [ 104.156067728165311, 14.625822215584108, 0.0 ] ] ] ] } },
{ "type": "Feature", "properties": { "Plang": "15", "Rawang": "520", "Rai": 7.0, "NGan": 3.0, "Wa": 10.0, "CardID": "3330500346781", "Name": "นายสงัด บุญขาว", "ADD": "28 ถ. ซ. ม.8 บ. ต.ตะเคียนราม อ.ภูสิงห์ จ.ศรีสะเกษ" }, "geometry": { "type": "MultiPolygon", "coordinates": [ [ [ [ 104.156414980165977, 14.627458607506036, 0.0 ], [ 104.156945431228763, 14.627487260399466, 0.0 ], [ 104.156972521635822, 14.62715260084585, 0.0 ], [ 104.157748761453618, 14.627062234941253, 0.0 ], [ 104.15773442749645, 14.626352623930837, 0.0 ], [ 104.157702807870578, 14.626338360855115, 0.0 ], [ 104.15747800623042, 14.626395289971557, 0.0 ], [ 104.156368374641374, 14.626642788356886, 0.0 ], [ 104.156414980165977, 14.627458607506036, 0.0 ] ] ] ] } },
{ "type": "Feature", "properties": { "Plang": "16", "Rawang": "520", "Rai": 8.0, "NGan": 3.0, "Wa": 33.0, "CardID": "3330500348806", "Name": "นายสัจน์ บุญขาว", "ADD": "04 ถ. ซ. ม.8 บ. ต.ตะเคียนราม อ.ภูสิงห์ จ.ศรีสะเกษ" }, "geometry": { "type": "MultiPolygon", "coordinates": [ [ [ [ 104.15747800623042, 14.626395289971557, 0.0 ], [ 104.157532255712013, 14.625383804753541, 0.0 ], [ 104.156470144125947, 14.625457376697852, 0.0 ], [ 104.156496530222199, 14.625868407536014, 0.0 ], [ 104.156389521598925, 14.625864609314004, 0.0 ], [ 104.156368374641374, 14.626642788356886, 0.0 ], [ 104.15747800623042, 14.626395289971557, 0.0 ] ] ] ] } },
{ "type": "Feature", "properties": { "Plang": "17", "Rawang": "520", "Rai": 5.0, "NGan": 1.0, "Wa": 71.0, "CardID": "3330500349764", "Name": "นายสำเริง บุญขาว", "ADD": "1 ถ. ซ. ม.4 บ.ขยอง ต.ตะเคียนราม อ.ภูสิงห์ จ.ศรีสะเกษ" }, "geometry": { "type": "MultiPolygon", "coordinates": [ [ [ [ 104.158208116405106, 14.625368207500832, 0.0 ], [ 104.157532255712013, 14.625383804753541, 0.0 ], [ 104.15747800623042, 14.626395289971557, 0.0 ], [ 104.157702807870578, 14.626338360855115, 0.0 ], [ 104.15773442749645, 14.626352623930837, 0.0 ], [ 104.157846573659512, 14.626170479576107, 0.0 ], [ 104.158294019455766, 14.626084193439347, 0.0 ], [ 104.158404648699474, 14.625722506821329, 0.0 ], [ 104.158474359468684, 14.625428567546873, 0.0 ], [ 104.158208116405106, 14.625368207500832, 0.0 ] ] ] ] } },
{ "type": "Feature", "properties": { "Plang": "18", "Rawang": "520", "Rai": 13.0, "NGan": 2.0, "Wa": 21.0, "CardID": "3330500195455", "Name": "นางเสรือก ขุขันธิน", "ADD": "82 ถ. ซ. ม.6 บ. ต.ห้วยใต้ อ.ขุขันธ์ จ.ศรีสะเกษ" }, "geometry": { "type": "MultiPolygon", "coordinates": [ [ [ [ 104.158204264634563, 14.624445066961298, 0.0 ], [ 104.158188767212764, 14.624274501441189, 0.0 ], [ 104.157539638963172, 14.624373475406113, 0.0 ], [ 104.157310153769856, 14.624408758052143, 0.0 ], [ 104.1570750246606, 14.624430889081529, 0.0 ], [ 104.156873598530879, 14.624459680720371, 0.0 ], [ 104.156635158861491, 14.624476259209814, 0.0 ], [ 104.156403605541939, 14.624494959371987, 0.0 ], [ 104.156470144125947, 14.625457376697852, 0.0 ], [ 104.157532255712013, 14.625383804753541, 0.0 ], [ 104.158208116405106, 14.625368207500832, 0.0 ], [ 104.158202489639919, 14.624982115535193, 0.0 ], [ 104.158204264634563, 14.624445066961298, 0.0 ] ] ] ] } },
{ "type": "Feature", "properties": { "Plang": "19", "Rawang": "520", "Rai": 9.0, "NGan": 3.0, "Wa": 67.0, "CardID": "3330500347451", "Name": "นายมลัน บุญขาว", "ADD": "72 ถ. ซ. ม.11 บ.ตำหนัก ต.ตะเคียนราม อ.ภูสิงห์ จ.ศรีสะเกษ" }, "geometry": { "type": "MultiPolygon", "coordinates": [ [ [ [ 104.157698292606469, 14.627580388742826, 0.0 ], [ 104.158751359066557, 14.627710531079098, 0.0 ], [ 104.158781050074765, 14.62670058719641, 0.0 ], [ 104.158268265450573, 14.626429319718282, 0.0 ], [ 104.158294019455766, 14.626084193439347, 0.0 ], [ 104.157846573659512, 14.626170479576107, 0.0 ], [ 104.15773442749645, 14.626352623930837, 0.0 ], [ 104.157748761453618, 14.627062234941253, 0.0 ], [ 104.157698292606469, 14.627580388742826, 0.0 ] ] ] ] } },
{ "type": "Feature", "properties": { "Plang": "21", "Rawang": "520", "Rai": 14.0, "NGan": 0.0, "Wa": 73.0, "CardID": "3330500345912", "Name": "นายเมย เสดา", "ADD": "31/1 ถ. ซ. ม.4 บ. ต.ตะเคียนราม อ.ขุขันธ์ จ.ศรีสะเกษ" }, "geometry": { "type": "MultiPolygon", "coordinates": [ [ [ [ 104.159080198530333, 14.626766336954166, 0.0 ], [ 104.15990581257077, 14.626654279654444, 0.0 ], [ 104.159965236274246, 14.625865475479946, 0.0 ], [ 104.159926034988814, 14.625534523502861, 0.0 ], [ 104.158474359468684, 14.625428567546873, 0.0 ], [ 104.158404648699474, 14.625722506821329, 0.0 ], [ 104.158294019455766, 14.626084193439347, 0.0 ], [ 104.158268265450573, 14.626429319718282, 0.0 ], [ 104.158781050074765, 14.62670058719641, 0.0 ], [ 104.159080198530333, 14.626766336954166, 0.0 ] ] ] ] } },
{ "type": "Feature", "properties": { "Plang": "22", "Rawang": "520", "Rai": 8.0, "NGan": 0.0, "Wa": 63.0, "CardID": "3330500351360", "Name": "นายลา วงษ์ขันธ์", "ADD": "90 ถ. ซ. ม.8 บ. ต.ตะเคียนราม อ.ภูสิงห์ จ.ศรีสะเกษ" }, "geometry": { "type": "MultiPolygon", "coordinates": [ [ [ [ 104.160182399242927, 14.625555142548912, 0.0 ], [ 104.160226751119779, 14.624868035491001, 0.0 ], [ 104.158202489639919, 14.624982115535193, 0.0 ], [ 104.158208116405106, 14.625368207500832, 0.0 ], [ 104.158474359468684, 14.625428567546873, 0.0 ], [ 104.159926034988814, 14.625534523502861, 0.0 ], [ 104.160182399242927, 14.625555142548912, 0.0 ] ] ] ] } },
{ "type": "Feature", "properties": { "Plang": "23", "Rawang": "520", "Rai": 6.0, "NGan": 3.0, "Wa": 72.0, "CardID": "3330500349071", "Name": "นายมลิ บุญขาว", "ADD": "16 ถ. ซ. ม.8 บ.ตาโสม ต.ตะเคียนราม อ.ภูสิงห์ จ.ศรีสะเกษ" }, "geometry": { "type": "MultiPolygon", "coordinates": [ [ [ [ 104.158202489639919, 14.624982115535193, 0.0 ], [ 104.160226751119779, 14.624868035491001, 0.0 ], [ 104.160211356646812, 14.624728832619439, 0.0 ], [ 104.160287797287992, 14.624404510167603, 0.0 ], [ 104.159440643979707, 14.624420477945701, 0.0 ], [ 104.159452010039843, 14.624461196604967, 0.0 ], [ 104.159049451713159, 14.624528527077347, 0.0 ], [ 104.158204264634563, 14.624445066961298, 0.0 ], [ 104.158202489639919, 14.624982115535193, 0.0 ] ] ] ] } },
{ "type": "Feature", "properties": { "Plang": "24", "Rawang": "520", "Rai": 10.0, "NGan": 3.0, "Wa": 29.0, "CardID": "5330500019094", "Name": "นายไสว ศรีลาชัย", "ADD": "135 ถ. ซ. ม.8 บ.ตาโศก ต.ตะเคียนราม อ.ภูสิงห์ จ.ศรีสะเกษ" }, "geometry": { "type": "MultiPolygon", "coordinates": [ [ [ [ 104.158204264634563, 14.624445066961298, 0.0 ], [ 104.159049451713159, 14.624528527077347, 0.0 ], [ 104.159452010039843, 14.624461196604967, 0.0 ], [ 104.159440643979707, 14.624420477945701, 0.0 ], [ 104.159424499784336, 14.623648995093554, 0.0 ], [ 104.159442286836281, 14.623384622722204, 0.0 ], [ 104.158080303891879, 14.623366887296262, 0.0 ], [ 104.158118936536155, 14.623493189654626, 0.0 ], [ 104.158188767212764, 14.624274501441189, 0.0 ], [ 104.158204264634563, 14.624445066961298, 0.0 ] ] ] ] } },
{ "type": "Feature", "properties": { "Plang": "11", "Rawang": "529", "Rai": 5.0, "NGan": 3.0, "Wa": 82.0, "CardID": "3330500187217", "Name": "นางสาวพันธ์ เพียรจำ", "ADD": "18 ถ. ซ. ม.13 บ.โคกสะอาด ต.ตะเคียนราม อ.ภูสิงห์ จ.ศรีสะเกษ" }, "geometry": { "type": "MultiPolygon", "coordinates": [ [ [ [ 104.16073443385531, 14.631610198345987, 0.0 ], [ 104.160716887525453, 14.631068982431779, 0.0 ], [ 104.159890149364628, 14.631106216952526, 0.0 ], [ 104.159943856265869, 14.631577934461779, 0.0 ], [ 104.160005966294705, 14.631577184118322, 0.0 ], [ 104.160088947419737, 14.632147214465089, 0.0 ], [ 104.160760013246616, 14.632128845360647, 0.0 ], [ 104.16073443385531, 14.631610198345987, 0.0 ] ] ] ] } },
{ "type": "Feature", "properties": { "Plang": "1", "Rawang": "506", "Rai": 3.0, "NGan": 1.0, "Wa": 90.0, "CardID": "3330501435851", "Name": "นางอุย ปรารถนา", "ADD": "19 ถ. ซ. ม.6 บ. ต.ห้วยตึ๊กชู อ.ภูสิงห์ จ.ศรีสะเกษ" }, "geometry": { "type": "MultiPolygon", "coordinates": [ [ [ [ 104.148304201736437, 14.624416388011298, 0.0 ], [ 104.147284315164569, 14.624579933201542, 0.0 ], [ 104.147345595491643, 14.624634967452046, 0.0 ], [ 104.147393430337459, 14.62473098163407, 0.0 ], [ 104.147552807810214, 14.624985287273217, 0.0 ], [ 104.14779481813612, 14.625019617167494, 0.0 ], [ 104.148207941986286, 14.62514789289555, 0.0 ], [ 104.148299007756549, 14.624679695879935, 0.0 ], [ 104.148304201736437, 14.624416388011298, 0.0 ] ] ] ] } },
{ "type": "Feature", "properties": { "Plang": "2", "Rawang": "506", "Rai": 3.0, "NGan": 1.0, "Wa": 31.0, "CardID": "3330501433637", "Name": "นายประหยัด ปรารถนา", "ADD": "29 ถ. ซ. ม.6 บ.นกยูง ต.ห้วยตึ๊กชู อ.ภูสิงห์ จ.ศรีสะเกษ" }, "geometry": { "type": "MultiPolygon", "coordinates": [ [ [ [ 104.148844148105312, 14.624408441639448, 0.0 ], [ 104.148304201736437, 14.624416388011298, 0.0 ], [ 104.148299007756549, 14.624679695879935, 0.0 ], [ 104.148207941986286, 14.62514789289555, 0.0 ], [ 104.148346429807418, 14.625184650041259, 0.0 ], [ 104.148799946790845, 14.625325261475602, 0.0 ], [ 104.148844148105312, 14.624408441639448, 0.0 ] ] ] ] } },
{ "type": "Feature", "properties": { "Plang": "4", "Rawang": "506", "Rai": 7.0, "NGan": 1.0, "Wa": 48.0, "CardID": "3330501429044", "Name": "นางบุญลิน ไชยโพธิ์", "ADD": "36/1 ถ. ซ. ม.6 บ.นกยูง ต.ห้วยตึ๊กชู อ.ภูสิงห์ จ.ศรีสะเกษ" }, "geometry": { "type": "MultiPolygon", "coordinates": [ [ [ [ 104.148755069857131, 14.623479089874897, 0.0 ], [ 104.148500467653164, 14.62349352285381, 0.0 ], [ 104.146109249917316, 14.623511890220602, 0.0 ], [ 104.146117263805252, 14.623865382803537, 0.0 ], [ 104.148790982679571, 14.623870589463685, 0.0 ], [ 104.148755069857131, 14.623479089874897, 0.0 ] ] ] ] } },
{ "type": "Feature", "properties": { "Plang": "7", "Rawang": "506", "Rai": 11.0, "NGan": 3.0, "Wa": 43.0, "CardID": "3330501442938", "Name": "นายสอน ตะเคียนเกลี้ยง", "ADD": "121 ถ. ซ. ม.6 บ.นกยูง ต.ห้วยตึ๊กชู อ.ภูสิงห์ จ.ศรีสะเกษ" }, "geometry": { "type": "MultiPolygon", "coordinates": [ [ [ [ 104.14846503959383, 14.622953934200721, 0.0 ], [ 104.144945748178088, 14.6231440588305, 0.0 ], [ 104.145022110896349, 14.623526864472451, 0.0 ], [ 104.146109249917316, 14.623511890220602, 0.0 ], [ 104.148500467653164, 14.62349352285381, 0.0 ], [ 104.14846503959383, 14.622953934200721, 0.0 ] ] ] ] } },
{ "type": "Feature", "properties": { "Plang": "8", "Rawang": "506", "Rai": 10.0, "NGan": 1.0, "Wa": 69.0, "CardID": "3330501435648", "Name": "นางทุม ใสแก้ว", "ADD": "89 ถ. ซ. ม.6 บ.นกยูง ต.ห้วยติ๊กชู อ.ภูสิงห์ จ.ศรีสะเกษ" }, "geometry": { "type": "MultiPolygon", "coordinates": [ [ [ [ 104.14846503959383, 14.622953934200721, 0.0 ], [ 104.148431466742409, 14.622528901355562, 0.0 ], [ 104.14486010543709, 14.622772807495075, 0.0 ], [ 104.144945748178088, 14.6231440588305, 0.0 ], [ 104.14846503959383, 14.622953934200721, 0.0 ] ] ] ] } },
{ "type": "Feature", "properties": { "Plang": "11", "Rawang": "506", "Rai": 10.0, "NGan": 0.0, "Wa": 22.0, "CardID": "0000000000000", "Name": "นางทอน คงราช", "ADD": "69 ถ. ซ. ม.6 บ.นกยูง ต.ห้วยตึ๊กชู อ.ภูสิงห์ จ.ศรีสะเกษ" }, "geometry": { "type": "MultiPolygon", "coordinates": [ [ [ [ 104.148431466742409, 14.622528901355562, 0.0 ], [ 104.148394659262209, 14.62217317352637, 0.0 ], [ 104.144877745402809, 14.622401819367315, 0.0 ], [ 104.14480095592522, 14.622409914865832, 0.0 ], [ 104.14486010543709, 14.622772807495075, 0.0 ], [ 104.148431466742409, 14.622528901355562, 0.0 ] ] ] ] } },
{ "type": "Feature", "properties": { "Plang": "12", "Rawang": "506", "Rai": 20.0, "NGan": 0.0, "Wa": 28.0, "CardID": "0000000000000", "Name": "นายคลิบ บุญขาว", "ADD": "56 ถ. ซ. ม.6 บ.นกยูง ต.ห้วยตึ๊กชู อ.ภูสิงห์ จ.ศรีสะเกษ" }, "geometry": { "type": "MultiPolygon", "coordinates": [ [ [ [ 104.148438633821854, 14.622134203044215, 0.0 ], [ 104.148460620808052, 14.62138436056294, 0.0 ], [ 104.144925073777259, 14.621631189251584, 0.0 ], [ 104.144877745402809, 14.622401819367315, 0.0 ], [ 104.148394659262209, 14.62217317352637, 0.0 ], [ 104.148438633821854, 14.622134203044215, 0.0 ] ] ] ] } },
{ "type": "Feature", "properties": { "Plang": "13", "Rawang": "506", "Rai": 24.0, "NGan": 0.0, "Wa": 96.0, "CardID": "3330501441257", "Name": "นายอัคคเดช อุปมา", "ADD": "424 ถ. ซ. ม.14 บ.ตาปิ่น ต.ห้วยเหนือ อ.ขุขันธ์ จ.ศรีสะเกษ" }, "geometry": { "type": "MultiPolygon", "coordinates": [ [ [ [ 104.14058323836808, 14.622376244939039, 0.0 ], [ 104.140765646603441, 14.622393364623674, 0.0 ], [ 104.142344120985499, 14.622475942747611, 0.0 ], [ 104.14480095592522, 14.622409914865832, 0.0 ], [ 104.144877745402809, 14.622401819367315, 0.0 ], [ 104.144925073777259, 14.621631189251584, 0.0 ], [ 104.142432760225788, 14.621733212978807, 0.0 ], [ 104.140590450849572, 14.621609073837956, 0.0 ], [ 104.14058323836808, 14.622376244939039, 0.0 ] ] ] ] } },
{ "type": "Feature", "properties": { "Plang": "17", "Rawang": "506", "Rai": 22.0, "NGan": 2.0, "Wa": 73.0, "CardID": "0000000000000", "Name": "นางอินทร์ แก้ววงศ์", "ADD": "45 ถ. ซ. ม.6 บ.นกยูง ต.ห้วยตึ๊กชู อ.ภูสิงห์ จ.ศรีสะเกษ" }, "geometry": { "type": "MultiPolygon", "coordinates": [ [ [ [ 104.144968004952773, 14.620899402646154, 0.0 ], [ 104.145067721499075, 14.620156531707041, 0.0 ], [ 104.143450595581839, 14.620229582822335, 0.0 ], [ 104.141750969651483, 14.620237771999737, 0.0 ], [ 104.140955901814152, 14.620172974236869, 0.0 ], [ 104.140691861426859, 14.620871960240452, 0.0 ], [ 104.142523533694316, 14.620998906381613, 0.0 ], [ 104.144968004952773, 14.620899402646154, 0.0 ] ] ] ] } },
{ "type": "Feature", "properties": { "Plang": "21", "Rawang": "506", "Rai": 9.0, "NGan": 3.0, "Wa": 61.0, "CardID": "3330501438418", "Name": "นายคำ อัยพงษ์", "ADD": "12 ถ. ซ. ม.13 บ. ต.ห้วยตึ๊กชู อ.ภูสิงห์ จ.ศรีสะเกษ" }, "geometry": { "type": "MultiPolygon", "coordinates": [ [ [ [ 104.141592454093896, 14.619104815801549, 0.0 ], [ 104.145086517836688, 14.619004730999206, 0.0 ], [ 104.145103750142155, 14.618606014187991, 0.0 ], [ 104.144600366841857, 14.618607293548617, 0.0 ], [ 104.141756725636697, 14.618731822679887, 0.0 ], [ 104.141592454093896, 14.619104815801549, 0.0 ] ] ] ] } },
{ "type": "Feature", "properties": { "Plang": "5", "Rawang": "512", "Rai": 9.0, "NGan": 1.0, "Wa": 82.0, "CardID": "3330501443586", "Name": "นายทอน ศิริปรัง", "ADD": "95 ถ. ซ. ม.13 บ. ต.ห้วยตึ๊กชู อ.ภูสิงห์ จ.ศรีสะเกษ" }, "geometry": { "type": "MultiPolygon", "coordinates": [ [ [ [ 104.15136500808903, 14.626560171994329, 0.0 ], [ 104.151722516747157, 14.625279439991427, 0.0 ], [ 104.151751181681334, 14.624911986653389, 0.0 ], [ 104.150824195062981, 14.624905013525789, 0.0 ], [ 104.150790770624695, 14.625430207601838, 0.0 ], [ 104.150685326318097, 14.626081578735434, 0.0 ], [ 104.151065039034648, 14.626332596295175, 0.0 ], [ 104.151044272037254, 14.626384945098858, 0.0 ], [ 104.150932973854864, 14.626478427716657, 0.0 ], [ 104.151251643748409, 14.626556738284613, 0.0 ], [ 104.15136500808903, 14.626560171994329, 0.0 ] ] ] ] } },
{ "type": "Feature", "properties": { "Plang": "6", "Rawang": "512", "Rai": 21.0, "NGan": 0.0, "Wa": 39.0, "CardID": "0000000000000", "Name": "นายอินทรี ตะเคียนเกลี้ยง", "ADD": "49 ถ. ซ. ม.5 บ. ต.ตะเคียนราม อ.ภูสิงห์ จ.ศรีสะเกษ" }, "geometry": { "type": "MultiPolygon", "coordinates": [ [ [ [ 104.15140725966981, 14.622923247181221, 0.0 ], [ 104.151127603932267, 14.62292788108587, 0.0 ], [ 104.150754306448746, 14.622959463247579, 0.0 ], [ 104.150824195062981, 14.624905013525789, 0.0 ], [ 104.151751181681334, 14.624911986653389, 0.0 ], [ 104.151722516747157, 14.625279439991427, 0.0 ], [ 104.152195911988883, 14.625249373886103, 0.0 ], [ 104.152006393028515, 14.622757617363941, 0.0 ], [ 104.15140725966981, 14.622923247181221, 0.0 ] ] ] ] } },
{ "type": "Feature", "properties": { "Plang": "7", "Rawang": "512", "Rai": 12.0, "NGan": 3.0, "Wa": 77.0, "CardID": "3330500221229", "Name": "นายปิ บุตะเคียน", "ADD": "30 ถ. ซ. ม.5 บ. ต.ตะเคียนราม อ.ภูสิงห์ จ.ศรีสะเกษ" }, "geometry": { "type": "MultiPolygon", "coordinates": [ [ [ [ 104.152399623750256, 14.622733670221214, 0.0 ], [ 104.152037204512837, 14.622744587699044, 0.0 ], [ 104.152006393028515, 14.622757617363941, 0.0 ], [ 104.152195911988883, 14.625249373886103, 0.0 ], [ 104.152442272752211, 14.625213045516389, 0.0 ], [ 104.152785179438254, 14.625149585850556, 0.0 ], [ 104.152853341264048, 14.62274459407273, 0.0 ], [ 104.152399623750256, 14.622733670221214, 0.0 ] ] ] ] } },
{ "type": "Feature", "properties": { "Plang": "8", "Rawang": "512", "Rai": 19.0, "NGan": 0.0, "Wa": 42.0, "CardID": "3330500347087", "Name": "นางลำลัด บุญศิริ", "ADD": "8 ถ. ซ. ม.11 บ. ต.ตะเคียนราม อ.ภูสิงห์ จ.ศรีสะเกษ" }, "geometry": { "type": "MultiPolygon", "coordinates": [ [ [ [ 104.152853341264048, 14.62274459407273, 0.0 ], [ 104.152785179438254, 14.625149585850556, 0.0 ], [ 104.153620631747685, 14.625194128753749, 0.0 ], [ 104.153814856175302, 14.623837727826567, 0.0 ], [ 104.153997154751067, 14.623840301104444, 0.0 ], [ 104.15386573200955, 14.622533873215691, 0.0 ], [ 104.152853341264048, 14.62274459407273, 0.0 ] ] ] ] } },
{ "type": "Feature", "properties": { "Plang": "9", "Rawang": "512", "Rai": 5.0, "NGan": 2.0, "Wa": 54.0, "CardID": "3330500220885", "Name": "นางสุหัส พวงเงิน", "ADD": "37 ถ. ซ. ม.5 บ. ต.ตะเคียนราม อ.ภูสิงห์ จ.ศรีสะเกษ" }, "geometry": { "type": "MultiPolygon", "coordinates": [ [ [ [ 104.153597042952555, 14.625671273485635, 0.0 ], [ 104.154031302086693, 14.625682773684979, 0.0 ], [ 104.154161742412654, 14.623853610405648, 0.0 ], [ 104.153997154751067, 14.623840301104444, 0.0 ], [ 104.153814856175302, 14.623837727826567, 0.0 ], [ 104.153620631747685, 14.625194128753749, 0.0 ], [ 104.153597042952555, 14.625671273485635, 0.0 ] ] ] ] } },
{ "type": "Feature", "properties": { "Plang": "11", "Rawang": "512", "Rai": 5.0, "NGan": 1.0, "Wa": 36.0, "CardID": "3330500220273", "Name": "นายสุพจน์ ตะเคียนเกลี้ยง", "ADD": "9/2 ถ. ซ. ม.3 บ.ตะเคียนรามกลาง ต.ตะเคียนราม อ.ภูสิงห์ จ.ศรีสะเกษ" }, "geometry": { "type": "MultiPolygon", "coordinates": [ [ [ [ 104.154988926953394, 14.625787106129971, 0.0 ], [ 104.155252586247585, 14.625767995423107, 0.0 ], [ 104.15525169700544, 14.623861666247993, 0.0 ], [ 104.154898618563635, 14.623862415036895, 0.0 ], [ 104.15487794440331, 14.625781725298266, 0.0 ], [ 104.154988926953394, 14.625787106129971, 0.0 ] ] ] ] } },
{ "type": "Feature", "properties": { "Plang": "1", "Rawang": "513", "Rai": 13.0, "NGan": 0.0, "Wa": 68.0, "CardID": "3330500354393", "Name": "นายเสียม ตะเคียนเกลี้ยง", "ADD": "23 ถ. ซ. ม.7 บ. ต.ตะเคียนราม อ.ภูสิงห์ จ.ศรีสะเกษ" }, "geometry": { "type": "MultiPolygon", "coordinates": [ [ [ [ 104.153865592061706, 14.615620717010962, 0.0 ], [ 104.153791925514753, 14.616234963679847, 0.0 ], [ 104.15421718108415, 14.616305322678858, 0.0 ], [ 104.154504341959623, 14.616296631681003, 0.0 ], [ 104.155199806957214, 14.616322066105166, 0.0 ], [ 104.156096617553757, 14.616174248284329, 0.0 ], [ 104.156262861788022, 14.616130940706631, 0.0 ], [ 104.156232282518928, 14.615439866107083, 0.0 ], [ 104.153865592061706, 14.615620717010962, 0.0 ] ] ] ] } },
{ "type": "Feature", "properties": { "Plang": "2", "Rawang": "526", "Rai": 6.0, "NGan": 0.0, "Wa": 87.0, "CardID": "1330500069765", "Name": "นายศิริวัฒน์ วันคำ", "ADD": "57 ถ. ซ. ม.07 บ. ต.ตะเคียนราม อ.ภูสิงห์ จ.ศรีสะเกษ" }, "geometry": { "type": "MultiPolygon", "coordinates": [ [ [ [ 104.153862563714412, 14.615325247309546, 0.0 ], [ 104.153865592061706, 14.615620717010962, 0.0 ], [ 104.156232282518928, 14.615439866107083, 0.0 ], [ 104.156206503489003, 14.615035614464878, 0.0 ], [ 104.153862563714412, 14.615325247309546, 0.0 ] ] ] ] } },
{ "type": "Feature", "properties": { "Plang": "3", "Rawang": "526", "Rai": 12.0, "NGan": 0.0, "Wa": 54.0, "CardID": "3330500354156", "Name": "นางสาวเสมียน ตะเคียนเกลี้ยง", "ADD": "03 ถ. ซ. ม.10 บ. ต.ตะเคียนราม อ.ภูสิงห์ จ.ศรีสะเกษ" }, "geometry": { "type": "MultiPolygon", "coordinates": [ [ [ [ 104.156262861788022, 14.616130940706631, 0.0 ], [ 104.157160485812796, 14.616117234796503, 0.0 ], [ 104.157279982660441, 14.614530213912413, 0.0 ], [ 104.157292079414006, 14.614348002504252, 0.0 ], [ 104.157202533268531, 14.614383938247411, 0.0 ], [ 104.156642039004694, 14.614488498570097, 0.0 ], [ 104.156168849528584, 14.614633850110756, 0.0 ], [ 104.156206503489003, 14.615035614464878, 0.0 ], [ 104.156232282518928, 14.615439866107083, 0.0 ], [ 104.156262861788022, 14.616130940706631, 0.0 ] ] ] ] } },
{ "type": "Feature", "properties": { "Plang": "4", "Rawang": "526", "Rai": 5.0, "NGan": 3.0, "Wa": 44.0, "CardID": "5330590029523", "Name": "นายสุบิน เสดา", "ADD": "27 ถ. ซ. ม.7 บ. ต.ตะเคียนราม อ.ภูสิงห์ จ.ศรีสะเกษ" }, "geometry": { "type": "MultiPolygon", "coordinates": [ [ [ [ 104.153850456187783, 14.615044889808987, 0.0 ], [ 104.153862563714412, 14.615325247309546, 0.0 ], [ 104.156206503489003, 14.615035614464878, 0.0 ], [ 104.156168849528584, 14.614633850110756, 0.0 ], [ 104.154114054839269, 14.614995137299294, 0.0 ], [ 104.153850456187783, 14.615044889808987, 0.0 ] ] ] ] } },
{ "type": "Feature", "properties": { "Plang": "12", "Rawang": "512", "Rai": 5.0, "NGan": 2.0, "Wa": 55.0, "CardID": "3330500217922", "Name": "นางสาวเลียม ตะเคียนเกลี้ยง", "ADD": "87 ถ. ซ. ม.5 บ.ระเบ๊าะ ต.ตะเคียนราม อ.ภูสิงห์ จ.ศรีสะเกษ" }, "geometry": { "type": "MultiPolygon", "coordinates": [ [ [ [ 104.155478696283453, 14.625777927025116, 0.0 ], [ 104.155666321558456, 14.625782765914501, 0.0 ], [ 104.155640673205326, 14.623890198018509, 0.0 ], [ 104.15525169700544, 14.623861666247993, 0.0 ], [ 104.155252586247585, 14.625767995423107, 0.0 ], [ 104.155478696283453, 14.625777927025116, 0.0 ] ] ] ] } },
{ "type": "Feature", "properties": { "Plang": "13", "Rawang": "512", "Rai": 5.0, "NGan": 2.0, "Wa": 0.0, "CardID": "3330500214044", "Name": "นายสำราญ สุวรรณ์", "ADD": "111 ถ. ซ. ม.12 บ.ห้วยยาง ต.ตะเคียนราม อ.ภูสิงห์ จ.ศรีสะเกษ" }, "geometry": { "type": "MultiPolygon", "coordinates": [ [ [ [ 104.155987692474383, 14.62582340837927, 0.0 ], [ 104.156067728165311, 14.625822215584108, 0.0 ], [ 104.156012336319733, 14.62391123303366, 0.0 ], [ 104.155640673205326, 14.623890198018509, 0.0 ], [ 104.155666321558456, 14.625782765914501, 0.0 ], [ 104.155987692474383, 14.62582340837927, 0.0 ] ] ] ] } },
{ "type": "Feature", "properties": { "Plang": "14", "Rawang": "512", "Rai": 5.0, "NGan": 2.0, "Wa": 84.0, "CardID": "3330500221121", "Name": "นางวิลัย สุวรรณ", "ADD": "128 ถ. ซ. ม.5 บ.ระเบ๊าะ ต.ตะเคียนราม อ.ภูสิงห์ จ.ศรีสะเกษ" }, "geometry": { "type": "MultiPolygon", "coordinates": [ [ [ [ 104.156385214648765, 14.623911831133469, 0.0 ], [ 104.156012336319733, 14.62391123303366, 0.0 ], [ 104.156067728165311, 14.625822215584108, 0.0 ], [ 104.156389521598925, 14.625864609314004, 0.0 ], [ 104.156496530222199, 14.625868407536014, 0.0 ], [ 104.156470144125947, 14.625457376697852, 0.0 ], [ 104.156403605541939, 14.624494959371987, 0.0 ], [ 104.156385214648765, 14.623911831133469, 0.0 ] ] ] ] } },
{ "type": "Feature", "properties": { "Plang": "15", "Rawang": "512", "Rai": 35.0, "NGan": 0.0, "Wa": 21.0, "CardID": "3330500221164", "Name": "นายเริน ตะเคียนเกลี้ยง", "ADD": "79 ถ. ซ. ม.5 บ. ต.ตะเคียนราม อ.ภูสิงห์ จ.ศรีสะเกษ" }, "geometry": { "type": "MultiPolygon", "coordinates": [ [ [ [ 104.154161742412654, 14.623853610405648, 0.0 ], [ 104.154898618563635, 14.623862415036895, 0.0 ], [ 104.15525169700544, 14.623861666247993, 0.0 ], [ 104.155640673205326, 14.623890198018509, 0.0 ], [ 104.156012336319733, 14.62391123303366, 0.0 ], [ 104.156385214648765, 14.623911831133469, 0.0 ], [ 104.156339551080222, 14.623252524323112, 0.0 ], [ 104.156426246064058, 14.621808808514697, 0.0 ], [ 104.154224228582891, 14.621900289895899, 0.0 ], [ 104.154299299171299, 14.622460068659812, 0.0 ], [ 104.15386573200955, 14.622533873215691, 0.0 ], [ 104.153997154751067, 14.623840301104444, 0.0 ], [ 104.154161742412654, 14.623853610405648, 0.0 ] ] ] ] } },
{ "type": "Feature", "properties": { "Plang": "16", "Rawang": "512", "Rai": 6.0, "NGan": 1.0, "Wa": 88.0, "CardID": "3330500217574", "Name": "นายเสียง ตะเคียนเกลี้ยง", "ADD": "70 ถ. ซ. ม.5 บ. ต.ตะเคียนราม อ.ภูสิงห์ จ.ศรีสะเกษ" }, "geometry": { "type": "MultiPolygon", "coordinates": [ [ [ [ 104.15380033504772, 14.620392958490102, 0.0 ], [ 104.153567794602282, 14.61962187740197, 0.0 ], [ 104.152665955365066, 14.619801054107548, 0.0 ], [ 104.152494111591736, 14.619847529394439, 0.0 ], [ 104.152813637195308, 14.620544220325248, 0.0 ], [ 104.152813373042903, 14.620620877275092, 0.0 ], [ 104.153820020247636, 14.620435986540409, 0.0 ], [ 104.15380033504772, 14.620392958490102, 0.0 ] ] ] ] } },
{ "type": "Feature", "properties": { "Plang": "17", "Rawang": "512", "Rai": 12.0, "NGan": 0.0, "Wa": 87.0, "CardID": "3330500219739", "Name": "นายเรือง ตะเคียนเกลี้", "ADD": "46 ถ. ซ. ม.5 บ. ต.ตะเคียนราม อ.ภูสิงห์ จ.ศรีสะเกษ" }, "geometry": { "type": "MultiPolygon", "coordinates": [ [ [ [ 104.152853341264048, 14.62274459407273, 0.0 ], [ 104.152813718622767, 14.621653131024807, 0.0 ], [ 104.152813373042903, 14.620620877275092, 0.0 ], [ 104.152813637195308, 14.620544220325248, 0.0 ], [ 104.152494111591736, 14.619847529394439, 0.0 ], [ 104.152011101680458, 14.619982661226514, 0.0 ], [ 104.152399623750256, 14.622733670221214, 0.0 ], [ 104.152853341264048, 14.62274459407273, 0.0 ] ] ] ] } },
{ "type": "Feature", "properties": { "Plang": "18", "Rawang": "512", "Rai": 7.0, "NGan": 2.0, "Wa": 37.0, "CardID": "3330500350746", "Name": "นายบุญยศ สุดดี", "ADD": "7 ถ. ซ. ม.12 บ.ตาโสม ต.ตะเคียนราม อ.ภูสิงห์ จ.ศรีสะเกษ" }, "geometry": { "type": "MultiPolygon", "coordinates": [ [ [ [ 104.152399623750256, 14.622733670221214, 0.0 ], [ 104.152011101680458, 14.619982661226514, 0.0 ], [ 104.151940701487689, 14.619997188394395, 0.0 ], [ 104.151524529556212, 14.620095393316323, 0.0 ], [ 104.151892303197215, 14.62138416404655, 0.0 ], [ 104.152037204512837, 14.622744587699044, 0.0 ], [ 104.152399623750256, 14.622733670221214, 0.0 ] ] ] ] } },
{ "type": "Feature", "properties": { "Plang": "19", "Rawang": "512", "Rai": 6.0, "NGan": 3.0, "Wa": 9.0, "CardID": "3330500222187", "Name": "นางสุวิน บุตะเคียน", "ADD": "19 ถ. ซ. ม.5 บ. ต.ตะเคียนราม อ.ภูสิงห์ จ.ศรีสะเกษ" }, "geometry": { "type": "MultiPolygon", "coordinates": [ [ [ [ 104.152006393028515, 14.622757617363941, 0.0 ], [ 104.152037204512837, 14.622744587699044, 0.0 ], [ 104.151892303197215, 14.62138416404655, 0.0 ], [ 104.151336653578767, 14.621360729854572, 0.0 ], [ 104.15140725966981, 14.622923247181221, 0.0 ], [ 104.152006393028515, 14.622757617363941, 0.0 ] ] ] ] } },
{ "type": "Feature", "properties": { "Plang": "20", "Rawang": "512", "Rai": 5.0, "NGan": 3.0, "Wa": 69.0, "CardID": "0000000000000", "Name": "นางรมย์ บุตะเคียน", "ADD": "77 ถ. ซ. ม.5 บ. ต.ตะเคียนราม อ.ภูสิงห์ จ.ศรีสะเกษ" }, "geometry": { "type": "MultiPolygon", "coordinates": [ [ [ [ 104.151892303197215, 14.62138416404655, 0.0 ], [ 104.151524529556212, 14.620095393316323, 0.0 ], [ 104.151502125194796, 14.620062980536444, 0.0 ], [ 104.151060162903818, 14.620123271335572, 0.0 ], [ 104.151121974816917, 14.621257640250901, 0.0 ], [ 104.151319859484857, 14.621253843468047, 0.0 ], [ 104.151336653578767, 14.621360729854572, 0.0 ], [ 104.151892303197215, 14.62138416404655, 0.0 ] ] ] ] } },
{ "type": "Feature", "properties": { "Plang": "21", "Rawang": "512", "Rai": 7.0, "NGan": 0.0, "Wa": 40.0, "CardID": "3330501287843", "Name": "นายตุ้ม ใจดี", "ADD": "104 ถ. ซ. ม.5 บ.ระเบ๊าะ ต.ตะเคียนราม อ.ภูสิงห์ จ.ศรีสะเกษ" }, "geometry": { "type": "MultiPolygon", "coordinates": [ [ [ [ 104.15140725966981, 14.622923247181221, 0.0 ], [ 104.151336653578767, 14.621360729854572, 0.0 ], [ 104.151319859484857, 14.621253843468047, 0.0 ], [ 104.151121974816917, 14.621257640250901, 0.0 ], [ 104.151060162903818, 14.620123271335572, 0.0 ], [ 104.150698435101631, 14.620184113234863, 0.0 ], [ 104.151127603932267, 14.62292788108587, 0.0 ], [ 104.15140725966981, 14.622923247181221, 0.0 ] ] ] ] } },
{ "type": "Feature", "properties": { "Plang": "23", "Rawang": "512", "Rai": 11.0, "NGan": 2.0, "Wa": 88.0, "CardID": "3330500350720", "Name": "นายปัญญา สุดดี", "ADD": "93 ถ. ซ. ม.3 บ. ต.ห้วยตึ๊กชู อ.ภูสิงห์ จ.ศรีสะเกษ" }, "geometry": { "type": "MultiPolygon", "coordinates": [ [ [ [ 104.148460620808052, 14.62138436056294, 0.0 ], [ 104.148438633821854, 14.622134203044215, 0.0 ], [ 104.149505552328122, 14.622048524766651, 0.0 ], [ 104.150549915967446, 14.621979123073912, 0.0 ], [ 104.150370353864446, 14.621202616575388, 0.0 ], [ 104.148460620808052, 14.62138436056294, 0.0 ] ] ] ] } },
{ "type": "Feature", "properties": { "Plang": "25", "Rawang": "512", "Rai": 13.0, "NGan": 2.0, "Wa": 26.0, "CardID": "0000000000000", "Name": "นายเวียง แพงตา", "ADD": "11 ถ. ซ. ม.5 บ.ใหม่ ต.ตะเคียนราม อ.ภูสิงห์ จ.ศรีสะเกษ" }, "geometry": { "type": "MultiPolygon", "coordinates": [ [ [ [ 104.150698435101631, 14.620184113234863, 0.0 ], [ 104.151060162903818, 14.620123271335572, 0.0 ], [ 104.151502125194796, 14.620062980536444, 0.0 ], [ 104.151357586248182, 14.619448790200998, 0.0 ], [ 104.148465484273999, 14.619821342863268, 0.0 ], [ 104.148497875136741, 14.619966337839298, 0.0 ], [ 104.148651546190322, 14.620309190339743, 0.0 ], [ 104.148727211749417, 14.620282212296646, 0.0 ], [ 104.148837933296107, 14.620330013872913, 0.0 ], [ 104.15026318603671, 14.620257484012269, 0.0 ], [ 104.150698435101631, 14.620184113234863, 0.0 ] ] ] ] } },
{ "type": "Feature", "properties": { "Plang": "26", "Rawang": "512", "Rai": 13.0, "NGan": 0.0, "Wa": 61.0, "CardID": "3330500218066", "Name": "นางสนุน ตะเคียนเกลี้ยง", "ADD": "09 ถ. ซ. ม.5 บ. ต.ตะเคียนราม อ.ภูสิงห์ จ.ศรีสะเกษ" }, "geometry": { "type": "MultiPolygon", "coordinates": [ [ [ [ 104.148405907722349, 14.619098454941172, 0.0 ], [ 104.148410830578442, 14.619181676750451, 0.0 ], [ 104.148436645243379, 14.619714592178848, 0.0 ], [ 104.148465484273999, 14.619821342863268, 0.0 ], [ 104.151357586248182, 14.619448790200998, 0.0 ], [ 104.15129077192644, 14.618965839752487, 0.0 ], [ 104.148405907722349, 14.619098454941172, 0.0 ] ] ] ] } },
{ "type": "Feature", "properties": { "Plang": "27", "Rawang": "512", "Rai": 7.0, "NGan": 3.0, "Wa": 26.0, "CardID": "3330500235203", "Name": "นางสาวธัญญรัตน์ ตะเคียนเกลี้ยง", "ADD": "72 ถ. ซ. ม.09 บ. ต.ตะเคียนราม อ.ภูสิงห์ จ.ศรีสะเกษ" }, "geometry": { "type": "MultiPolygon", "coordinates": [ [ [ [ 104.148389664399403, 14.61873178604734, 0.0 ], [ 104.148405907722349, 14.619098454941172, 0.0 ], [ 104.15129077192644, 14.618965839752487, 0.0 ], [ 104.151230292796399, 14.618626507081558, 0.0 ], [ 104.148389664399403, 14.61873178604734, 0.0 ] ] ] ] } },
{ "type": "Feature", "properties": { "Plang": "33", "Rawang": "512", "Rai": 16.0, "NGan": 1.0, "Wa": 42.0, "CardID": "3330500218007", "Name": "นายสุมิน ตะเคียนเกลี้ยง", "ADD": "62 ถ. ซ. ม.5 บ. ต.ตะเคียนราม อ.ภูสิงห์ จ.ศรีสะเกษ" }, "geometry": { "type": "MultiPolygon", "coordinates": [ [ [ [ 104.156535754484935, 14.61938275643533, 0.0 ], [ 104.15651038358402, 14.619347022127231, 0.0 ], [ 104.153567794602282, 14.61962187740197, 0.0 ], [ 104.15380033504772, 14.620392958490102, 0.0 ], [ 104.156548418820833, 14.620074181847448, 0.0 ], [ 104.156548808553481, 14.619736251972409, 0.0 ], [ 104.156535754484935, 14.61938275643533, 0.0 ] ] ] ] } },
{ "type": "Feature", "properties": { "Plang": "37", "Rawang": "512", "Rai": 8.0, "NGan": 0.0, "Wa": 93.0, "CardID": "3330500217558", "Name": "นายบุญศรี ตะเคียนเกลี้ยง", "ADD": "70 ถ. ซ. ม.5 บ.ระเบาะ ต.ตะเคียนราม อ.ภูสิงห์ จ.ศรีสะเกษ" }, "geometry": { "type": "MultiPolygon", "coordinates": [ [ [ [ 104.152813718622767, 14.621653131024807, 0.0 ], [ 104.15405428821893, 14.621260893397501, 0.0 ], [ 104.154036896457981, 14.621156907322185, 0.0 ], [ 104.153820020247636, 14.620435986540409, 0.0 ], [ 104.152813373042903, 14.620620877275092, 0.0 ], [ 104.152813718622767, 14.621653131024807, 0.0 ] ] ] ] } },
{ "type": "Feature", "properties": { "Plang": "38", "Rawang": "512", "Rai": 11.0, "NGan": 3.0, "Wa": 86.0, "CardID": "3330500220001", "Name": "นายคุด ตะเคียนเกลี้ยง", "ADD": "69 ถ. ซ. ม.5 บ. ต.ตะเคียนราม อ.ภูสิงห์ จ.ศรีสะเกษ" }, "geometry": { "type": "MultiPolygon", "coordinates": [ [ [ [ 104.154118368117153, 14.621587779806623, 0.0 ], [ 104.15405428821893, 14.621260893397501, 0.0 ], [ 104.152813718622767, 14.621653131024807, 0.0 ], [ 104.152853341264048, 14.62274459407273, 0.0 ], [ 104.15386573200955, 14.622533873215691, 0.0 ], [ 104.154299299171299, 14.622460068659812, 0.0 ], [ 104.154224228582891, 14.621900289895899, 0.0 ], [ 104.154118368117153, 14.621587779806623, 0.0 ] ] ] ] } },
{ "type": "Feature", "properties": { "Plang": "1", "Rawang": "522", "Rai": 4.0, "NGan": 3.0, "Wa": 95.0, "CardID": "3330501228421", "Name": "นางสาวกัลยา รัตนขันธ์", "ADD": "56 ถ. ซ. ม.7 บ. ต.ห้วยเหนือ อ.ขุขันธ์ จ.ศรีสะเกษ" }, "geometry": { "type": "MultiPolygon", "coordinates": [ [ [ [ 104.156603594372754, 14.621778791126214, 0.0 ], [ 104.156426246064058, 14.621808808514697, 0.0 ], [ 104.156339551080222, 14.623252524323112, 0.0 ], [ 104.156385214648765, 14.623911831133469, 0.0 ], [ 104.156403605541939, 14.624494959371987, 0.0 ], [ 104.156635158861491, 14.624476259209814, 0.0 ], [ 104.156603594372754, 14.621778791126214, 0.0 ] ] ] ] } },
{ "type": "Feature", "properties": { "Plang": "2", "Rawang": "522", "Rai": 21.0, "NGan": 1.0, "Wa": 72.0, "CardID": "3330500351882", "Name": "นายเชย บุตะเคียน", "ADD": "14 ถ. ซ. ม.7 บ. ต.ตะเคียนราม อ.ภูสิงห์ จ.ศรีสะเกษ" }, "geometry": { "type": "MultiPolygon", "coordinates": [ [ [ [ 104.160795908484133, 14.623416822596242, 0.0 ], [ 104.160788897103728, 14.622405656970344, 0.0 ], [ 104.160095740447801, 14.622416423194366, 0.0 ], [ 104.159893386427555, 14.622441487045776, 0.0 ], [ 104.159862011222259, 14.622467106169676, 0.0 ], [ 104.159665143691441, 14.622489881300584, 0.0 ], [ 104.158346555662618, 14.622158541487723, 0.0 ], [ 104.158362009941769, 14.62210194585265, 0.0 ], [ 104.157973868210675, 14.62198970271189, 0.0 ], [ 104.158080303891879, 14.623366887296262, 0.0 ], [ 104.159442286836281, 14.623384622722204, 0.0 ], [ 104.160795908484133, 14.623416822596242, 0.0 ] ] ] ] } },
{ "type": "Feature", "properties": { "Plang": "3", "Rawang": "522", "Rai": 35.0, "NGan": 2.0, "Wa": 97.0, "CardID": "3330500355357", "Name": "นายสั้น แก้วคำ", "ADD": "25 ถ. ซ. ม.10 บ. ต.ตะเคียนราม อ.ภูสิงห์ จ.ศรีสะเกษ" }, "geometry": { "type": "MultiPolygon", "coordinates": [ [ [ [ 104.161170792718465, 14.622401683359628, 0.0 ], [ 104.161222949067934, 14.621740596784946, 0.0 ], [ 104.161216587540522, 14.621460129075576, 0.0 ], [ 104.161223102084278, 14.621161583993221, 0.0 ], [ 104.161242708097774, 14.620740183619478, 0.0 ], [ 104.160605472901409, 14.620683254442136, 0.0 ], [ 104.159251839896285, 14.62062692197841, 0.0 ], [ 104.158522595354626, 14.620556311191546, 0.0 ], [ 104.158362009941769, 14.62210194585265, 0.0 ], [ 104.158346555662618, 14.622158541487723, 0.0 ], [ 104.159665143691441, 14.622489881300584, 0.0 ], [ 104.159862011222259, 14.622467106169676, 0.0 ], [ 104.159893386427555, 14.622441487045776, 0.0 ], [ 104.160095740447801, 14.622416423194366, 0.0 ], [ 104.160788897103728, 14.622405656970344, 0.0 ], [ 104.161170792718465, 14.622401683359628, 0.0 ] ] ] ] } },
{ "type": "Feature", "properties": { "Plang": "4", "Rawang": "522", "Rai": 18.0, "NGan": 1.0, "Wa": 72.0, "CardID": "3330500354148", "Name": "นางเสถียร กิริยานนท์", "ADD": "4 ถ. ซ. ม.10 บ. ต.ตะเคียนราม อ.ภูสิงห์ จ.ศรีสะเกษ" }, "geometry": { "type": "MultiPolygon", "coordinates": [ [ [ [ 104.157187399349553, 14.621753259674172, 0.0 ], [ 104.157380547847623, 14.621767047230881, 0.0 ], [ 104.157561657941983, 14.621759944718931, 0.0 ], [ 104.157946081816917, 14.621774595641906, 0.0 ], [ 104.157973868210675, 14.62198970271189, 0.0 ], [ 104.158362009941769, 14.62210194585265, 0.0 ], [ 104.158522595354626, 14.620556311191546, 0.0 ], [ 104.159251839896285, 14.62062692197841, 0.0 ], [ 104.15929681773261, 14.620186711805715, 0.0 ], [ 104.159255016056463, 14.620219329685753, 0.0 ], [ 104.158703190275858, 14.620137405372388, 0.0 ], [ 104.157449159530088, 14.62011050655153, 0.0 ], [ 104.157250757052196, 14.620917280701885, 0.0 ], [ 104.157034143912739, 14.621721365189083, 0.0 ], [ 104.157187399349553, 14.621753259674172, 0.0 ] ] ] ] } },
{ "type": "Feature", "properties": { "Plang": "16", "Rawang": "522", "Rai": 8.0, "NGan": 1.0, "Wa": 66.0, "CardID": "3330500218406", "Name": "นางสาวสุพัฒน์ เทาศิริ", "ADD": "68 ถ. ซ. ม.5 บ.ระเบ๊าะ ต.ตะเคียนราม อ.ภูสิงห์ จ.ศรีสะเกษ" }, "geometry": { "type": "MultiPolygon", "coordinates": [ [ [ [ 104.154118368117153, 14.621587779806623, 0.0 ], [ 104.157084345750619, 14.621310669827324, 0.0 ], [ 104.157195810633525, 14.620894958666208, 0.0 ], [ 104.15405428821893, 14.621260893397501, 0.0 ], [ 104.154118368117153, 14.621587779806623, 0.0 ] ] ] ] } },
{ "type": "Feature", "properties": { "Plang": "6", "Rawang": "522", "Rai": 22.0, "NGan": 0.0, "Wa": 93.0, "CardID": "3330500218465", "Name": "นางปริด ตะเคียนเกลี้ยง", "ADD": "16 ถ. ซ. ม.05 บ. ต.ตะเคียนราม อ.ขุขันธ์ จ.ศรีสะเกษ" }, "geometry": { "type": "MultiPolygon", "coordinates": [ [ [ [ 104.15380033504772, 14.620392958490102, 0.0 ], [ 104.153820020247636, 14.620435986540409, 0.0 ], [ 104.154036896457981, 14.621156907322185, 0.0 ], [ 104.15405428821893, 14.621260893397501, 0.0 ], [ 104.157195810633525, 14.620894958666208, 0.0 ], [ 104.157383767191305, 14.620077759570846, 0.0 ], [ 104.156548418820833, 14.620074181847448, 0.0 ], [ 104.15380033504772, 14.620392958490102, 0.0 ] ] ] ] } },
{ "type": "Feature", "properties": { "Plang": "7", "Rawang": "522", "Rai": 6.0, "NGan": 1.0, "Wa": 38.0, "CardID": "3330500352854", "Name": "นายปุม สมหวัง", "ADD": "16 ถ. ซ. ม.10 บ. ต.ตะเคียนราม อ.ภูสิงห์ จ.ศรีสะเกษ" }, "geometry": { "type": "MultiPolygon", "coordinates": [ [ [ [ 104.156548808553481, 14.619736251972409, 0.0 ], [ 104.156548418820833, 14.620074181847448, 0.0 ], [ 104.157383767191305, 14.620077759570846, 0.0 ], [ 104.15875898100343, 14.620103419142399, 0.0 ], [ 104.159239833159774, 14.620168075192165, 0.0 ], [ 104.159300162852233, 14.619855050568447, 0.0 ], [ 104.156548808553481, 14.619736251972409, 0.0 ] ] ] ] } },
{ "type": "Feature", "properties": { "Plang": "8", "Rawang": "522", "Rai": 6.0, "NGan": 1.0, "Wa": 67.0, "CardID": "3330500352871", "Name": "นายจันศรี สมหวัง", "ADD": "8 ถ. ซ. ม.10 บ. ต.ตะเคียนราม อ.ภูสิงห์ จ.ศรีสะเกษ" }, "geometry": { "type": "MultiPolygon", "coordinates": [ [ [ [ 104.159335629725874, 14.619572545373433, 0.0 ], [ 104.156535754484935, 14.61938275643533, 0.0 ], [ 104.156548808553481, 14.619736251972409, 0.0 ], [ 104.159300162852233, 14.619855050568447, 0.0 ], [ 104.159335629725874, 14.619572545373433, 0.0 ] ] ] ] } },
{ "type": "Feature", "properties": { "Plang": "9", "Rawang": "522", "Rai": 6.0, "NGan": 1.0, "Wa": 83.0, "CardID": "1330500115236", "Name": "นายสมัย สมหวัง", "ADD": "22 ถ. ซ. ม.4 บ.ขยอง ต.ตะเคียนราม อ.ภูสิงห์ จ.ศรีสะเกษ" }, "geometry": { "type": "MultiPolygon", "coordinates": [ [ [ [ 104.159401259645207, 14.619293266044075, 0.0 ], [ 104.157990845539047, 14.619163684248674, 0.0 ], [ 104.156557088347554, 14.619102668297849, 0.0 ], [ 104.15651485806687, 14.619194605006928, 0.0 ], [ 104.15651038358402, 14.619347022127231, 0.0 ], [ 104.156535754484935, 14.61938275643533, 0.0 ], [ 104.159335629725874, 14.619572545373433, 0.0 ], [ 104.159401259645207, 14.619293266044075, 0.0 ] ] ] ] } },
{ "type": "Feature", "properties": { "Plang": "11", "Rawang": "522", "Rai": 4.0, "NGan": 1.0, "Wa": 0.0, "CardID": "3330501228375", "Name": "นายสุพิศ รัตนขันธ์", "ADD": "144 ถ. ซ. ม.3 บ.โคกระเวียง ต.ขุนหาญ อ.ขุนหาญ จ.ศรีสะเกษ" }, "geometry": { "type": "MultiPolygon", "coordinates": [ [ [ [ 104.156603594372754, 14.621778791126214, 0.0 ], [ 104.156635158861491, 14.624476259209814, 0.0 ], [ 104.156873598530879, 14.624459680720371, 0.0 ], [ 104.156794485747426, 14.621760274247841, 0.0 ], [ 104.156603594372754, 14.621778791126214, 0.0 ] ] ] ] } },
{ "type": "Feature", "properties": { "Plang": "12", "Rawang": "522", "Rai": 4.0, "NGan": 0.0, "Wa": 95.0, "CardID": "0000000000000", "Name": "นายสุพล รัตนขันธ์", "ADD": "44/1 ถ. ซ. ม.6 บ. ต.สะเดาใหญ่ อ.ขุขันธ์ จ.ศรีสะเกษ" }, "geometry": { "type": "MultiPolygon", "coordinates": [ [ [ [ 104.15699162961667, 14.621711903384725, 0.0 ], [ 104.156794485747426, 14.621760274247841, 0.0 ], [ 104.156873598530879, 14.624459680720371, 0.0 ], [ 104.1570750246606, 14.624430889081529, 0.0 ], [ 104.15699162961667, 14.621711903384725, 0.0 ] ] ] ] } },
{ "type": "Feature", "properties": { "Plang": "13", "Rawang": "522", "Rai": 4.0, "NGan": 1.0, "Wa": 19.0, "CardID": "0000000000000", "Name": "นางเล็ก รัตนขันธ์", "ADD": "56 ถ. ซ. ม.7 บ. ต.ห้วยเหนือ อ.ขุขันธ์ จ.ศรีสะเกษ" }, "geometry": { "type": "MultiPolygon", "coordinates": [ [ [ [ 104.157034143912739, 14.621721365189083, 0.0 ], [ 104.15699162961667, 14.621711903384725, 0.0 ], [ 104.1570750246606, 14.624430889081529, 0.0 ], [ 104.157310153769856, 14.624408758052143, 0.0 ], [ 104.157187399349553, 14.621753259674172, 0.0 ], [ 104.157034143912739, 14.621721365189083, 0.0 ] ] ] ] } },
{ "type": "Feature", "properties": { "Plang": "14", "Rawang": "522", "Rai": 3.0, "NGan": 3.0, "Wa": 46.0, "CardID": "3330501228421", "Name": "นางสาวกัลยา รัตนขันธ์", "ADD": "56 ถ. ซ. ม.7 บ. ต.ห้วยเหนือ อ.ขุขันธ์ จ.ศรีสะเกษ" }, "geometry": { "type": "MultiPolygon", "coordinates": [ [ [ [ 104.157310153769856, 14.624408758052143, 0.0 ], [ 104.157539638963172, 14.624373475406113, 0.0 ], [ 104.157380547847623, 14.621767047230881, 0.0 ], [ 104.157187399349553, 14.621753259674172, 0.0 ], [ 104.157310153769856, 14.624408758052143, 0.0 ] ] ] ] } },
{ "type": "Feature", "properties": { "Plang": "15", "Rawang": "522", "Rai": 11.0, "NGan": 3.0, "Wa": 32.0, "CardID": "3330500355659", "Name": "นางกรรณิกา ศรีลาชัย", "ADD": "01 ถ. ซ. ม.10 บ.อุดมพัฒนา ต.ตะเคียนราม อ.ขุขันธ์ จ.ศรีสะเกษ" }, "geometry": { "type": "MultiPolygon", "coordinates": [ [ [ [ 104.157539638963172, 14.624373475406113, 0.0 ], [ 104.158188767212764, 14.624274501441189, 0.0 ], [ 104.158118936536155, 14.623493189654626, 0.0 ], [ 104.158080303891879, 14.623366887296262, 0.0 ], [ 104.157973868210675, 14.62198970271189, 0.0 ], [ 104.157946081816917, 14.621774595641906, 0.0 ], [ 104.157561657941983, 14.621759944718931, 0.0 ], [ 104.157380547847623, 14.621767047230881, 0.0 ], [ 104.157539638963172, 14.624373475406113, 0.0 ] ] ] ] } },
{ "type": "Feature", "properties": { "Plang": "3", "Rawang": "528", "Rai": 10.0, "NGan": 0.0, "Wa": 88.0, "CardID": "3330500352391", "Name": "นางศร ตะเคียนราม", "ADD": "8/1 ถ. ซ. ม.4 บ. ต.ตะเคียนราม อ.ภูสิงห์ จ.ศรีสะเกษ" }, "geometry": { "type": "MultiPolygon", "coordinates": [ [ [ [ 104.160372355087048, 14.618191272537885, 0.0 ], [ 104.159674783621796, 14.618025950251138, 0.0 ], [ 104.159385344347868, 14.61972628663921, 0.0 ], [ 104.160306570684128, 14.619710498241561, 0.0 ], [ 104.160422886284238, 14.618343392386731, 0.0 ], [ 104.1604462200131, 14.61819744912715, 0.0 ], [ 104.160372355087048, 14.618191272537885, 0.0 ] ] ] ] } },
{ "type": "Feature", "properties": { "Plang": "25", "Rawang": "520", "Rai": 2.0, "NGan": 1.0, "Wa": 80.0, "CardID": "3330500199134", "Name": "นายเพ็ง ธรรมพร", "ADD": "134 ถ. ซ. ม.6 บ. ต.ห้วยใต้ อ.ขุขันธ์ จ.ศรีสะเกษ" }, "geometry": { "type": "MultiPolygon", "coordinates": [ [ [ [ 104.157698292606469, 14.627580388742826, 0.0 ], [ 104.157748761453618, 14.627062234941253, 0.0 ], [ 104.156972521635822, 14.62715260084585, 0.0 ], [ 104.156945431228763, 14.627487260399466, 0.0 ], [ 104.157531180184861, 14.627561730756451, 0.0 ], [ 104.157698292606469, 14.627580388742826, 0.0 ] ] ] ] } },
{ "type": "Feature", "properties": { "Plang": "21", "Rawang": "523", "Rai": 3.0, "NGan": 3.0, "Wa": 45.0, "CardID": "3330500352544", "Name": "นายสมด ตะเคียนราม", "ADD": "80 ถ. ซ. ม.6 บ.กระโดน ต.ตะเคียนราม อ.ภูสิงห์ จ.ศรีสะเกษ" }, "geometry": { "type": "MultiPolygon", "coordinates": [ [ [ [ 104.152089436639613, 14.613785831849723, 0.0 ], [ 104.153210464519489, 14.613612318388347, 0.0 ], [ 104.153216491860363, 14.613426458168762, 0.0 ], [ 104.153162289887916, 14.613149665524324, 0.0 ], [ 104.152060576621992, 14.613308971568356, 0.0 ], [ 104.152041759815361, 14.613428717841643, 0.0 ], [ 104.152089436639613, 14.613785831849723, 0.0 ] ] ] ] } },
{ "type": "Feature", "properties": { "Plang": "22", "Rawang": "523", "Rai": 3.0, "NGan": 2.0, "Wa": 18.0, "CardID": "3330500252595", "Name": "นายสมใจ ตะเคียนราม", "ADD": "10 ถ. ซ. ม.6 บ.กระโดน ต.ตะเคียนราม อ.ภูสิงห์ จ.ศรีสะเกษ" }, "geometry": { "type": "MultiPolygon", "coordinates": [ [ [ [ 104.153162289887916, 14.613149665524324, 0.0 ], [ 104.153065492984567, 14.61272807951668, 0.0 ], [ 104.152071546120993, 14.612844746666232, 0.0 ], [ 104.152060576621992, 14.613308971568356, 0.0 ], [ 104.153162289887916, 14.613149665524324, 0.0 ] ] ] ] } },
{ "type": "Feature", "properties": { "Plang": "23", "Rawang": "523", "Rai": 3.0, "NGan": 2.0, "Wa": 65.0, "CardID": "3330500352552", "Name": "นายสุบรรณ ตะเคียนราม", "ADD": "24 ถ. ซ. ม.7 บ.เบาะ ต.ตะเคียนราม อ.ภูสิงห์ จ.ศรีสะเกษ" }, "geometry": { "type": "MultiPolygon", "coordinates": [ [ [ [ 104.152093754626975, 14.612290625641728, 0.0 ], [ 104.152071546120993, 14.612844746666232, 0.0 ], [ 104.153065492984567, 14.61272807951668, 0.0 ], [ 104.152984073465504, 14.612351992376917, 0.0 ], [ 104.152947695064569, 14.61221518051984, 0.0 ], [ 104.152093754626975, 14.612290625641728, 0.0 ] ] ] ] } },
{ "type": "Feature", "properties": { "Plang": "6", "Rawang": "526", "Rai": 17.0, "NGan": 0.0, "Wa": 17.0, "CardID": "3330500354946", "Name": "นายนิด ตะเคียนเกลี้ยง", "ADD": "46 ถ. ซ. ม.4 บ. ต.ตะเคียนราม อ.ภูสิงห์ จ.ศรีสะเกษ" }, "geometry": { "type": "MultiPolygon", "coordinates": [ [ [ [ 104.157293306038795, 14.613581739039319, 0.0 ], [ 104.154030238221083, 14.614470440472733, 0.0 ], [ 104.154114054839269, 14.614995137299294, 0.0 ], [ 104.156168849528584, 14.614633850110756, 0.0 ], [ 104.156642039004694, 14.614488498570097, 0.0 ], [ 104.157202533268531, 14.614383938247411, 0.0 ], [ 104.157292079414006, 14.614348002504252, 0.0 ], [ 104.15753580161423, 14.614275112499968, 0.0 ], [ 104.157293306038795, 14.613581739039319, 0.0 ] ] ] ] } },
{ "type": "Feature", "properties": { "Plang": "7", "Rawang": "526", "Rai": 10.0, "NGan": 0.0, "Wa": 2.0, "CardID": "3330500352633", "Name": "นางสาวภิรุม ธรรมพร", "ADD": "11 ถ. ซ. ม.4 บ.ขยอง ต.ตะเคียนราม อ.ภูสิงห์ จ.ศรีสะเกษ" }, "geometry": { "type": "MultiPolygon", "coordinates": [ [ [ [ 104.157293306038795, 14.613581739039319, 0.0 ], [ 104.157249084703764, 14.613263082632235, 0.0 ], [ 104.15543249727628, 14.613714270326211, 0.0 ], [ 104.153921621151227, 14.613966004985423, 0.0 ], [ 104.153995870374345, 14.614362427024407, 0.0 ], [ 104.154030238221083, 14.614470440472733, 0.0 ], [ 104.157293306038795, 14.613581739039319, 0.0 ] ] ] ] } },
{ "type": "Feature", "properties": { "Plang": "9", "Rawang": "526", "Rai": 22.0, "NGan": 0.0, "Wa": 0.0, "CardID": "3330500355276", "Name": "นางประดิษฐ์ ตะเคียนเกลี้ยง", "ADD": "33/1 ถ. ซ. ม.4 บ.ขยอง ต.ตะเคียนราม อ.ภูสิงห์ จ.ศรีสะเกษ" }, "geometry": { "type": "MultiPolygon", "coordinates": [ [ [ [ 104.153429782877481, 14.610960065343086, 0.0 ], [ 104.153936157457451, 14.613214312605317, 0.0 ], [ 104.155151575364087, 14.612891975692957, 0.0 ], [ 104.154737003447835, 14.610779550995126, 0.0 ], [ 104.153429782877481, 14.610960065343086, 0.0 ] ] ] ] } },
{ "type": "Feature", "properties": { "Plang": "15", "Rawang": "526", "Rai": 22.0, "NGan": 3.0, "Wa": 62.0, "CardID": "3330500355268", "Name": "นายอุดม ตะเคียนเกลี้ยง", "ADD": "33 ถ. ซ. ม.4 บ.ขยอง ต.ตะเคียนราม อ.ภูสิงห์ จ.ศรีสะเกษ" }, "geometry": { "type": "MultiPolygon", "coordinates": [ [ [ [ 104.152700879332627, 14.61054890767044, 0.0 ], [ 104.152740336654119, 14.610974181158717, 0.0 ], [ 104.155507769788741, 14.610611177070181, 0.0 ], [ 104.15519507340035, 14.610164802648752, 0.0 ], [ 104.155113574862668, 14.610018238204963, 0.0 ], [ 104.154823038796849, 14.609658315870247, 0.0 ], [ 104.154761818454745, 14.609515339311304, 0.0 ], [ 104.154360707020288, 14.609474686716915, 0.0 ], [ 104.154015230330117, 14.609480682387208, 0.0 ], [ 104.15375558113881, 14.60951377782213, 0.0 ], [ 104.153055352626481, 14.609688089222441, 0.0 ], [ 104.152648235408037, 14.609749012488827, 0.0 ], [ 104.152700879332627, 14.61054890767044, 0.0 ] ] ] ] } },
{ "type": "Feature", "properties": { "Plang": "16", "Rawang": "526", "Rai": 19.0, "NGan": 2.0, "Wa": 80.0, "CardID": "3330500356663", "Name": "นายลม พงษ์สุระ", "ADD": "54 ถ. ซ. ม.4 บ.ขยอง ต.ตะเคียนราม อ.ภูสิงห์ จ.ศรีสะเกษ" }, "geometry": { "type": "MultiPolygon", "coordinates": [ [ [ [ 104.151933007399506, 14.609771207642472, 0.0 ], [ 104.152648235408037, 14.609749012488827, 0.0 ], [ 104.153055352626481, 14.609688089222441, 0.0 ], [ 104.153227963053297, 14.607593992125853, 0.0 ], [ 104.152061715510072, 14.607288563125071, 0.0 ], [ 104.151982251611713, 14.608794995026258, 0.0 ], [ 104.151933007399506, 14.609771207642472, 0.0 ] ] ] ] } },
{ "type": "Feature", "properties": { "Plang": "1", "Rawang": "523", "Rai": 9.0, "NGan": 1.0, "Wa": 93.0, "CardID": "3330500215415", "Name": "นางสาววันธนา โทเสริฐ", "ADD": "81 ถ. ซ. ม.5 บ. ต.ตะเคียนราม อ.ภูสิงห์ จ.ศรีสะเกษ" }, "geometry": { "type": "MultiPolygon", "coordinates": [ [ [ [ 104.148411518381579, 14.614524794051308, 0.0 ], [ 104.14776626262956, 14.614655172899807, 0.0 ], [ 104.148148442409536, 14.616599742112399, 0.0 ], [ 104.148154951658611, 14.616646593650758, 0.0 ], [ 104.148737574055076, 14.616634034510426, 0.0 ], [ 104.148411518381579, 14.614524794051308, 0.0 ] ] ] ] } },
{ "type": "Feature", "properties": { "Plang": "2", "Rawang": "523", "Rai": 17.0, "NGan": 2.0, "Wa": 11.0, "CardID": "3330500352129", "Name": "นายทก ปรือปรัง", "ADD": "5 ถ. ซ. ม.4 บ. ต.ตะเคียนราม อ.ภูสิงห์ จ.ศรีสะเกษ" }, "geometry": { "type": "MultiPolygon", "coordinates": [ [ [ [ 104.150369956827433, 14.616421754861209, 0.0 ], [ 104.150185599852506, 14.614849546223583, 0.0 ], [ 104.150045604947394, 14.614812703540688, 0.0 ], [ 104.149430294128848, 14.614654143264326, 0.0 ], [ 104.148966766807447, 14.614571570166122, 0.0 ], [ 104.149148189906086, 14.616635162388899, 0.0 ], [ 104.1503462071245, 14.616656882136677, 0.0 ], [ 104.150369956827433, 14.616421754861209, 0.0 ] ] ] ] } },
{ "type": "Feature", "properties": { "Plang": "3", "Rawang": "523", "Rai": 19.0, "NGan": 3.0, "Wa": 10.0, "CardID": "3330500354946", "Name": "นายผิด ตะเคียนเกลี้ยง", "ADD": "46 ถ. ซ. ม.4 บ. ต.ตะเคียนราม อ.ภูสิงห์ จ.ศรีสะเกษ" }, "geometry": { "type": "MultiPolygon", "coordinates": [ [ [ [ 104.150369956827433, 14.616421754861209, 0.0 ], [ 104.152066447991288, 14.616519621477378, 0.0 ], [ 104.152070654339965, 14.615172251703397, 0.0 ], [ 104.150185599852506, 14.614849546223583, 0.0 ], [ 104.150369956827433, 14.616421754861209, 0.0 ] ] ] ] } },
{ "type": "Feature", "properties": { "Plang": "4", "Rawang": "523", "Rai": 3.0, "NGan": 3.0, "Wa": 17.0, "CardID": "3330500354628", "Name": "นางยัด บุญขาว", "ADD": "97 ถ. ซ. ม.1 บ.ตะเคียนรามตะวัน ต.ตะเคียนราม อ.ภูสิงห์ จ.ศรีสะเกษ" }, "geometry": { "type": "MultiPolygon", "coordinates": [ [ [ [ 104.150089092352644, 14.61339230724097, 0.0 ], [ 104.149678871414551, 14.613384861222404, 0.0 ], [ 104.149235224530756, 14.614570171816327, 0.0 ], [ 104.149441735507367, 14.61460316823119, 0.0 ], [ 104.149665124039686, 14.614659554710572, 0.0 ], [ 104.150089092352644, 14.61339230724097, 0.0 ] ] ] ] } },
{ "type": "Feature", "properties": { "Plang": "5", "Rawang": "523", "Rai": 17.0, "NGan": 3.0, "Wa": 53.0, "CardID": "3330500355110", "Name": "นายทอง ใจศรี", "ADD": "31 ถ. ซ. ม.4 บ.ขยอง ต.ตะเคียนราม อ.ภูสิงห์ จ.ศรีสะเกษ" }, "geometry": { "type": "MultiPolygon", "coordinates": [ [ [ [ 104.150089092352644, 14.61339230724097, 0.0 ], [ 104.150406942821803, 14.61339989152461, 0.0 ], [ 104.150751944263021, 14.613407041505821, 0.0 ], [ 104.151077690081209, 14.613408225327214, 0.0 ], [ 104.151414004637417, 14.613421530180064, 0.0 ], [ 104.151745841691408, 14.613431069922735, 0.0 ], [ 104.152041759815361, 14.613428717841643, 0.0 ], [ 104.152060576621992, 14.613308971568356, 0.0 ], [ 104.152071546120993, 14.612844746666232, 0.0 ], [ 104.152093754626975, 14.612290625641728, 0.0 ], [ 104.150043023938053, 14.612359761132737, 0.0 ], [ 104.149678871414551, 14.613384861222404, 0.0 ], [ 104.150089092352644, 14.61339230724097, 0.0 ] ] ] ] } },
{ "type": "Feature", "properties": { "Plang": "7", "Rawang": "523", "Rai": 42.0, "NGan": 2.0, "Wa": 12.0, "CardID": "3330500354776", "Name": "นางลิ อินทรีย์", "ADD": "28 ถ. ซ. ม.4 บ.ขยอง ต.ตะเคียนราม อ.ภูสิงห์ จ.ศรีสะเกษ" }, "geometry": { "type": "MultiPolygon", "coordinates": [ [ [ [ 104.148507214936018, 14.61238019044408, 0.0 ], [ 104.150043023938053, 14.612359761132737, 0.0 ], [ 104.15020808864243, 14.611125227808612, 0.0 ], [ 104.150141473235536, 14.610579188379095, 0.0 ], [ 104.15016064343412, 14.610035385222284, 0.0 ], [ 104.150120162871005, 14.609711087438207, 0.0 ], [ 104.15012445152685, 14.609582006025576, 0.0 ], [ 104.150344930444021, 14.608791150781251, 0.0 ], [ 104.150354327408834, 14.608725364832322, 0.0 ], [ 104.149898752330088, 14.608768998981695, 0.0 ], [ 104.149369209201282, 14.608681609405716, 0.0 ], [ 104.148720115682835, 14.608706160752288, 0.0 ], [ 104.148686025451013, 14.609164927419934, 0.0 ], [ 104.148507214936018, 14.61238019044408, 0.0 ] ] ] ] } },
{ "type": "Feature", "properties": { "Plang": "9", "Rawang": "523", "Rai": 9.0, "NGan": 3.0, "Wa": 1.0, "CardID": "0000000000000", "Name": "นายมลิน ตะเคียนเกลี้ยง", "ADD": "39 ถ. ซ. ม.5 บ. ต.ตะเคียนราม อ.ขุขันธ์ จ.ศรีสะเกษ" }, "geometry": { "type": "MultiPolygon", "coordinates": [ [ [ [ 104.150141473235536, 14.610579188379095, 0.0 ], [ 104.15020808864243, 14.611125227808612, 0.0 ], [ 104.152716948207143, 14.611044754095317, 0.0 ], [ 104.152740336654119, 14.610974181158717, 0.0 ], [ 104.152700879332627, 14.61054890767044, 0.0 ], [ 104.150141473235536, 14.610579188379095, 0.0 ] ] ] ] } },
{ "type": "Feature", "properties": { "Plang": "10", "Rawang": "523", "Rai": 15.0, "NGan": 1.0, "Wa": 83.0, "CardID": "3330500216136", "Name": "นายสาย ตะเคียนเกลี้ยง", "ADD": "39 ถ. ซ. ม.5 บ.ระเบ๊าะ ต.ตะเคียนราม อ.ภูสิงห์ จ.ศรีสะเกษ" }, "geometry": { "type": "MultiPolygon", "coordinates": [ [ [ [ 104.152700879332627, 14.61054890767044, 0.0 ], [ 104.152648235408037, 14.609749012488827, 0.0 ], [ 104.151933007399506, 14.609771207642472, 0.0 ], [ 104.151636034411894, 14.609774076167822, 0.0 ], [ 104.150120162871005, 14.609711087438207, 0.0 ], [ 104.15016064343412, 14.610035385222284, 0.0 ], [ 104.150141473235536, 14.610579188379095, 0.0 ], [ 104.152700879332627, 14.61054890767044, 0.0 ] ] ] ] } },
{ "type": "Feature", "properties": { "Plang": "11", "Rawang": "523", "Rai": 12.0, "NGan": 1.0, "Wa": 86.0, "CardID": "3330500221806", "Name": "นางสวิน สิงห์ชาติ", "ADD": "32 ถ. ซ. ม.5 บ. ต.ตะเคียนราม อ.ภูสิงห์ จ.ศรีสะเกษ" }, "geometry": { "type": "MultiPolygon", "coordinates": [ [ [ [ 104.15012445152685, 14.609582006025576, 0.0 ], [ 104.150120162871005, 14.609711087438207, 0.0 ], [ 104.151636034411894, 14.609774076167822, 0.0 ], [ 104.151933007399506, 14.609771207642472, 0.0 ], [ 104.151982251611713, 14.608794995026258, 0.0 ], [ 104.151375143184637, 14.608779227677864, 0.0 ], [ 104.150344930444021, 14.608791150781251, 0.0 ], [ 104.15012445152685, 14.609582006025576, 0.0 ] ] ] ] } },
{ "type": "Feature", "properties": { "Plang": "4", "Rawang": "530", "Rai": 7.0, "NGan": 0.0, "Wa": 29.0, "CardID": "3330500331091", "Name": "นายลาย บุตะเคียน", "ADD": "61 ถ. ซ. ม.6 บ.กระโดน ต.ตะเคียนราม อ.ภูสิงห์ จ.ศรีสะเกษ" }, "geometry": { "type": "MultiPolygon", "coordinates": [ [ [ [ 104.146796613807737, 14.603906062579007, 0.0 ], [ 104.145128541805633, 14.603562285095768, 0.0 ], [ 104.145097166839236, 14.603943681546948, 0.0 ], [ 104.145832155612936, 14.604214474545419, 0.0 ], [ 104.146147625187012, 14.604404089165653, 0.0 ], [ 104.146667757750322, 14.604727422251708, 0.0 ], [ 104.146796613807737, 14.603906062579007, 0.0 ] ] ] ] } },
{ "type": "Feature", "properties": { "Plang": "5", "Rawang": "530", "Rai": 4.0, "NGan": 0.0, "Wa": 9.0, "CardID": "3330500356558", "Name": "นายภา บุญตะเคียน", "ADD": "52 ถ. ซ. ม.4 บ. ต.ตะเคียนราม อ.ภูสิงห์ จ.ศรีสะเกษ" }, "geometry": { "type": "MultiPolygon", "coordinates": [ [ [ [ 104.145128541805633, 14.603562285095768, 0.0 ], [ 104.1451233218081, 14.603265912413473, 0.0 ], [ 104.144669436301911, 14.603384149590507, 0.0 ], [ 104.144130126552696, 14.603382328864335, 0.0 ], [ 104.143523086253197, 14.603727464912733, 0.0 ], [ 104.145097166839236, 14.603943681546948, 0.0 ], [ 104.145128541805633, 14.603562285095768, 0.0 ] ] ] ] } },
{ "type": "Feature", "properties": { "Plang": "6", "Rawang": "530", "Rai": 6.0, "NGan": 0.0, "Wa": 12.0, "CardID": "3330500234118", "Name": "นางโมลา ศรีลาชัย", "ADD": "25 ถ. ซ. ม.6 บ. ต.ตะเคียนราม อ.ภูสิงห์ จ.ศรีสะเกษ" }, "geometry": { "type": "MultiPolygon", "coordinates": [ [ [ [ 104.145128541805633, 14.603562285095768, 0.0 ], [ 104.146796613807737, 14.603906062579007, 0.0 ], [ 104.146867481712633, 14.603382707703794, 0.0 ], [ 104.145207264069001, 14.603158759028652, 0.0 ], [ 104.1451233218081, 14.603265912413473, 0.0 ], [ 104.145128541805633, 14.603562285095768, 0.0 ] ] ] ] } },
{ "type": "Feature", "properties": { "Plang": "7", "Rawang": "530", "Rai": 5.0, "NGan": 0.0, "Wa": 71.0, "CardID": "3330500234177", "Name": "นายเทียม บุตะเคียน", "ADD": "94 ถ. ซ. ม.6 บ. ต.ตะเคียนราม อ.ภูสิงห์ จ.ศรีสะเกษ" }, "geometry": { "type": "MultiPolygon", "coordinates": [ [ [ [ 104.146929204867845, 14.602932526720025, 0.0 ], [ 104.145298293824652, 14.602787314362381, 0.0 ], [ 104.145207264069001, 14.603158759028652, 0.0 ], [ 104.146867481712633, 14.603382707703794, 0.0 ], [ 104.146929204867845, 14.602932526720025, 0.0 ] ] ] ] } },
{ "type": "Feature", "properties": { "Plang": "8", "Rawang": "530", "Rai": 4.0, "NGan": 3.0, "Wa": 20.0, "CardID": "3330500234169", "Name": "นางสุเบ็ญ ศุภศร", "ADD": "25/1 ถ. ซ. ม.6 บ.กระโดน ต.ตะเคียนราม อ.ภูสิงห์ จ.ศรีสะเกษ" }, "geometry": { "type": "MultiPolygon", "coordinates": [ [ [ [ 104.146938266975042, 14.60289905633746, 0.0 ], [ 104.146966614878039, 14.602537921274756, 0.0 ], [ 104.145324131007669, 14.60239512511143, 0.0 ], [ 104.145298293824652, 14.602787314362381, 0.0 ], [ 104.146929204867845, 14.602932526720025, 0.0 ], [ 104.146938266975042, 14.60289905633746, 0.0 ] ] ] ] } },
{ "type": "Feature", "properties": { "Plang": "9", "Rawang": "530", "Rai": 4.0, "NGan": 3.0, "Wa": 48.0, "CardID": "3330500331032", "Name": "นางเสงี่ยม บุตะเคียน", "ADD": "98 ถ. ซ. ม.6 บ. ต.ตะเคียนราม อ.ภูสิงห์ จ.ศรีสะเกษ" }, "geometry": { "type": "MultiPolygon", "coordinates": [ [ [ [ 104.146966614878039, 14.602537921274756, 0.0 ], [ 104.146996008828808, 14.602149631084266, 0.0 ], [ 104.145345426122091, 14.601993480280544, 0.0 ], [ 104.145324131007669, 14.60239512511143, 0.0 ], [ 104.146966614878039, 14.602537921274756, 0.0 ] ] ] ] } },
{ "type": "Feature", "properties": { "Plang": "14", "Rawang": "530", "Rai": 7.0, "NGan": 2.0, "Wa": 69.0, "CardID": "3330500234118", "Name": "นางโมลา ศรีลาชัย", "ADD": "25 ถ. ซ. ม.6 บ. ต.ตะเคียนราม อ.ภูสิงห์ จ.ศรีสะเกษ" }, "geometry": { "type": "MultiPolygon", "coordinates": [ [ [ [ 104.145324131007669, 14.60239512511143, 0.0 ], [ 104.145345426122091, 14.601993480280544, 0.0 ], [ 104.145371063628545, 14.601601998531629, 0.0 ], [ 104.14540710723648, 14.601202313894952, 0.0 ], [ 104.145421943129335, 14.600821299309347, 0.0 ], [ 104.144957886316917, 14.600780947363752, 0.0 ], [ 104.144434000924633, 14.601447617958669, 0.0 ], [ 104.144816560951142, 14.601925631091056, 0.0 ], [ 104.145198420117723, 14.602535912826678, 0.0 ], [ 104.145298293824652, 14.602787314362381, 0.0 ], [ 104.145324131007669, 14.60239512511143, 0.0 ] ] ] ] } },
{ "type": "Feature", "properties": { "Plang": "1", "Rawang": "525", "Rai": 22.0, "NGan": 1.0, "Wa": 42.0, "CardID": "3330500218040", "Name": "นายแปน ตะเคียนเกลี้ยง", "ADD": "59 ถ. ซ. ม.5 บ. ต.ตะเคียนราม อ.ภูสิงห์ จ.ศรีสะเกษ" }, "geometry": { "type": "MultiPolygon", "coordinates": [ [ [ [ 104.14414815906521, 14.608615996119115, 0.0 ], [ 104.141677934204367, 14.608654093836108, 0.0 ], [ 104.141338047462199, 14.609015439935385, 0.0 ], [ 104.140736490641999, 14.609408284928051, 0.0 ], [ 104.140922837440826, 14.609808392773735, 0.0 ], [ 104.143914218224879, 14.609533922763514, 0.0 ], [ 104.14414815906521, 14.608615996119115, 0.0 ] ] ] ] } },
{ "type": "Feature", "properties": { "Plang": "2", "Rawang": "525", "Rai": 13.0, "NGan": 0.0, "Wa": 53.0, "CardID": "3330501442431", "Name": "นายชยพล กุลวงษ์", "ADD": "62 ถ. ซ. ม.6 บ.นกยูง ต.ห้วยตึ๊กชู อ.ภูสิงห์ จ.ศรีสะเกษ" }, "geometry": { "type": "MultiPolygon", "coordinates": [ [ [ [ 104.144176214420284, 14.60937974206861, 0.0 ], [ 104.144296087873684, 14.610126952055877, 0.0 ], [ 104.146807557289591, 14.610156791135205, 0.0 ], [ 104.146873945485765, 14.609541369295984, 0.0 ], [ 104.144176214420284, 14.60937974206861, 0.0 ] ] ] ] } },
{ "type": "Feature", "properties": { "Plang": "4", "Rawang": "525", "Rai": 24.0, "NGan": 0.0, "Wa": 50.0, "CardID": "3330500356639", "Name": "นายสา ตะเคียนเกลี้ยง", "ADD": "53 ถ. ซ. ม.4 บ. ต.ตะเคียนราม อ.ภูสิงห์ จ.ศรีสะเกษ" }, "geometry": { "type": "MultiPolygon", "coordinates": [ [ [ [ 104.148507214936018, 14.61238019044408, 0.0 ], [ 104.148686025451013, 14.609164927419934, 0.0 ], [ 104.147721558589993, 14.609130894869528, 0.0 ], [ 104.147661344854441, 14.609799450815572, 0.0 ], [ 104.147542089857524, 14.612614932369627, 0.0 ], [ 104.148507214936018, 14.61238019044408, 0.0 ] ] ] ] } },
{ "type": "Feature", "properties": { "Plang": "5", "Rawang": "525", "Rai": 6.0, "NGan": 0.0, "Wa": 17.0, "CardID": "3330500352447", "Name": "นายทองอินทร์ ตะเคียนเกลี้ยง", "ADD": "9 ถ. ซ. ม.4 บ. ต.ตะเคียนราม อ.ภูสิงห์ จ.ศรีสะเกษ" }, "geometry": { "type": "MultiPolygon", "coordinates": [ [ [ [ 104.147721558589993, 14.609130894869528, 0.0 ], [ 104.148686025451013, 14.609164927419934, 0.0 ], [ 104.148720115682835, 14.608706160752288, 0.0 ], [ 104.147022786193332, 14.608619564438467, 0.0 ], [ 104.146952163037326, 14.609103399578276, 0.0 ], [ 104.147721558589993, 14.609130894869528, 0.0 ] ] ] ] } },
{ "type": "Feature", "properties": { "Plang": "6", "Rawang": "525", "Rai": 5.0, "NGan": 3.0, "Wa": 29.0, "CardID": "3330500352064", "Name": "นางจาด ตวงเนตร", "ADD": "66 ถ. ซ. ม.4 บ. ต.ตะเคียนราม อ.ภูสิงห์ จ.ศรีสะเกษ" }, "geometry": { "type": "MultiPolygon", "coordinates": [ [ [ [ 104.144282006791627, 14.609101250214506, 0.0 ], [ 104.144176214420284, 14.60937974206861, 0.0 ], [ 104.146873945485765, 14.609541369295984, 0.0 ], [ 104.146918448561252, 14.609256944221389, 0.0 ], [ 104.144282006791627, 14.609101250214506, 0.0 ] ] ] ] } },
{ "type": "Feature", "properties": { "Plang": "7", "Rawang": "525", "Rai": 10.0, "NGan": 0.0, "Wa": 70.0, "CardID": "3330500356311", "Name": "นางเขมา สกุลเอี่ยม", "ADD": "28 ถ. ซ. ม.10 บ. ต.ตะเคียนราม อ.ภูสิงห์ จ.ศรีสะเกษ" }, "geometry": { "type": "MultiPolygon", "coordinates": [ [ [ [ 104.146918448561252, 14.609256944221389, 0.0 ], [ 104.146952163037326, 14.609103399578276, 0.0 ], [ 104.147022786193332, 14.608619564438467, 0.0 ], [ 104.145111955072238, 14.608606898121145, 0.0 ], [ 104.144812364771667, 14.608604906930145, 0.0 ], [ 104.144581695719211, 14.608926991339224, 0.0 ], [ 104.144229979834236, 14.609024619214086, 0.0 ], [ 104.144282006791627, 14.609101250214506, 0.0 ], [ 104.146918448561252, 14.609256944221389, 0.0 ] ] ] ] } },
{ "type": "Feature", "properties": { "Plang": "9", "Rawang": "525", "Rai": 10.0, "NGan": 3.0, "Wa": 31.0, "CardID": "3330500217396", "Name": "นายบิน ตะเคียนเกลี้ยง", "ADD": "78 ถ. ซ. ม.6 บ. ต.ตะเคียนราม อ.ภูสิงห์ จ.ศรีสะเกษ" }, "geometry": { "type": "MultiPolygon", "coordinates": [ [ [ [ 104.14132576371226, 14.607105493308939, 0.0 ], [ 104.144120454542531, 14.607492937377991, 0.0 ], [ 104.144104956678774, 14.607082279853071, 0.0 ], [ 104.143157606707859, 14.606960680937854, 0.0 ], [ 104.14292339811422, 14.606882817185477, 0.0 ], [ 104.142760083237604, 14.606797588855862, 0.0 ], [ 104.142719453214823, 14.606781339077873, 0.0 ], [ 104.142182313684657, 14.606678361685852, 0.0 ], [ 104.141194658206174, 14.606503025093476, 0.0 ], [ 104.14132576371226, 14.607105493308939, 0.0 ] ] ] ] } },
{ "type": "Feature", "properties": { "Plang": "10", "Rawang": "525", "Rai": 11.0, "NGan": 2.0, "Wa": 35.0, "CardID": "3330500216187", "Name": "นางมานพ วงษ์สุรินทร์", "ADD": "99 ถ. ซ. ม.5 บ.ระเบ๊าะ ต.ตะเคียนราม อ.ภูสิงห์ จ.ศรีสะเกษ" }, "geometry": { "type": "MultiPolygon", "coordinates": [ [ [ [ 104.143157606707859, 14.606960680937854, 0.0 ], [ 104.144104956678774, 14.607082279853071, 0.0 ], [ 104.143868144113128, 14.605387425891619, 0.0 ], [ 104.143650815681895, 14.605423564918159, 0.0 ], [ 104.143659733660172, 14.605856358199766, 0.0 ], [ 104.142784253387916, 14.60582582253193, 0.0 ], [ 104.142760083237604, 14.606797588855862, 0.0 ], [ 104.14292339811422, 14.606882817185477, 0.0 ], [ 104.143157606707859, 14.606960680937854, 0.0 ] ] ] ] } },
{ "type": "Feature", "properties": { "Plang": "13", "Rawang": "525", "Rai": 19.0, "NGan": 0.0, "Wa": 56.0, "CardID": "3330500356710", "Name": "นางอัด แย้มเยาว์", "ADD": "55 ถ. ซ. ม.4 บ. ต.ตะเคียนราม อ.ภูสิงห์ จ.ศรีสะเกษ" }, "geometry": { "type": "MultiPolygon", "coordinates": [ [ [ [ 104.145796046768368, 14.604242334378593, 0.0 ], [ 104.145261619055248, 14.604043291389365, 0.0 ], [ 104.144919232669793, 14.603962590249923, 0.0 ], [ 104.144837874740773, 14.606356057595169, 0.0 ], [ 104.146038670361747, 14.606617590684843, 0.0 ], [ 104.145888463366859, 14.60429457033139, 0.0 ], [ 104.145796046768368, 14.604242334378593, 0.0 ] ] ] ] } },
{ "type": "Feature", "properties": { "Plang": "14", "Rawang": "525", "Rai": 22.0, "NGan": 2.0, "Wa": 86.0, "CardID": "0000000000000", "Name": "นางประดิษฐ์ ตะเคียนเกลี้ยง", "ADD": "33 ถ. ซ. ม.4 บ. ต.ตะเคียนราม อ.ขุขันธ์ จ.ศรีสะเกษ" }, "geometry": { "type": "MultiPolygon", "coordinates": [ [ [ [ 104.144919232669793, 14.603962590249923, 0.0 ], [ 104.143873458219062, 14.603790205600269, 0.0 ], [ 104.143498169330485, 14.60392430629722, 0.0 ], [ 104.142998124174213, 14.604644451424216, 0.0 ], [ 104.143611046290999, 14.605215511841148, 0.0 ], [ 104.144022448709251, 14.605223886375148, 0.0 ], [ 104.144145372572069, 14.605949372098255, 0.0 ], [ 104.144195105647853, 14.60632010336214, 0.0 ], [ 104.144837874740773, 14.606356057595169, 0.0 ], [ 104.144919232669793, 14.603962590249923, 0.0 ] ] ] ] } },
{ "type": "Feature", "properties": { "Plang": "15", "Rawang": "515", "Rai": 4.0, "NGan": 1.0, "Wa": 50.0, "CardID": "0000000000000", "Name": "นางบุญ บัวขันธ์", "ADD": "1 ถ. ซ. ม.5 บ.ตาเม็ง ต.ห้วยตึ๊กชู อ.ภูสิงห์ จ.ศรีสะเกษ" }, "geometry": { "type": "MultiPolygon", "coordinates": [ [ [ [ 104.14360692691281, 14.602053831388401, 0.0 ], [ 104.14361188308267, 14.602254468244725, 0.0 ], [ 104.143798971721395, 14.602274454191912, 0.0 ], [ 104.143909722966541, 14.602505983351918, 0.0 ], [ 104.143974103107055, 14.60279168268664, 0.0 ], [ 104.144001506384441, 14.60300023534432, 0.0 ], [ 104.144479361460199, 14.603101579047102, 0.0 ], [ 104.144371819406757, 14.602333222721017, 0.0 ], [ 104.144590762865889, 14.602309066551504, 0.0 ], [ 104.144290220066807, 14.602012830742588, 0.0 ], [ 104.14360692691281, 14.602053831388401, 0.0 ] ] ] ] } },
{ "type": "Feature", "properties": { "Plang": "16", "Rawang": "515", "Rai": 2.0, "NGan": 1.0, "Wa": 1.0, "CardID": "3330500268039", "Name": "นายวราวุธ บัวขันธ์", "ADD": "164 ถ. ซ. ม.9 บ.ตาตุม ต.ห้วยใต้ อ.ขุขันธ์ จ.ศรีสะเกษ" }, "geometry": { "type": "MultiPolygon", "coordinates": [ [ [ [ 104.144849938347633, 14.603068143596929, 0.0 ], [ 104.14494681296199, 14.602830063819047, 0.0 ], [ 104.144590762865889, 14.602309066551504, 0.0 ], [ 104.144371819406757, 14.602333222721017, 0.0 ], [ 104.144479361460199, 14.603101579047102, 0.0 ], [ 104.144849938347633, 14.603068143596929, 0.0 ] ] ] ] } },
{ "type": "Feature", "properties": { "Plang": "15", "Rawang": "525", "Rai": 12.0, "NGan": 2.0, "Wa": 36.0, "CardID": "3330500217361", "Name": "นายศก ตะเคียนเกลี้ยง", "ADD": "121 ถ. ซ. ม.5 บ.ระเบาะ ต.ตะเคียนราม อ.ภูสิงห์ จ.ศรีสะเกษ" }, "geometry": { "type": "MultiPolygon", "coordinates": [ [ [ [ 104.141516071574841, 14.607955679141153, 0.0 ], [ 104.144127358439107, 14.607917586119905, 0.0 ], [ 104.144120454542531, 14.607492937377991, 0.0 ], [ 104.14132576371226, 14.607105493308939, 0.0 ], [ 104.141516071574841, 14.607955679141153, 0.0 ] ] ] ] } },
{ "type": "Feature", "properties": { "Plang": "16", "Rawang": "525", "Rai": 12.0, "NGan": 3.0, "Wa": 41.0, "CardID": "3330500217353", "Name": "นายบุญ ตะเคียนเกลี้ยง", "ADD": "72 ถ. ซ. ม.5 บ. ต.ตะเคียนราม อ.ภูสิงห์ จ.ศรีสะเกษ" }, "geometry": { "type": "MultiPolygon", "coordinates": [ [ [ [ 104.141677934204367, 14.608654093836108, 0.0 ], [ 104.14414815906521, 14.608615996119115, 0.0 ], [ 104.144127358439107, 14.607917586119905, 0.0 ], [ 104.141516071574841, 14.607955679141153, 0.0 ], [ 104.141677934204367, 14.608654093836108, 0.0 ] ] ] ] } },
{ "type": "Feature", "properties": { "Plang": "14", "Rawang": "524", "Rai": 23.0, "NGan": 3.0, "Wa": 77.0, "CardID": "3330500216489", "Name": "นางมล ตะเคียนเกลี้ยง", "ADD": "53 ถ. ซ. ม.5 บ. ต.ตะเคียนราม อ.ภูสิงห์ จ.ศรีสะเกษ" }, "geometry": { "type": "MultiPolygon", "coordinates": [ [ [ [ 104.140922837440826, 14.609808392773735, 0.0 ], [ 104.141570259744228, 14.61029659308605, 0.0 ], [ 104.14189922102436, 14.610411212136725, 0.0 ], [ 104.142192586923116, 14.611101627023301, 0.0 ], [ 104.143923359357672, 14.61090856143934, 0.0 ], [ 104.144098921747243, 14.610697215992495, 0.0 ], [ 104.143914218224879, 14.609533922763514, 0.0 ], [ 104.140922837440826, 14.609808392773735, 0.0 ] ] ] ] } },
{ "type": "Feature", "properties": { "Plang": "1", "Rawang": "524", "Rai": 45.0, "NGan": 1.0, "Wa": 36.0, "CardID": "0000000000000", "Name": "นายดี แท่นเพ็ง", "ADD": "58 ถ. ซ. ม.10 บ. ต.ตะเคียนราม อ.ขุขันธ์ จ.ศรีสะเกษ" }, "geometry": { "type": "MultiPolygon", "coordinates": [ [ [ [ 104.146036928315965, 14.616752912489883, 0.0 ], [ 104.145708973100994, 14.614807203257072, 0.0 ], [ 104.143862463720765, 14.615425977580079, 0.0 ], [ 104.143279133662048, 14.615506131187448, 0.0 ], [ 104.142988147920576, 14.615478996418615, 0.0 ], [ 104.142970451327542, 14.615598096829167, 0.0 ], [ 104.141966626643395, 14.616197528105406, 0.0 ], [ 104.141983938203055, 14.616976700659389, 0.0 ], [ 104.1422929523807, 14.61696733318202, 0.0 ], [ 104.143821995794283, 14.617043134671603, 0.0 ], [ 104.144685273907129, 14.616940374178032, 0.0 ], [ 104.146036928315965, 14.616752912489883, 0.0 ] ] ] ] } },
{ "type": "Feature", "properties": { "Plang": "2", "Rawang": "524", "Rai": 6.0, "NGan": 3.0, "Wa": 67.0, "CardID": "3330500356574", "Name": "นายแตะ ตเคียนนเกลี้ยง", "ADD": "47 ถ. ซ. ม.4 บ. ต.ตะเคียนราม อ.ภูสิงห์ จ.ศรีสะเกษ" }, "geometry": { "type": "MultiPolygon", "coordinates": [ [ [ [ 104.142970451327542, 14.615598096829167, 0.0 ], [ 104.142988147920576, 14.615478996418615, 0.0 ], [ 104.143279133662048, 14.615506131187448, 0.0 ], [ 104.143862463720765, 14.615425977580079, 0.0 ], [ 104.142331238261718, 14.614998634352766, 0.0 ], [ 104.142212630435608, 14.615022990696028, 0.0 ], [ 104.142091532155391, 14.615515633159335, 0.0 ], [ 104.141966626643395, 14.616197528105406, 0.0 ], [ 104.142970451327542, 14.615598096829167, 0.0 ] ] ] ] } },
{ "type": "Feature", "properties": { "Plang": "3", "Rawang": "524", "Rai": 27.0, "NGan": 3.0, "Wa": 62.0, "CardID": "3330500355853", "Name": "นายสวิง วันคำ", "ADD": "305 ถ. ซ. ม.14 บ. ต.ตะเคียนราม อ.ภูสิงห์ จ.ศรีสะเกษ" }, "geometry": { "type": "MultiPolygon", "coordinates": [ [ [ [ 104.14114133134521, 14.614412469515216, 0.0 ], [ 104.141175708795004, 14.614819969150997, 0.0 ], [ 104.141708895395908, 14.614778952276183, 0.0 ], [ 104.141835864166652, 14.615071241861342, 0.0 ], [ 104.14205325018149, 14.615050933621651, 0.0 ], [ 104.142120046843317, 14.615039222686121, 0.0 ], [ 104.142212630435608, 14.615022990696028, 0.0 ], [ 104.142331238261718, 14.614998634352766, 0.0 ], [ 104.143862463720765, 14.615425977580079, 0.0 ], [ 104.145708973100994, 14.614807203257072, 0.0 ], [ 104.146905347670511, 14.614714448514549, 0.0 ], [ 104.14682118008507, 14.614331535565411, 0.0 ], [ 104.14114133134521, 14.614412469515216, 0.0 ] ] ] ] } },
{ "type": "Feature", "properties": { "Plang": "4", "Rawang": "524", "Rai": 31.0, "NGan": 0.0, "Wa": 42.0, "CardID": "3330500352447", "Name": "นายทองอินทร์ ตะเคียนเกลี้ยง", "ADD": "9 ถ. ซ. ม.4 บ. ต.ตะเคียนราม อ.ภูสิงห์ จ.ศรีสะเกษ" }, "geometry": { "type": "MultiPolygon", "coordinates": [ [ [ [ 104.14776626262956, 14.614655172899807, 0.0 ], [ 104.147745796601313, 14.614609464662964, 0.0 ], [ 104.146905347670511, 14.614714448514549, 0.0 ], [ 104.145708973100994, 14.614807203257072, 0.0 ], [ 104.146036928315965, 14.616752912489883, 0.0 ], [ 104.146453871716133, 14.616726429354223, 0.0 ], [ 104.147067009937885, 14.616654551533296, 0.0 ], [ 104.147153287405288, 14.616691110987251, 0.0 ], [ 104.147713328646006, 14.616734125979338, 0.0 ], [ 104.148148442409536, 14.616599742112399, 0.0 ], [ 104.14776626262956, 14.614655172899807, 0.0 ] ] ] ] } },
{ "type": "Feature", "properties": { "Plang": "5", "Rawang": "524", "Rai": 12.0, "NGan": 0.0, "Wa": 42.0, "CardID": "3330500351718", "Name": "นายสมใจ วันคำ", "ADD": "5/1 ถ. ซ. ม.4 บ.ขยอม ต.ตะเคียนราม อ.ภูสิงห์ จ.ศรีสะเกษ" }, "geometry": { "type": "MultiPolygon", "coordinates": [ [ [ [ 104.147745796601313, 14.614609464662964, 0.0 ], [ 104.147293699029092, 14.612645096267336, 0.0 ], [ 104.146605616723008, 14.612672629544704, 0.0 ], [ 104.146550244419473, 14.612689157495735, 0.0 ], [ 104.146625112254924, 14.613159287496767, 0.0 ], [ 104.146688543129756, 14.613541977613213, 0.0 ], [ 104.146753813410157, 14.613938054903663, 0.0 ], [ 104.14682118008507, 14.614331535565411, 0.0 ], [ 104.146905347670511, 14.614714448514549, 0.0 ], [ 104.147745796601313, 14.614609464662964, 0.0 ] ] ] ] } },
{ "type": "Feature", "properties": { "Plang": "6", "Rawang": "524", "Rai": 17.0, "NGan": 0.0, "Wa": 72.0, "CardID": "3330500355845", "Name": "นางแอม มะลิพันธ์", "ADD": "41/1 ถ. ซ. ม.4 บ. ต.ตะเคียนราม อ.ภูสิงห์ จ.ศรีสะเกษ" }, "geometry": { "type": "MultiPolygon", "coordinates": [ [ [ [ 104.14114133134521, 14.614412469515216, 0.0 ], [ 104.14682118008507, 14.614331535565411, 0.0 ], [ 104.146753813410157, 14.613938054903663, 0.0 ], [ 104.141148094791703, 14.613971734263464, 0.0 ], [ 104.14114133134521, 14.614412469515216, 0.0 ] ] ] ] } },
{ "type": "Feature", "properties": { "Plang": "7", "Rawang": "524", "Rai": 16.0, "NGan": 1.0, "Wa": 69.0, "CardID": "3330590012001", "Name": "นายจันทร์ วันคำ", "ADD": "26 ถ. ซ. ม.7 บ. ต.ตะเคียนราม อ.ภูสิงห์ จ.ศรีสะเกษ" }, "geometry": { "type": "MultiPolygon", "coordinates": [ [ [ [ 104.141148094791703, 14.613971734263464, 0.0 ], [ 104.146753813410157, 14.613938054903663, 0.0 ], [ 104.146688543129756, 14.613541977613213, 0.0 ], [ 104.141170388545859, 14.613574788516827, 0.0 ], [ 104.141148094791703, 14.613971734263464, 0.0 ] ] ] ] } },
{ "type": "Feature", "properties": { "Plang": "10", "Rawang": "524", "Rai": 16.0, "NGan": 1.0, "Wa": 21.0, "CardID": "0000000000000", "Name": "นางคลิม วันคำ", "ADD": "22 ถ. ซ. ม.4 บ. ต.ตะเคียนราม อ.ขุขันธ์ จ.ศรีสะเกษ" }, "geometry": { "type": "MultiPolygon", "coordinates": [ [ [ [ 104.141160296584914, 14.613407053253241, 0.0 ], [ 104.141170388545859, 14.613574788516827, 0.0 ], [ 104.146688543129756, 14.613541977613213, 0.0 ], [ 104.146625112254924, 14.613159287496767, 0.0 ], [ 104.141179220634314, 14.613172437524986, 0.0 ], [ 104.141160296584914, 14.613407053253241, 0.0 ] ] ] ] } },
{ "type": "Feature", "properties": { "Plang": "11", "Rawang": "524", "Rai": 19.0, "NGan": 1.0, "Wa": 51.0, "CardID": "3330500220605", "Name": "นายเดช วันคำ", "ADD": "42 ถ. ซ. ม.14 บ. ต.ตะเคียนราม อ.ภูสิงห์ จ.ศรีสะเกษ" }, "geometry": { "type": "MultiPolygon", "coordinates": [ [ [ [ 104.144195943572214, 14.61279665295031, 0.0 ], [ 104.143881926601154, 14.612750706371743, 0.0 ], [ 104.143622337778538, 14.612719155110783, 0.0 ], [ 104.143478399815677, 14.612699972574529, 0.0 ], [ 104.143360537912642, 14.612666565274619, 0.0 ], [ 104.143009954716774, 14.612527581392664, 0.0 ], [ 104.142566407460819, 14.612355813804605, 0.0 ], [ 104.142532144774222, 14.612333700836613, 0.0 ], [ 104.142468139826349, 14.612254044939197, 0.0 ], [ 104.141938803549706, 14.612406704895015, 0.0 ], [ 104.141764612935745, 14.61293871219236, 0.0 ], [ 104.141179220634314, 14.613172437524986, 0.0 ], [ 104.146625112254924, 14.613159287496767, 0.0 ], [ 104.146550244419473, 14.612689157495735, 0.0 ], [ 104.144195943572214, 14.61279665295031, 0.0 ] ] ] ] } },
{ "type": "Feature", "properties": { "Plang": "14", "Rawang": "523", "Rai": 4.0, "NGan": 1.0, "Wa": 70.0, "CardID": "3330500354636", "Name": "นางยศ ตะเคียนเกลี้ยง", "ADD": "26/1 ถ. ซ. ม.4 บ.ขยอง ต.ตะเคียนราม อ.ภูสิงห์ จ.ศรีสะเกษ" }, "geometry": { "type": "MultiPolygon", "coordinates": [ [ [ [ 104.150406942821803, 14.61339989152461, 0.0 ], [ 104.150089092352644, 14.61339230724097, 0.0 ], [ 104.149665124039686, 14.614659554710572, 0.0 ], [ 104.150072378022074, 14.614760769022229, 0.0 ], [ 104.150228333118548, 14.614794853338372, 0.0 ], [ 104.150406942821803, 14.61339989152461, 0.0 ] ] ] ] } },
{ "type": "Feature", "properties": { "Plang": "15", "Rawang": "523", "Rai": 3.0, "NGan": 3.0, "Wa": 45.0, "CardID": "3330500354644", "Name": "นายยิน ตะเคียนราม", "ADD": "26 ถ. ซ. ม.4 บ.ขยอง ต.ตะเคียนราม อ.ภูสิงห์ จ.ศรีสะเกษ" }, "geometry": { "type": "MultiPolygon", "coordinates": [ [ [ [ 104.150751944263021, 14.613407041505821, 0.0 ], [ 104.150406942821803, 14.61339989152461, 0.0 ], [ 104.150228333118548, 14.614794853338372, 0.0 ], [ 104.150600206412875, 14.614858329923109, 0.0 ], [ 104.150751944263021, 14.613407041505821, 0.0 ] ] ] ] } },
{ "type": "Feature", "properties": { "Plang": "16", "Rawang": "523", "Rai": 3.0, "NGan": 3.0, "Wa": 89.0, "CardID": "3330500354652", "Name": "นางญาติ ตะเคียนเกลี้ยง", "ADD": "26/2 ถ. ซ. ม.4 บ.ขยอง ต.ตะเคียนราม อ.ภูสิงห์ จ.ศรีสะเกษ" }, "geometry": { "type": "MultiPolygon", "coordinates": [ [ [ [ 104.150968769908985, 14.614917449292301, 0.0 ], [ 104.151077690081209, 14.613408225327214, 0.0 ], [ 104.150751944263021, 14.613407041505821, 0.0 ], [ 104.150600206412875, 14.614858329923109, 0.0 ], [ 104.150968769908985, 14.614917449292301, 0.0 ] ] ] ] } },
{ "type": "Feature", "properties": { "Plang": "17", "Rawang": "523", "Rai": 4.0, "NGan": 0.0, "Wa": 76.0, "CardID": "3330500354661", "Name": "นางสวาท ฉิมพินิจ", "ADD": "26/3 ถ. ซ. ม.4 บ.ขยอง ต.ตะเคียนราม อ.ภูสิงห์ จ.ศรีสะเกษ" }, "geometry": { "type": "MultiPolygon", "coordinates": [ [ [ [ 104.151414004637417, 14.613421530180064, 0.0 ], [ 104.151077690081209, 14.613408225327214, 0.0 ], [ 104.150968769908985, 14.614917449292301, 0.0 ], [ 104.151343731429293, 14.61499429782581, 0.0 ], [ 104.151414004637417, 14.613421530180064, 0.0 ] ] ] ] } },
{ "type": "Feature", "properties": { "Plang": "18", "Rawang": "523", "Rai": 4.0, "NGan": 1.0, "Wa": 20.0, "CardID": "3330500354679", "Name": "นายสุวรรณ ตะเคียนราม", "ADD": "26 ถ. ซ. ม.4 บ.ขยอง ต.ตะเคียนราม อ.ภูสิงห์ จ.ศรีสะเกษ" }, "geometry": { "type": "MultiPolygon", "coordinates": [ [ [ [ 104.151728316008601, 14.615065329258467, 0.0 ], [ 104.151745841691408, 14.613431069922735, 0.0 ], [ 104.151414004637417, 14.613421530180064, 0.0 ], [ 104.151343731429293, 14.61499429782581, 0.0 ], [ 104.151728316008601, 14.615065329258467, 0.0 ] ] ] ] } },
{ "type": "Feature", "properties": { "Plang": "19", "Rawang": "523", "Rai": 4.0, "NGan": 3.0, "Wa": 50.0, "CardID": "3330500354687", "Name": "นายสวัสดิ์ ตะเคียนราม", "ADD": "26 ถ. ซ. ม.4 บ.ขยอง ต.ตะเคียนราม อ.ภูสิงห์ จ.ศรีสะเกษ" }, "geometry": { "type": "MultiPolygon", "coordinates": [ [ [ [ 104.152041759815361, 14.613428717841643, 0.0 ], [ 104.151745841691408, 14.613431069922735, 0.0 ], [ 104.151728316008601, 14.615065329258467, 0.0 ], [ 104.15200414589053, 14.615122945208391, 0.0 ], [ 104.152060406636821, 14.615073873730863, 0.0 ], [ 104.152067380441906, 14.614229830298827, 0.0 ], [ 104.15213184950629, 14.614200548953791, 0.0 ], [ 104.152089436639613, 14.613785831849723, 0.0 ], [ 104.152041759815361, 14.613428717841643, 0.0 ] ] ] ] } },
{ "type": "Feature", "properties": { "Plang": "20", "Rawang": "523", "Rai": 3.0, "NGan": 2.0, "Wa": 50.0, "CardID": "3330500197727", "Name": "นางนคร ตะเคียนราม", "ADD": "10/2 ถ. ซ. ม.4 บ.ขยอง ต.ตะเคียนราม อ.ภูสิงห์ จ.ศรีสะเกษ" }, "geometry": { "type": "MultiPolygon", "coordinates": [ [ [ [ 104.152089436639613, 14.613785831849723, 0.0 ], [ 104.15213184950629, 14.614200548953791, 0.0 ], [ 104.153215905201748, 14.613996115309343, 0.0 ], [ 104.153210464519489, 14.613612318388347, 0.0 ], [ 104.152089436639613, 14.613785831849723, 0.0 ] ] ] ] } },
{ "type": "Feature", "properties": { "Plang": "30", "Rawang": "767", "Rai": 6.0, "NGan": 3.0, "Wa": 3.0, "CardID": "3330500223060", "Name": "นางมะลิน ตะเคียนเลี้ยง", "ADD": "89 ถ. ซ. ม.1 บ.ตะเคียนรามตะวัน ต.ตะเคียนราม อ.ภูสิงห์ จ.ศรีสะเกษ" }, "geometry": { "type": "MultiPolygon", "coordinates": [ [ [ [ 104.192318434988039, 14.594712498259204, 0.0 ], [ 104.192445476521442, 14.59532769257555, 0.0 ], [ 104.193518077999869, 14.595026576549888, 0.0 ], [ 104.193474653364419, 14.594871900169009, 0.0 ], [ 104.193466979617, 14.594593862034404, 0.0 ], [ 104.193321579550059, 14.594235495673615, 0.0 ], [ 104.192313005439914, 14.594600361087585, 0.0 ], [ 104.192318434988039, 14.594712498259204, 0.0 ] ] ] ] } },
{ "type": "Feature", "properties": { "Plang": "20", "Rawang": "767", "Rai": 18.0, "NGan": 3.0, "Wa": 16.0, "CardID": "3330500223981", "Name": "นางสาวสำรวย กลอยยิ่ง", "ADD": "14 ถ. ซ. ม.1 บ.ตะเคียนรามตะวัน ต.ตะเคียนราม อ.ภูสิงห์ จ.ศรีสะเกษ" }, "geometry": { "type": "MultiPolygon", "coordinates": [ [ [ [ 104.194643328986658, 14.593261454605779, 0.0 ], [ 104.192014257778666, 14.593661955410242, 0.0 ], [ 104.192313005439914, 14.594600361087585, 0.0 ], [ 104.193321579550059, 14.594235495673615, 0.0 ], [ 104.193466979617, 14.594593862034404, 0.0 ], [ 104.194691060361166, 14.594303708567239, 0.0 ], [ 104.194696678480469, 14.594264549563986, 0.0 ], [ 104.194643328986658, 14.593261454605779, 0.0 ] ] ] ] } },
{ "type": "Feature", "properties": { "Plang": "21", "Rawang": "767", "Rai": 16.0, "NGan": 2.0, "Wa": 89.0, "CardID": "3330500223671", "Name": "นางทิพ ตะเคียนราม", "ADD": "10 ถ. ซ. ม.1 บ. ต.ตะเคียนราม อ.ภูสิงห์ จ.ศรีสะเกษ" }, "geometry": { "type": "MultiPolygon", "coordinates": [ [ [ [ 104.191135477674962, 14.59382798006604, 0.0 ], [ 104.190502951819809, 14.594143153485462, 0.0 ], [ 104.190791506485496, 14.595373446466201, 0.0 ], [ 104.190889730222594, 14.595332319911561, 0.0 ], [ 104.190908678207833, 14.59536455983919, 0.0 ], [ 104.190917337938075, 14.595411930838013, 0.0 ], [ 104.191025221423544, 14.595412303953712, 0.0 ], [ 104.191567276506589, 14.59509090050714, 0.0 ], [ 104.192318434988039, 14.594712498259204, 0.0 ], [ 104.192313005439914, 14.594600361087585, 0.0 ], [ 104.192014257778666, 14.593661955410242, 0.0 ], [ 104.191916321182418, 14.593369712691997, 0.0 ], [ 104.191135477674962, 14.59382798006604, 0.0 ] ] ] ] } },
{ "type": "Feature", "properties": { "Plang": "29", "Rawang": "767", "Rai": 6.0, "NGan": 3.0, "Wa": 14.0, "CardID": "1330500048857", "Name": "นายนิพนย์ บุตะเคียน", "ADD": "64 ถ. ซ. ม.1 บ.ตะเคีนนรามตะวัน ต.ตะเคียนราม อ.ภูสิงห์ จ.ศรีสะเกษ" }, "geometry": { "type": "MultiPolygon", "coordinates": [ [ [ [ 104.193518077999869, 14.595026576549888, 0.0 ], [ 104.192445476521442, 14.59532769257555, 0.0 ], [ 104.192586676703328, 14.596053262237387, 0.0 ], [ 104.193747274228471, 14.595917106982965, 0.0 ], [ 104.19373048884421, 14.595826900323193, 0.0 ], [ 104.193518077999869, 14.595026576549888, 0.0 ] ] ] ] } },
{ "type": "Feature", "properties": { "Plang": "28", "Rawang": "767", "Rai": 6.0, "NGan": 2.0, "Wa": 91.0, "CardID": "3330500225771", "Name": "นายสาคร บุตะเคียน", "ADD": "39 ถ. ซ. ม.1 บ.ตะเคียนรามตะวัน ต.ตะเคียนราม อ.ภูสิงห์ จ.ศรีสะเกษ" }, "geometry": { "type": "MultiPolygon", "coordinates": [ [ [ [ 104.192586676703328, 14.596053262237387, 0.0 ], [ 104.192717177861468, 14.596749829038361, 0.0 ], [ 104.193942878870516, 14.596719676076523, 0.0 ], [ 104.193840041167689, 14.596234157325064, 0.0 ], [ 104.193747274228471, 14.595917106982965, 0.0 ], [ 104.192586676703328, 14.596053262237387, 0.0 ] ] ] ] } },
{ "type": "Feature", "properties": { "Plang": "27", "Rawang": "767", "Rai": 7.0, "NGan": 0.0, "Wa": 55.0, "CardID": "3330500225755", "Name": "นายสำราญ บุตะเคียน", "ADD": "39 ถ. ซ. ม.1 บ.ะเคียนรามตะวันอ ต.ตะเคียนราม อ.ภูสิงห์ จ.ศรีสะเกษ" }, "geometry": { "type": "MultiPolygon", "coordinates": [ [ [ [ 104.194154366317647, 14.597529084345714, 0.0 ], [ 104.193977391413256, 14.596840165109239, 0.0 ], [ 104.193942878870516, 14.596719676076523, 0.0 ], [ 104.192717177861468, 14.596749829038361, 0.0 ], [ 104.192796224207527, 14.597126955456369, 0.0 ], [ 104.192866983304114, 14.597489404060067, 0.0 ], [ 104.194154366317647, 14.597529084345714, 0.0 ] ] ] ] } },
{ "type": "Feature", "properties": { "Plang": "26", "Rawang": "767", "Rai": 13.0, "NGan": 0.0, "Wa": 63.0, "CardID": "3330500225704", "Name": "นายวิสุทธิ์ บุตะเคียน", "ADD": "64 ถ. ซ. ม.1 บ.ตะเคียนตะรามตะว ต.ตะเคียนราม อ.ภูสิงห์ จ.ศรีสะเกษ" }, "geometry": { "type": "MultiPolygon", "coordinates": [ [ [ [ 104.192445476521442, 14.59532769257555, 0.0 ], [ 104.192318434988039, 14.594712498259204, 0.0 ], [ 104.191567276506589, 14.59509090050714, 0.0 ], [ 104.192096499687722, 14.597237895672912, 0.0 ], [ 104.192796224207527, 14.597126955456369, 0.0 ], [ 104.192717177861468, 14.596749829038361, 0.0 ], [ 104.192586676703328, 14.596053262237387, 0.0 ], [ 104.192445476521442, 14.59532769257555, 0.0 ] ] ] ] } },
{ "type": "Feature", "properties": { "Plang": "23", "Rawang": "767", "Rai": 4.0, "NGan": 0.0, "Wa": 14.0, "CardID": "3330500225763", "Name": "นายวิวัฒน์ บุตะเคียน", "ADD": "39 ถ. ซ. ม.1 บ.ตะเคียนรามตะวัน ต.ตะเคียนราม อ.ภูสิงห์ จ.ศรีสะเกษ" }, "geometry": { "type": "MultiPolygon", "coordinates": [ [ [ [ 104.192796224207527, 14.597126955456369, 0.0 ], [ 104.192096499687722, 14.597237895672912, 0.0 ], [ 104.192294171307523, 14.598028970676262, 0.0 ], [ 104.192785695491693, 14.598046743731366, 0.0 ], [ 104.192974977303109, 14.598053549856434, 0.0 ], [ 104.192866983304114, 14.597489404060067, 0.0 ], [ 104.192796224207527, 14.597126955456369, 0.0 ] ] ] ] } },
{ "type": "Feature", "properties": { "Plang": "24", "Rawang": "767", "Rai": 3.0, "NGan": 1.0, "Wa": 16.0, "CardID": "3330500225747", "Name": "นายสังวาน บุตะเคียน", "ADD": "26 ถ. ซ. ม.11 บ.ตำหนัก ต.ตะเคียนราม อ.ภูสิงห์ จ.ศรีสะเกษ" }, "geometry": { "type": "MultiPolygon", "coordinates": [ [ [ [ 104.192096499687722, 14.597237895672912, 0.0 ], [ 104.191496487543475, 14.597326783050287, 0.0 ], [ 104.191635386972408, 14.597999147346275, 0.0 ], [ 104.191859691981861, 14.598013259447331, 0.0 ], [ 104.192294171307523, 14.598028970676262, 0.0 ], [ 104.192096499687722, 14.597237895672912, 0.0 ] ] ] ] } },
{ "type": "Feature", "properties": { "Plang": "3", "Rawang": "766", "Rai": 4.0, "NGan": 0.0, "Wa": 51.0, "CardID": "0000000000000", "Name": "นางจันทร์ ตะเคียนราม", "ADD": "85 ถ. ซ. ม.1 บ. ต.ตะเคียนราม อ.ขุขันธ์ จ.ศรีสะเกษ" }, "geometry": { "type": "MultiPolygon", "coordinates": [ [ [ [ 104.191275009335598, 14.596307931675806, 0.0 ], [ 104.191025221423544, 14.595412303953712, 0.0 ], [ 104.190917337938075, 14.595411930838013, 0.0 ], [ 104.190908678207833, 14.59536455983919, 0.0 ], [ 104.190451925173079, 14.595496040360848, 0.0 ], [ 104.190560471971835, 14.596228051511995, 0.0 ], [ 104.190778754205837, 14.59622455028682, 0.0 ], [ 104.190789913647592, 14.596309309592451, 0.0 ], [ 104.191275009335598, 14.596307931675806, 0.0 ] ] ] ] } },
{ "type": "Feature", "properties": { "Plang": "2", "Rawang": "766", "Rai": 7.0, "NGan": 3.0, "Wa": 99.0, "CardID": "3330500225356", "Name": "นายธงชัย ทองแพรว", "ADD": "150 ถ. ซ. ม.1 บ. ต.ตะเคียนราม อ.ภูสิงห์ จ.ศรีสะเกษ" }, "geometry": { "type": "MultiPolygon", "coordinates": [ [ [ [ 104.191275009335598, 14.596307931675806, 0.0 ], [ 104.190789913647592, 14.596309309592451, 0.0 ], [ 104.190810680352598, 14.597159172310585, 0.0 ], [ 104.19071310338694, 14.597899199998448, 0.0 ], [ 104.191010948413521, 14.597959859788697, 0.0 ], [ 104.191635386972408, 14.597999147346275, 0.0 ], [ 104.191496487543475, 14.597326783050287, 0.0 ], [ 104.191275009335598, 14.596307931675806, 0.0 ] ] ] ] } },
{ "type": "Feature", "properties": { "Plang": "1", "Rawang": "766", "Rai": 8.0, "NGan": 0.0, "Wa": 28.0, "CardID": "3330500225976", "Name": "นายเศียน บุตะเคียน", "ADD": "63 ถ. ซ. ม.1 บ. ต.ตะเคียนราม อ.ภูสิงห์ จ.ศรีสะเกษ" }, "geometry": { "type": "MultiPolygon", "coordinates": [ [ [ [ 104.18886301089357, 14.597564831813786, 0.0 ], [ 104.19071310338694, 14.597899199998448, 0.0 ], [ 104.190810680352598, 14.597159172310585, 0.0 ], [ 104.188913014940425, 14.597160937088933, 0.0 ], [ 104.18886301089357, 14.597564831813786, 0.0 ] ] ] ] } },
{ "type": "Feature", "properties": { "Plang": "4", "Rawang": "765", "Rai": 1.0, "NGan": 1.0, "Wa": 3.0, "CardID": "0000000000000", "Name": "นายสนอง ตะเคียนราม", "ADD": "78 ถ. ซ. ม.1 บ. ต.ตะเคียนราม อ.ขุขันธ์ จ.ศรีสะเกษ" }, "geometry": { "type": "MultiPolygon", "coordinates": [ [ [ [ 104.185438354679121, 14.592306245511518, 0.0 ], [ 104.186153240315619, 14.592259686966841, 0.0 ], [ 104.186113728705266, 14.591971216707481, 0.0 ], [ 104.185482335349718, 14.592119838904148, 0.0 ], [ 104.185438354679121, 14.592306245511518, 0.0 ] ] ] ] } },
{ "type": "Feature", "properties": { "Plang": "5", "Rawang": "765", "Rai": 4.0, "NGan": 2.0, "Wa": 2.0, "CardID": "0000000000000", "Name": "นายสนิจ ตะเคียนราม", "ADD": "61 ถ. ซ. ม.1 บ. ต.ตะเคียนราม อ.ขุขันธ์ จ.ศรีสะเกษ" }, "geometry": { "type": "MultiPolygon", "coordinates": [ [ [ [ 104.186669331237781, 14.591503895512423, 0.0 ], [ 104.185546166065635, 14.591879438020031, 0.0 ], [ 104.185482335349718, 14.592119838904148, 0.0 ], [ 104.186113728705266, 14.591971216707481, 0.0 ], [ 104.186153240315619, 14.592259686966841, 0.0 ], [ 104.186230974523482, 14.59225139451031, 0.0 ], [ 104.186625419491676, 14.592208962018372, 0.0 ], [ 104.186636064573648, 14.592309684408553, 0.0 ], [ 104.186907361297813, 14.59221636857338, 0.0 ], [ 104.186669331237781, 14.591503895512423, 0.0 ] ] ] ] } },
{ "type": "Feature", "properties": { "Plang": "7", "Rawang": "765", "Rai": 7.0, "NGan": 3.0, "Wa": 87.0, "CardID": "3330500225178", "Name": "นางจำเนียน ศรีมาศ", "ADD": "29 ถ. ซ. ม.1 บ. ต.ตะเคียนราม อ.ภูสิงห์ จ.ศรีสะเกษ" }, "geometry": { "type": "MultiPolygon", "coordinates": [ [ [ [ 104.186907361297813, 14.59221636857338, 0.0 ], [ 104.18704884144104, 14.592236119779166, 0.0 ], [ 104.188227613024623, 14.59210793842041, 0.0 ], [ 104.187912196805541, 14.591274097660648, 0.0 ], [ 104.186669331237781, 14.591503895512423, 0.0 ], [ 104.186907361297813, 14.59221636857338, 0.0 ] ] ] ] } },
{ "type": "Feature", "properties": { "Plang": "3", "Rawang": "765", "Rai": 2.0, "NGan": 1.0, "Wa": 89.0, "CardID": "3330501153707", "Name": "นางศิวพร วงศ์ขันธ์", "ADD": "95 ถ. ซ. ม.1 บ. ต.ตะเคียนราม อ.ภูสิงห์ จ.ศรีสะเกษ" }, "geometry": { "type": "MultiPolygon", "coordinates": [ [ [ [ 104.185438354679121, 14.592306245511518, 0.0 ], [ 104.185356404559172, 14.59266907817686, 0.0 ], [ 104.186096130131091, 14.592759014277709, 0.0 ], [ 104.186230974523482, 14.59225139451031, 0.0 ], [ 104.186153240315619, 14.592259686966841, 0.0 ], [ 104.185438354679121, 14.592306245511518, 0.0 ] ] ] ] } },
{ "type": "Feature", "properties": { "Plang": "2", "Rawang": "765", "Rai": 15.0, "NGan": 3.0, "Wa": 96.0, "CardID": "3330500223671", "Name": "นางทิพ ละอองใส", "ADD": "10 ถ. ซ. ม.1 บ. ต.ตะเคียนราม อ.ภูสิงห์ จ.ศรีสะเกษ" }, "geometry": { "type": "MultiPolygon", "coordinates": [ [ [ [ 104.18704884144104, 14.592236119779166, 0.0 ], [ 104.186907361297813, 14.59221636857338, 0.0 ], [ 104.186636064573648, 14.592309684408553, 0.0 ], [ 104.186625419491676, 14.592208962018372, 0.0 ], [ 104.186230974523482, 14.59225139451031, 0.0 ], [ 104.186096130131091, 14.592759014277709, 0.0 ], [ 104.185356404559172, 14.59266907817686, 0.0 ], [ 104.185115195214962, 14.5935684106128, 0.0 ], [ 104.18545985687858, 14.593532479372497, 0.0 ], [ 104.186257725821051, 14.593570824984601, 0.0 ], [ 104.186729200999523, 14.593769963356264, 0.0 ], [ 104.186780596375485, 14.593730710636894, 0.0 ], [ 104.187121359774878, 14.593687149542557, 0.0 ], [ 104.18704884144104, 14.592236119779166, 0.0 ] ] ] ] } },
{ "type": "Feature", "properties": { "Plang": "1", "Rawang": "765", "Rai": 10.0, "NGan": 0.0, "Wa": 14.0, "CardID": "3330500224155", "Name": "นางแจ่ม ตะเคียนราม", "ADD": "17 ถ. ซ. ม.1 บ. ต.ตะเคียนราม อ.ภูสิงห์ จ.ศรีสะเกษ" }, "geometry": { "type": "MultiPolygon", "coordinates": [ [ [ [ 104.184911786311915, 14.594365381731386, 0.0 ], [ 104.185725401999193, 14.594359484557899, 0.0 ], [ 104.185692352891564, 14.594261834629366, 0.0 ], [ 104.186097356895189, 14.594148247974205, 0.0 ], [ 104.186124093622652, 14.594263229182889, 0.0 ], [ 104.186256534099542, 14.594280267793847, 0.0 ], [ 104.187108651613926, 14.594284553396294, 0.0 ], [ 104.187128150083652, 14.59416835479438, 0.0 ], [ 104.187121359774878, 14.593687149542557, 0.0 ], [ 104.186780596375485, 14.593730710636894, 0.0 ], [ 104.186729200999523, 14.593769963356264, 0.0 ], [ 104.186257725821051, 14.593570824984601, 0.0 ], [ 104.18545985687858, 14.593532479372497, 0.0 ], [ 104.185115195214962, 14.5935684106128, 0.0 ], [ 104.184911786311915, 14.594365381731386, 0.0 ] ] ] ] } },
{ "type": "Feature", "properties": { "Plang": "14", "Rawang": "763", "Rai": 4.0, "NGan": 2.0, "Wa": 34.0, "CardID": "3330500225160", "Name": "นายนาน ตะเคียนราม", "ADD": "403 ถ. ซ. ม.1 บ. ต.ตะเคียนราม อ.ภูสิงห์ จ.ศรีสะเกษ" }, "geometry": { "type": "MultiPolygon", "coordinates": [ [ [ [ 104.190265044354305, 14.597910430055963, 0.0 ], [ 104.189861873545141, 14.597844915134743, 0.0 ], [ 104.189845671732371, 14.598661646546928, 0.0 ], [ 104.189785761426506, 14.599392625337563, 0.0 ], [ 104.190203827438395, 14.599408594477566, 0.0 ], [ 104.190265044354305, 14.597910430055963, 0.0 ] ] ] ] } },
{ "type": "Feature", "properties": { "Plang": "15", "Rawang": "763", "Rai": 10.0, "NGan": 1.0, "Wa": 86.0, "CardID": "3330500225178", "Name": "นางจำเนียน ศรีมาส", "ADD": "29 ถ. ซ. ม.1 บ. ต.ตะเคียนราม อ.ภูสิงห์ จ.ศรีสะเกษ" }, "geometry": { "type": "MultiPolygon", "coordinates": [ [ [ [ 104.190203827438395, 14.599408594477566, 0.0 ], [ 104.190349806127912, 14.599433694217337, 0.0 ], [ 104.190567799029935, 14.599448509397837, 0.0 ], [ 104.19145286043927, 14.599475544723186, 0.0 ], [ 104.190931123604202, 14.598024433223276, 0.0 ], [ 104.190265044354305, 14.597910430055963, 0.0 ], [ 104.190203827438395, 14.599408594477566, 0.0 ] ] ] ] } },
{ "type": "Feature", "properties": { "Plang": "16", "Rawang": "763", "Rai": 3.0, "NGan": 1.0, "Wa": 29.0, "CardID": "3330500225011", "Name": "นายสงค์ ตะเคียนเกลี้ยง", "ADD": "77 ถ. ซ. ม.1 บ. ต.ตะเคียนราม อ.ภูสิงห์ จ.ศรีสะเกษ" }, "geometry": { "type": "MultiPolygon", "coordinates": [ [ [ [ 104.189845671732371, 14.598661646546928, 0.0 ], [ 104.189861873545141, 14.597844915134743, 0.0 ], [ 104.189329974577049, 14.597734621746579, 0.0 ], [ 104.189312132225922, 14.598569439801102, 0.0 ], [ 104.189845671732371, 14.598661646546928, 0.0 ] ] ] ] } },
{ "type": "Feature", "properties": { "Plang": "17", "Rawang": "763", "Rai": 3.0, "NGan": 0.0, "Wa": 3.0, "CardID": "3330500224961", "Name": "นายสุพิน ตะเคียนราม", "ADD": "84 ถ. ซ. ม.1 บ. ต.ตะเคียนราม อ.ภูสิงห์ จ.ศรีสะเกษ" }, "geometry": { "type": "MultiPolygon", "coordinates": [ [ [ [ 104.189312132225922, 14.598569439801102, 0.0 ], [ 104.189329974577049, 14.597734621746579, 0.0 ], [ 104.188845580286468, 14.597673589848368, 0.0 ], [ 104.188820727146421, 14.59846899357624, 0.0 ], [ 104.188906916634735, 14.598473409726873, 0.0 ], [ 104.189219824820796, 14.598571550085255, 0.0 ], [ 104.189312132225922, 14.598569439801102, 0.0 ] ] ] ] } },
{ "type": "Feature", "properties": { "Plang": "18", "Rawang": "763", "Rai": 3.0, "NGan": 0.0, "Wa": 72.0, "CardID": "3330500521419", "Name": "นายประยุทธ์ จันทร์บุญ", "ADD": "27 ถ. ซ. ม.1 บ.ตะเคียนรามตะวัน ต.ตะเคียนราม อ.ภูสิงห์ จ.ศรีสะเกษ" }, "geometry": { "type": "MultiPolygon", "coordinates": [ [ [ [ 104.188845580286468, 14.597673589848368, 0.0 ], [ 104.188363579619349, 14.597632017477723, 0.0 ], [ 104.188294650940989, 14.598342904649691, 0.0 ], [ 104.188607311228623, 14.598423889633064, 0.0 ], [ 104.188820727146421, 14.59846899357624, 0.0 ], [ 104.188845580286468, 14.597673589848368, 0.0 ] ] ] ] } },
{ "type": "Feature", "properties": { "Plang": "13", "Rawang": "763", "Rai": 4.0, "NGan": 3.0, "Wa": 20.0, "CardID": "3330500223043", "Name": "นายวิรัช ไชยนะรา", "ADD": "2 ถ. ซ. ม.1 บ. ต.ตะเคียนราม อ.ภูสิงห์ จ.ศรีสะเกษ" }, "geometry": { "type": "MultiPolygon", "coordinates": [ [ [ [ 104.189845671732371, 14.598661646546928, 0.0 ], [ 104.189312132225922, 14.598569439801102, 0.0 ], [ 104.189219824820796, 14.598571550085255, 0.0 ], [ 104.189268739484064, 14.599705309561672, 0.0 ], [ 104.189297910375075, 14.599733504576943, 0.0 ], [ 104.189821093687954, 14.599782128766005, 0.0 ], [ 104.189785761426506, 14.599392625337563, 0.0 ], [ 104.189845671732371, 14.598661646546928, 0.0 ] ] ] ] } },
{ "type": "Feature", "properties": { "Plang": "12", "Rawang": "763", "Rai": 18.0, "NGan": 3.0, "Wa": 61.0, "CardID": "0000000000000", "Name": "นางตัน ตะเคียนราม", "ADD": "46 ถ. ซ. ม.1 บ. ต.ตะเคียนราม อ.ขุขันธ์ จ.ศรีสะเกษ" }, "geometry": { "type": "MultiPolygon", "coordinates": [ [ [ [ 104.189268739484064, 14.599705309561672, 0.0 ], [ 104.189219824820796, 14.598571550085255, 0.0 ], [ 104.188906916634735, 14.598473409726873, 0.0 ], [ 104.188820727146421, 14.59846899357624, 0.0 ], [ 104.188607311228623, 14.598423889633064, 0.0 ], [ 104.188294650940989, 14.598342904649691, 0.0 ], [ 104.187710241631962, 14.598240510389203, 0.0 ], [ 104.187444274650446, 14.598282209829394, 0.0 ], [ 104.187269587424026, 14.598344968204046, 0.0 ], [ 104.186940140383896, 14.598320661519512, 0.0 ], [ 104.186893057468865, 14.598363187536828, 0.0 ], [ 104.186799095556324, 14.599153554452366, 0.0 ], [ 104.187885548146753, 14.599358845657658, 0.0 ], [ 104.188516619354814, 14.599534581610492, 0.0 ], [ 104.188873330203137, 14.599670888002922, 0.0 ], [ 104.189268739484064, 14.599705309561672, 0.0 ] ] ] ] } },
{ "type": "Feature", "properties": { "Plang": "5", "Rawang": "763", "Rai": 13.0, "NGan": 1.0, "Wa": 35.0, "CardID": "3330500225194", "Name": "นายสาด บุตะเคียน", "ADD": "30 ถ. ซ. ม.1 บ. ต.ตะเคียนราม อ.ภูสิงห์ จ.ศรีสะเกษ" }, "geometry": { "type": "MultiPolygon", "coordinates": [ [ [ [ 104.189937691797468, 14.600802994284349, 0.0 ], [ 104.189593312101522, 14.600906460816098, 0.0 ], [ 104.189054897803103, 14.601074751475386, 0.0 ], [ 104.188647558015958, 14.601114160447262, 0.0 ], [ 104.188595239849903, 14.601429483824802, 0.0 ], [ 104.18879058936831, 14.602028211088076, 0.0 ], [ 104.188899811543294, 14.602308617151996, 0.0 ], [ 104.190313079498097, 14.602060684542948, 0.0 ], [ 104.189937691797468, 14.600802994284349, 0.0 ] ] ] ] } },
{ "type": "Feature", "properties": { "Plang": "6", "Rawang": "763", "Rai": 13.0, "NGan": 3.0, "Wa": 38.0, "CardID": "0000000000000", "Name": "นางสาวหิง บุตะเคียน", "ADD": "5 ถ. ซ. ม.1 บ. ต.ตะเคียนราม อ.ขุขันธ์ จ.ศรีสะเกษ" }, "geometry": { "type": "MultiPolygon", "coordinates": [ [ [ [ 104.187588598001852, 14.600659506995564, 0.0 ], [ 104.187396036997441, 14.601461580273028, 0.0 ], [ 104.188595239849903, 14.601429483824802, 0.0 ], [ 104.188647558015958, 14.601114160447262, 0.0 ], [ 104.189054897803103, 14.601074751475386, 0.0 ], [ 104.189593312101522, 14.600906460816098, 0.0 ], [ 104.189937691797468, 14.600802994284349, 0.0 ], [ 104.189824959665273, 14.600152078660738, 0.0 ], [ 104.189437460033091, 14.600281449272698, 0.0 ], [ 104.188608207417801, 14.600469077368698, 0.0 ], [ 104.188266830649866, 14.600540421865325, 0.0 ], [ 104.187588598001852, 14.600659506995564, 0.0 ] ] ] ] } },
{ "type": "Feature", "properties": { "Plang": "4", "Rawang": "763", "Rai": 4.0, "NGan": 3.0, "Wa": 10.0, "CardID": "3330500223256", "Name": "นางสาวหิง บุตะเคียนราม", "ADD": "05 ถ. ซ. ม.1 บ. ต.ตะเคียนราม อ.ภูสิงห์ จ.ศรีสะเกษ" }, "geometry": { "type": "MultiPolygon", "coordinates": [ [ [ [ 104.18879058936831, 14.602028211088076, 0.0 ], [ 104.188595239849903, 14.601429483824802, 0.0 ], [ 104.187396036997441, 14.601461580273028, 0.0 ], [ 104.187306523110038, 14.601651430963727, 0.0 ], [ 104.187356426418404, 14.601822299751371, 0.0 ], [ 104.18879058936831, 14.602028211088076, 0.0 ] ] ] ] } },
{ "type": "Feature", "properties": { "Plang": "2", "Rawang": "763", "Rai": 23.0, "NGan": 3.0, "Wa": 22.0, "CardID": "3330500223272", "Name": "นายปริด บุตะเคียน", "ADD": "5 ถ. ซ. ม.1 บ. ต.ตะเคียนราม อ.ภูสิงห์ จ.ศรีสะเกษ" }, "geometry": { "type": "MultiPolygon", "coordinates": [ [ [ [ 104.190397355331839, 14.602415393501525, 0.0 ], [ 104.190313079498097, 14.602060684542948, 0.0 ], [ 104.188899811543294, 14.602308617151996, 0.0 ], [ 104.18879058936831, 14.602028211088076, 0.0 ], [ 104.187356426418404, 14.601822299751371, 0.0 ], [ 104.18733162706296, 14.602382130190575, 0.0 ], [ 104.187197493425629, 14.603183789095771, 0.0 ], [ 104.187162455469164, 14.603328727459814, 0.0 ], [ 104.190366860048314, 14.602900510322158, 0.0 ], [ 104.190397355331839, 14.602415393501525, 0.0 ] ] ] ] } },
{ "type": "Feature", "properties": { "Plang": "1", "Rawang": "763", "Rai": 12.0, "NGan": 2.0, "Wa": 79.0, "CardID": "3330500226638", "Name": "นายสวาน ปรือปรัก", "ADD": "52 ถ. ซ. ม.1 บ. ต.ตะเคียนราม อ.ภูสิงห์ จ.ศรีสะเกษ" }, "geometry": { "type": "MultiPolygon", "coordinates": [ [ [ [ 104.190366860048314, 14.602900510322158, 0.0 ], [ 104.187162455469164, 14.603328727459814, 0.0 ], [ 104.187248752103358, 14.60339295647934, 0.0 ], [ 104.19023981559954, 14.603912839094381, 0.0 ], [ 104.190308115828103, 14.603524150532378, 0.0 ], [ 104.190366860048314, 14.602900510322158, 0.0 ] ] ] ] } },
{ "type": "Feature", "properties": { "Plang": "17", "Rawang": "598", "Rai": 3.0, "NGan": 3.0, "Wa": 30.0, "CardID": "3330500085724", "Name": "นายพนี ลาคำ", "ADD": "38 ถ. ซ. ม.11 บ.เนินแสง ต.ปรือใหญ่ อ.ขุขันธ์ จ.ศรีสะเกษ" }, "geometry": { "type": "MultiPolygon", "coordinates": [ [ [ [ 104.190452754527399, 14.612335672043184, 0.0 ], [ 104.190429803123806, 14.612192467251184, 0.0 ], [ 104.190298750218972, 14.611586686388137, 0.0 ], [ 104.190290588048427, 14.611385219167996, 0.0 ], [ 104.189733967810128, 14.611432375935243, 0.0 ], [ 104.189960457168027, 14.612402761421768, 0.0 ], [ 104.190452754527399, 14.612335672043184, 0.0 ] ] ] ] } },
{ "type": "Feature", "properties": { "Plang": "11", "Rawang": "757", "Rai": 27.0, "NGan": 0.0, "Wa": 83.0, "CardID": "3330500081559", "Name": "นางสณีรัด ปรือปรัก", "ADD": "113 ถ. ซ. ม.4 บ.มะขาม ต.ปรือใหญ่ อ.ขุขันธ์ จ.ศรีสะเกษ" }, "geometry": { "type": "MultiPolygon", "coordinates": [ [ [ [ 104.187493906414616, 14.608790582481552, 0.0 ], [ 104.188255395331169, 14.60869921391137, 0.0 ], [ 104.188193363210686, 14.608540063373374, 0.0 ], [ 104.188193943505595, 14.608098838921546, 0.0 ], [ 104.188194983867632, 14.607307708971797, 0.0 ], [ 104.188195525980916, 14.606895417228429, 0.0 ], [ 104.18819679526689, 14.60592996051829, 0.0 ], [ 104.187849397326744, 14.605257927568083, 0.0 ], [ 104.187627879078036, 14.604613196277016, 0.0 ], [ 104.186966963492225, 14.604786807281492, 0.0 ], [ 104.187472076577123, 14.608553591371203, 0.0 ], [ 104.187493906414616, 14.608790582481552, 0.0 ] ] ] ] } },
{ "type": "Feature", "properties": { "Plang": "8", "Rawang": "757", "Rai": 22.0, "NGan": 2.0, "Wa": 43.0, "CardID": "3330500085066", "Name": "นายที ปรือปรัง", "ADD": "46 ถ. ซ. ม.11 บ. ต.ปรือใหญ่ อ.ขุขันธ์ จ.ศรีสะเกษ" }, "geometry": { "type": "MultiPolygon", "coordinates": [ [ [ [ 104.188401852791131, 14.609284214266889, 0.0 ], [ 104.188364151096195, 14.609589421220138, 0.0 ], [ 104.189256890294189, 14.609602012629228, 0.0 ], [ 104.191219014201508, 14.609608461718938, 0.0 ], [ 104.190321463660339, 14.608202130090504, 0.0 ], [ 104.188193363210686, 14.608540063373374, 0.0 ], [ 104.188255395331169, 14.60869921391137, 0.0 ], [ 104.188401852791131, 14.609284214266889, 0.0 ] ] ] ] } },
{ "type": "Feature", "properties": { "Plang": "4", "Rawang": "757", "Rai": 8.0, "NGan": 2.0, "Wa": 0.0, "CardID": "3330500078591", "Name": "นายสง่า ธรรมพร", "ADD": "44 ถ. ซ. ม.11 บ.เนินแสง ต.ปรือใหญ่ อ.ขุขันธ์ จ.ศรีสะเกษ" }, "geometry": { "type": "MultiPolygon", "coordinates": [ [ [ [ 104.189246399141297, 14.609862960045204, 0.0 ], [ 104.189247779441374, 14.610193828836101, 0.0 ], [ 104.189237054544066, 14.610284358719078, 0.0 ], [ 104.191495658457981, 14.609979674119389, 0.0 ], [ 104.191219014201508, 14.609608461718938, 0.0 ], [ 104.189256890294189, 14.609602012629228, 0.0 ], [ 104.189246399141297, 14.609862960045204, 0.0 ] ] ] ] } },
{ "type": "Feature", "properties": { "Plang": "3", "Rawang": "757", "Rai": 7.0, "NGan": 2.0, "Wa": 15.0, "CardID": "3330500078531", "Name": "นางสาวโป๊ว ปรือปรัง", "ADD": "45 ถ. ซ. ม.11 บ.เนินแสง ต.ปรือใหญ่ อ.ขุขันธ์ จ.ศรีสะเกษ" }, "geometry": { "type": "MultiPolygon", "coordinates": [ [ [ [ 104.191495658457981, 14.609979674119389, 0.0 ], [ 104.189237054544066, 14.610284358719078, 0.0 ], [ 104.189254335513269, 14.610480009958838, 0.0 ], [ 104.189273473509431, 14.610741952190827, 0.0 ], [ 104.190095513626673, 14.610663353285871, 0.0 ], [ 104.191038265698168, 14.610421291377254, 0.0 ], [ 104.191718727350292, 14.610161176909507, 0.0 ], [ 104.191495658457981, 14.609979674119389, 0.0 ] ] ] ] } },
{ "type": "Feature", "properties": { "Plang": "6", "Rawang": "748", "Rai": 13.0, "NGan": 0.0, "Wa": 25.0, "CardID": "3330500228754", "Name": "นายอินทร์ บุตะเคียน", "ADD": "23 ถ. ซ. ม.12 บ. ต.ตะเคียนราม อ.ภูสิงห์ จ.ศรีสะเกษ" }, "geometry": { "type": "MultiPolygon", "coordinates": [ [ [ [ 104.166659029459311, 14.590447302085799, 0.0 ], [ 104.167719042569118, 14.590527457367516, 0.0 ], [ 104.168079376868064, 14.590544825928017, 0.0 ], [ 104.168158105081886, 14.590518240220883, 0.0 ], [ 104.16813612359428, 14.590318142371205, 0.0 ], [ 104.168199414038071, 14.590310677087968, 0.0 ], [ 104.168182515315308, 14.59024781381599, 0.0 ], [ 104.168100205800542, 14.590210314538528, 0.0 ], [ 104.168033288688036, 14.589657581205314, 0.0 ], [ 104.167936086474114, 14.589677317219666, 0.0 ], [ 104.167749799039996, 14.589158402842306, 0.0 ], [ 104.167426241459452, 14.589259760718594, 0.0 ], [ 104.167187753135451, 14.58927391741492, 0.0 ], [ 104.166885370234368, 14.589264080251173, 0.0 ], [ 104.166782767460333, 14.589595485354934, 0.0 ], [ 104.166707926788348, 14.589576725776585, 0.0 ], [ 104.16640664960326, 14.589977112179566, 0.0 ], [ 104.166535425977969, 14.590302265101867, 0.0 ], [ 104.166613447499458, 14.59028429296016, 0.0 ], [ 104.166659029459311, 14.590447302085799, 0.0 ] ] ] ] } },
{ "type": "Feature", "properties": { "Plang": "16", "Rawang": "748", "Rai": 1.0, "NGan": 1.0, "Wa": 31.0, "CardID": "3330500237958", "Name": "นายโปว บุตะเคียน", "ADD": "38 ถ. ซ. ม.2 บ.ตะเคียนรามตะวัน ต.ตะเคียนราม อ.ภูสิงห์ จ.ศรีสะเกษ" }, "geometry": { "type": "MultiPolygon", "coordinates": [ [ [ [ 104.166928828167642, 14.588142933722654, 0.0 ], [ 104.166140365062759, 14.587941305626755, 0.0 ], [ 104.166129368667228, 14.588196711370079, 0.0 ], [ 104.166892120645642, 14.58834305982575, 0.0 ], [ 104.166928828167642, 14.588142933722654, 0.0 ] ] ] ] } },
{ "type": "Feature", "properties": { "Plang": "15", "Rawang": "748", "Rai": 1.0, "NGan": 3.0, "Wa": 29.0, "CardID": "3330500236072", "Name": "นางยัด บุตะเคียน", "ADD": "9 ถ. ซ. ม.9 บ.พยอม ต.ตะเคียนราม อ.ภูสิงห์ จ.ศรีสะเกษ" }, "geometry": { "type": "MultiPolygon", "coordinates": [ [ [ [ 104.166140365062759, 14.587941305626755, 0.0 ], [ 104.166928828167642, 14.588142933722654, 0.0 ], [ 104.166957292167496, 14.587917594273142, 0.0 ], [ 104.16695761978761, 14.587830314216694, 0.0 ], [ 104.166154945330376, 14.58764262087249, 0.0 ], [ 104.166140365062759, 14.587941305626755, 0.0 ] ] ] ] } },
{ "type": "Feature", "properties": { "Plang": "14", "Rawang": "748", "Rai": 3.0, "NGan": 0.0, "Wa": 78.0, "CardID": "3330500236153", "Name": "นายเทียน บุตะเคียน", "ADD": "39 ถ. ซ. ม.12 บ.ห้วยยาง ต.ตะเคียนราม อ.ภูสิงห์ จ.ศรีสะเกษ" }, "geometry": { "type": "MultiPolygon", "coordinates": [ [ [ [ 104.16695761978761, 14.587830314216694, 0.0 ], [ 104.167037316149404, 14.587300839042797, 0.0 ], [ 104.1662072400959, 14.587153299423258, 0.0 ], [ 104.166154945330376, 14.58764262087249, 0.0 ], [ 104.16695761978761, 14.587830314216694, 0.0 ] ] ] ] } },
{ "type": "Feature", "properties": { "Plang": "30", "Rawang": "742", "Rai": 7.0, "NGan": 2.0, "Wa": 10.0, "CardID": "3330500214909", "Name": "นางเคน ระหาร", "ADD": "13 ถ. ซ. ม.3 บ.ตะเคียนกลาง ต.ตะเคียนราม อ.ภูสิงห์ จ.ศรีสะเกษ" }, "geometry": { "type": "MultiPolygon", "coordinates": [ [ [ [ 104.175038103636041, 14.58732677349912, 0.0 ], [ 104.175036693302147, 14.587327189133605, 0.0 ], [ 104.175099209910272, 14.588438097352647, 0.0 ], [ 104.175979330375426, 14.588463014725161, 0.0 ], [ 104.175947656322904, 14.587818676174116, 0.0 ], [ 104.175692914396535, 14.587133330586679, 0.0 ], [ 104.175517626011697, 14.587185454570044, 0.0 ], [ 104.175038103636041, 14.58732677349912, 0.0 ] ] ] ] } },
{ "type": "Feature", "properties": { "Plang": "29", "Rawang": "742", "Rai": 19.0, "NGan": 1.0, "Wa": 94.0, "CardID": "3330500220761", "Name": "นายมาก ตะเคียนเกลี้ยง", "ADD": "42 ถ. ซ. ม.3 บ.ตะเคียนกลาง ต.ตะเคียนราม อ.ภูสิงห์ จ.ศรีสะเกษ" }, "geometry": { "type": "MultiPolygon", "coordinates": [ [ [ [ 104.175974570894823, 14.588513888253948, 0.0 ], [ 104.175979330375426, 14.588463014725161, 0.0 ], [ 104.175099209910272, 14.588438097352647, 0.0 ], [ 104.175036693302147, 14.587327189133605, 0.0 ], [ 104.175038103636041, 14.58732677349912, 0.0 ], [ 104.17492168433931, 14.587264054487084, 0.0 ], [ 104.17483173715739, 14.587437438269371, 0.0 ], [ 104.174525516762671, 14.587491136474037, 0.0 ], [ 104.174540144918822, 14.587685269372889, 0.0 ], [ 104.174184786942064, 14.587753992998049, 0.0 ], [ 104.174045187516782, 14.587962026863414, 0.0 ], [ 104.173841382432769, 14.588557508663641, 0.0 ], [ 104.173829431719412, 14.589390314012933, 0.0 ], [ 104.173843321252761, 14.589402309858862, 0.0 ], [ 104.173874135305709, 14.589533955640068, 0.0 ], [ 104.17500456428246, 14.589504301294514, 0.0 ], [ 104.17497677384992, 14.589065238179661, 0.0 ], [ 104.175864072038891, 14.588836476850384, 0.0 ], [ 104.175974570894823, 14.588513888253948, 0.0 ] ] ] ] } },
{ "type": "Feature", "properties": { "Plang": "8", "Rawang": "742", "Rai": 12.0, "NGan": 3.0, "Wa": 57.0, "CardID": "3330500215105", "Name": "นายพา ตะเคียนเกลี้ยง", "ADD": "23 ถ. ซ. ม.3 บ.ํ ต.ตะเคียนราม อ.ภูสิงห์ จ.ศรีสะเกษ" }, "geometry": { "type": "MultiPolygon", "coordinates": [ [ [ [ 104.176666955199352, 14.590564553537934, 0.0 ], [ 104.177075468076879, 14.588528529417712, 0.0 ], [ 104.176957191675029, 14.588247878658345, 0.0 ], [ 104.175974570894823, 14.588513888253948, 0.0 ], [ 104.175864072038891, 14.588836476850384, 0.0 ], [ 104.175854958895457, 14.589832699324502, 0.0 ], [ 104.175998020860334, 14.590021706136053, 0.0 ], [ 104.176274010765098, 14.590619740531553, 0.0 ], [ 104.176666955199352, 14.590564553537934, 0.0 ] ] ] ] } },
{ "type": "Feature", "properties": { "Plang": "9", "Rawang": "742", "Rai": 12.0, "NGan": 3.0, "Wa": 7.0, "CardID": "3330500218881", "Name": "นายชิม แก้วสุด", "ADD": "34 ถ. ซ. ม.3 บ.ตะเคียนรามกลาง ต.ตะเคียนราม อ.ภูสิงห์ จ.ศรีสะเกษ" }, "geometry": { "type": "MultiPolygon", "coordinates": [ [ [ [ 104.175243067361365, 14.590953309485506, 0.0 ], [ 104.175693061652311, 14.590847222783294, 0.0 ], [ 104.17610412450405, 14.590689054519952, 0.0 ], [ 104.176274010765098, 14.590619740531553, 0.0 ], [ 104.175998020860334, 14.590021706136053, 0.0 ], [ 104.175854958895457, 14.589832699324502, 0.0 ], [ 104.175864072038891, 14.588836476850384, 0.0 ], [ 104.17497677384992, 14.589065238179661, 0.0 ], [ 104.17500456428246, 14.589504301294514, 0.0 ], [ 104.175045068194208, 14.589975221342156, 0.0 ], [ 104.175220454990765, 14.590660526705957, 0.0 ], [ 104.175243067361365, 14.590953309485506, 0.0 ] ] ] ] } },
{ "type": "Feature", "properties": { "Plang": "11", "Rawang": "742", "Rai": 21.0, "NGan": 2.0, "Wa": 39.0, "CardID": "0000000000000", "Name": "นายแปร ตะเคียนเกลี้ยง", "ADD": "2 ถ. ซ. ม.3 บ.ตะเคียนรามกลาง ต.ตะเคียนราม อ.ขุขันธ์ จ.ศรีสะเกษ" }, "geometry": { "type": "MultiPolygon", "coordinates": [ [ [ [ 104.172562286750079, 14.59126922028984, 0.0 ], [ 104.172601585594137, 14.591227947633548, 0.0 ], [ 104.172923891017533, 14.591210878593454, 0.0 ], [ 104.172963287610685, 14.591249469904469, 0.0 ], [ 104.173566610619957, 14.590968927426514, 0.0 ], [ 104.173621110221532, 14.590966812947702, 0.0 ], [ 104.1737804636372, 14.5909379571023, 0.0 ], [ 104.174122086230554, 14.590767145748821, 0.0 ], [ 104.174123840145128, 14.590610187309967, 0.0 ], [ 104.174081475617982, 14.59033057554238, 0.0 ], [ 104.173967924435445, 14.590057971844088, 0.0 ], [ 104.173874135305709, 14.589533955640068, 0.0 ], [ 104.173843321252761, 14.589402309858862, 0.0 ], [ 104.173829431719412, 14.589390314012933, 0.0 ], [ 104.173271433882888, 14.589464259288624, 0.0 ], [ 104.172490419420399, 14.589783367069259, 0.0 ], [ 104.172218070758049, 14.589877078998686, 0.0 ], [ 104.172128654678048, 14.589945908302981, 0.0 ], [ 104.172132337008122, 14.590265194075112, 0.0 ], [ 104.172210536385379, 14.590633183893637, 0.0 ], [ 104.171865344487145, 14.591236611032283, 0.0 ], [ 104.172562286750079, 14.59126922028984, 0.0 ] ] ] ] } },
{ "type": "Feature", "properties": { "Plang": "7", "Rawang": "742", "Rai": 10.0, "NGan": 1.0, "Wa": 51.0, "CardID": "3330500218481", "Name": "นายฮอ แซ่เลา", "ADD": "27 ถ. ซ. ม.3 บ. ต.ตะเคียนราม อ.ภูสิงห์ จ.ศรีสะเกษ" }, "geometry": { "type": "MultiPolygon", "coordinates": [ [ [ [ 104.176666955199352, 14.590564553537934, 0.0 ], [ 104.176274010765098, 14.590619740531553, 0.0 ], [ 104.17610412450405, 14.590689054519952, 0.0 ], [ 104.175693061652311, 14.590847222783294, 0.0 ], [ 104.17559575938192, 14.591897201116851, 0.0 ], [ 104.175307903804921, 14.592631861129215, 0.0 ], [ 104.175348496341343, 14.592701418402578, 0.0 ], [ 104.175790708506668, 14.592869524303063, 0.0 ], [ 104.176666955199352, 14.590564553537934, 0.0 ] ] ] ] } },
{ "type": "Feature", "properties": { "Plang": "6", "Rawang": "742", "Rai": 7.0, "NGan": 0.0, "Wa": 55.0, "CardID": "3330500219577", "Name": "นายจำนงค์ ตะเคียนเกลี้ยง", "ADD": "5 ถ. ซ. ม.14 บ.ใหม่สามัคคี ต.ตะเคียนราม อ.ภูสิงห์ จ.ศรีสะเกษ" }, "geometry": { "type": "MultiPolygon", "coordinates": [ [ [ [ 104.175243067361365, 14.590953309485506, 0.0 ], [ 104.175110433091817, 14.591180792150331, 0.0 ], [ 104.174962556100283, 14.591259276778544, 0.0 ], [ 104.174944127917158, 14.592149643504429, 0.0 ], [ 104.174980903804766, 14.592633851563869, 0.0 ], [ 104.175207988586664, 14.592600200623531, 0.0 ], [ 104.175307903804921, 14.592631861129215, 0.0 ], [ 104.17559575938192, 14.591897201116851, 0.0 ], [ 104.175693061652311, 14.590847222783294, 0.0 ], [ 104.175243067361365, 14.590953309485506, 0.0 ] ] ] ] } },
{ "type": "Feature", "properties": { "Plang": "5", "Rawang": "742", "Rai": 10.0, "NGan": 3.0, "Wa": 67.0, "CardID": "0000000000000", "Name": "นายสวาท แก้วสุด", "ADD": "6 ถ. ซ. ม.3 บ.ตะเคียนกลาง ต.ตะเคียนราม อ.ขุขันธ์ จ.ศรีสะเกษ" }, "geometry": { "type": "MultiPolygon", "coordinates": [ [ [ [ 104.175220454990765, 14.590660526705957, 0.0 ], [ 104.174123840145128, 14.590610187309967, 0.0 ], [ 104.174122086230554, 14.590767145748821, 0.0 ], [ 104.17431055788451, 14.591716894210869, 0.0 ], [ 104.174267116395043, 14.592169732622915, 0.0 ], [ 104.174264119828706, 14.592383117907886, 0.0 ], [ 104.174980903804766, 14.592633851563869, 0.0 ], [ 104.174944127917158, 14.592149643504429, 0.0 ], [ 104.174962556100283, 14.591259276778544, 0.0 ], [ 104.175110433091817, 14.591180792150331, 0.0 ], [ 104.175243067361365, 14.590953309485506, 0.0 ], [ 104.175220454990765, 14.590660526705957, 0.0 ] ] ] ] } },
{ "type": "Feature", "properties": { "Plang": "4", "Rawang": "742", "Rai": 10.0, "NGan": 3.0, "Wa": 38.0, "CardID": "3330500219551", "Name": "นางพันธ์ ธรรมพร", "ADD": "48 ถ. ซ. ม.14 บ.ใหม่สามัคคี ต.ตะเคียนราม อ.ภูสิงห์ จ.ศรีสะเกษ" }, "geometry": { "type": "MultiPolygon", "coordinates": [ [ [ [ 104.173660805548636, 14.591156334464197, 0.0 ], [ 104.172849948546855, 14.59141232879797, 0.0 ], [ 104.173059074266249, 14.591783809547964, 0.0 ], [ 104.17335093598939, 14.592457742660024, 0.0 ], [ 104.173546920013607, 14.592362918117979, 0.0 ], [ 104.17391206221852, 14.592264972688547, 0.0 ], [ 104.174267116395043, 14.592169732622915, 0.0 ], [ 104.17431055788451, 14.591716894210869, 0.0 ], [ 104.174122086230554, 14.590767145748821, 0.0 ], [ 104.1737804636372, 14.5909379571023, 0.0 ], [ 104.173621110221532, 14.590966812947702, 0.0 ], [ 104.173660805548636, 14.591156334464197, 0.0 ] ] ] ] } },
{ "type": "Feature", "properties": { "Plang": "2", "Rawang": "742", "Rai": 17.0, "NGan": 2.0, "Wa": 55.0, "CardID": "3330500231062", "Name": "นางสมัน บุตะเคียน", "ADD": "223 ถ. ซ. ม.2 บ. ต.ตะเคียนราม อ.ภูสิงห์ จ.ศรีสะเกษ" }, "geometry": { "type": "MultiPolygon", "coordinates": [ [ [ [ 104.172475553108114, 14.592950956819957, 0.0 ], [ 104.173069069031428, 14.593069442964989, 0.0 ], [ 104.173418089292099, 14.592724283691201, 0.0 ], [ 104.17335093598939, 14.592457742660024, 0.0 ], [ 104.173059074266249, 14.591783809547964, 0.0 ], [ 104.172849948546855, 14.59141232879797, 0.0 ], [ 104.172823670271029, 14.591336901980979, 0.0 ], [ 104.172614926091939, 14.591347211511962, 0.0 ], [ 104.172562286750079, 14.59126922028984, 0.0 ], [ 104.171865344487145, 14.591236611032283, 0.0 ], [ 104.171622877371846, 14.591407561390231, 0.0 ], [ 104.171853372937676, 14.592840282670853, 0.0 ], [ 104.172475553108114, 14.592950956819957, 0.0 ] ] ] ] } },
{ "type": "Feature", "properties": { "Plang": "1", "Rawang": "742", "Rai": 4.0, "NGan": 1.0, "Wa": 60.0, "CardID": "3330500214231", "Name": "นางสงิด อะกะพงษ์", "ADD": "14 ถ. ซ. ม.3 บ. ต.ตะเคียนราม อ.ภูสิงห์ จ.ศรีสะเกษ" }, "geometry": { "type": "MultiPolygon", "coordinates": [ [ [ [ 104.173104594959526, 14.593361541148019, 0.0 ], [ 104.173069069031428, 14.593069442964989, 0.0 ], [ 104.172475553108114, 14.592950956819957, 0.0 ], [ 104.171853372937676, 14.592840282670853, 0.0 ], [ 104.171496473005718, 14.593093833478408, 0.0 ], [ 104.171535601840205, 14.593310694253242, 0.0 ], [ 104.173104594959526, 14.593361541148019, 0.0 ] ] ] ] } },
{ "type": "Feature", "properties": { "Plang": "11", "Rawang": "741", "Rai": 5.0, "NGan": 2.0, "Wa": 26.0, "CardID": "3330500218830", "Name": "นางเสวย ธรรมพร", "ADD": "33 ถ. ซ. ม.3 บ. ต.ตะเคียนราม อ.ภูสิงห์ จ.ศรีสะเกษ" }, "geometry": { "type": "MultiPolygon", "coordinates": [ [ [ [ 104.172284939908138, 14.59412793465277, 0.0 ], [ 104.173092911575637, 14.594118001796415, 0.0 ], [ 104.17315302661504, 14.593693886770927, 0.0 ], [ 104.171534191322309, 14.593582807140384, 0.0 ], [ 104.171461562449139, 14.593997829605243, 0.0 ], [ 104.171705377989738, 14.594019061549901, 0.0 ], [ 104.171779061018256, 14.594080197455094, 0.0 ], [ 104.172284939908138, 14.59412793465277, 0.0 ] ] ] ] } },
{ "type": "Feature", "properties": { "Plang": "10", "Rawang": "741", "Rai": 6.0, "NGan": 3.0, "Wa": 52.0, "CardID": "3330500215997", "Name": "นางสาวเกษร ตะเคียนเกลี้ยง", "ADD": "44 ถ. ซ. ม.5 บ. ต.ตะเคียนราม อ.ภูสิงห์ จ.ศรีสะเกษ" }, "geometry": { "type": "MultiPolygon", "coordinates": [ [ [ [ 104.173092911575637, 14.594118001796415, 0.0 ], [ 104.172284939908138, 14.59412793465277, 0.0 ], [ 104.171779061018256, 14.594080197455094, 0.0 ], [ 104.171705377989738, 14.594019061549901, 0.0 ], [ 104.171461562449139, 14.593997829605243, 0.0 ], [ 104.171420078636473, 14.594666995507879, 0.0 ], [ 104.172004686332301, 14.594579109768258, 0.0 ], [ 104.172493204275781, 14.594645916002657, 0.0 ], [ 104.173080811682425, 14.594663644791263, 0.0 ], [ 104.173161467339668, 14.594511124055773, 0.0 ], [ 104.173169360828226, 14.594379223825523, 0.0 ], [ 104.173092911575637, 14.594118001796415, 0.0 ] ] ] ] } },
{ "type": "Feature", "properties": { "Plang": "9", "Rawang": "741", "Rai": 4.0, "NGan": 1.0, "Wa": 8.0, "CardID": "3330500215016", "Name": "นางเหลี่ยม ตะเคียนราม", "ADD": "22 ถ. ซ. ม.3 บ. ต.ตะเคียนราม อ.ภูสิงห์ จ.ศรีสะเกษ" }, "geometry": { "type": "MultiPolygon", "coordinates": [ [ [ [ 104.17138165233365, 14.595117138312409, 0.0 ], [ 104.171866048325938, 14.595099089188633, 0.0 ], [ 104.17187486579212, 14.594933407570498, 0.0 ], [ 104.17211680230281, 14.594904041603751, 0.0 ], [ 104.173070410101388, 14.594939441299502, 0.0 ], [ 104.173080811682425, 14.594663644791263, 0.0 ], [ 104.172493204275781, 14.594645916002657, 0.0 ], [ 104.172004686332301, 14.594579109768258, 0.0 ], [ 104.171420078636473, 14.594666995507879, 0.0 ], [ 104.17138165233365, 14.595117138312409, 0.0 ] ] ] ] } },
{ "type": "Feature", "properties": { "Plang": "8", "Rawang": "741", "Rai": 2.0, "NGan": 0.0, "Wa": 49.0, "CardID": "0000000000000", "Name": "นางนึก เสาร์สา", "ADD": "89 ถ. ซ. ม.2 บ. ต.ตะเคียนราม อ.ขุขันธ์ จ.ศรีสะเกษ" }, "geometry": { "type": "MultiPolygon", "coordinates": [ [ [ [ 104.17187486579212, 14.594933407570498, 0.0 ], [ 104.171866048325938, 14.595099089188633, 0.0 ], [ 104.172271697594951, 14.595114506050226, 0.0 ], [ 104.172908419092593, 14.595294100206333, 0.0 ], [ 104.173070410101388, 14.594939441299502, 0.0 ], [ 104.17211680230281, 14.594904041603751, 0.0 ], [ 104.17187486579212, 14.594933407570498, 0.0 ] ] ] ] } },
{ "type": "Feature", "properties": { "Plang": "45", "Rawang": "596", "Rai": 3.0, "NGan": 2.0, "Wa": 16.0, "CardID": "3330500083314", "Name": "นายสุพิน วงษ์ขันธ์", "ADD": "40 ถ. ซ. ม.4 บ.มะขาม ต.ปรือใหญ่ อ.ขุขันธ์ จ.ศรีสะเกษ" }, "geometry": { "type": "MultiPolygon", "coordinates": [ [ [ [ 104.192812403817072, 14.618509278716747, 0.0 ], [ 104.192744350498728, 14.618325006372968, 0.0 ], [ 104.190062163195549, 14.618551863722548, 0.0 ], [ 104.190075296714781, 14.618726091476443, 0.0 ], [ 104.192812403817072, 14.618509278716747, 0.0 ] ] ] ] } },
{ "type": "Feature", "properties": { "Plang": "46", "Rawang": "596", "Rai": 3.0, "NGan": 2.0, "Wa": 24.0, "CardID": "3330500083306", "Name": "นางมลิ ปรือปรัง", "ADD": "10 ถ. ซ. ม.4 บ. ต.ปรือใหญ่ อ.ขุขันธ์ จ.ศรีสะเกษ" }, "geometry": { "type": "MultiPolygon", "coordinates": [ [ [ [ 104.192744350498728, 14.618325006372968, 0.0 ], [ 104.192673390946965, 14.618143914653663, 0.0 ], [ 104.190058783102373, 14.618400638712277, 0.0 ], [ 104.190062163195549, 14.618551863722548, 0.0 ], [ 104.192744350498728, 14.618325006372968, 0.0 ] ] ] ] } },
{ "type": "Feature", "properties": { "Plang": "47", "Rawang": "596", "Rai": 3.0, "NGan": 3.0, "Wa": 20.0, "CardID": "3330500083292", "Name": "นางสาวสลินทร์ วงษ์ขันธ์", "ADD": "39 ถ. ซ. ม.4 บ.มะขาม ต.ปรือใหญ่ อ.ขุขันธ์ จ.ศรีสะเกษ" }, "geometry": { "type": "MultiPolygon", "coordinates": [ [ [ [ 104.192589257042712, 14.61793803346074, 0.0 ], [ 104.190038651761014, 14.618204626483735, 0.0 ], [ 104.190058783102373, 14.618400638712277, 0.0 ], [ 104.192673390946965, 14.618143914653663, 0.0 ], [ 104.192589257042712, 14.61793803346074, 0.0 ] ] ] ] } },
{ "type": "Feature", "properties": { "Plang": "38", "Rawang": "516", "Rai": 4.0, "NGan": 0.0, "Wa": 0.0, "CardID": "3330501326164", "Name": "นายสุภาพ จันเทียม", "ADD": "07 ถ. ซ. ม.6 บ.นกยูง ต.ห้วยตึ๊กชู อ.ภูสิงห์ จ.ศรีสะเกษ" }, "geometry": { "type": "MultiPolygon", "coordinates": [ [ [ [ 104.147384834400611, 14.628828271102522, 0.0 ], [ 104.147067861291831, 14.628818924598267, 0.0 ], [ 104.147101304899877, 14.629917581931711, 0.0 ], [ 104.147576025655738, 14.629988430179566, 0.0 ], [ 104.14756417755234, 14.628842911705192, 0.0 ], [ 104.147384834400611, 14.628828271102522, 0.0 ] ] ] ] } },
{ "type": "Feature", "properties": { "Plang": "40", "Rawang": "516", "Rai": 6.0, "NGan": 2.0, "Wa": 40.0, "CardID": "3330501371143", "Name": "นางกริยากร วันชม", "ADD": "57 ถ. ซ. ม.9 บ.ตะแบงใต้ ต.ห้วยตึ๊กชู อ.ภูสิงห์ จ.ศรีสะเกษ" }, "geometry": { "type": "MultiPolygon", "coordinates": [ [ [ [ 104.148250272421706, 14.627487911051663, 0.0 ], [ 104.147354850140559, 14.627574107235429, 0.0 ], [ 104.147275105035419, 14.62834136013667, 0.0 ], [ 104.147071862858127, 14.628361996620262, 0.0 ], [ 104.147067861291831, 14.628818924598267, 0.0 ], [ 104.147384834400611, 14.628828271102522, 0.0 ], [ 104.147400814879518, 14.628326371103499, 0.0 ], [ 104.148157119477204, 14.628369929660336, 0.0 ], [ 104.148222178486364, 14.62765472949075, 0.0 ], [ 104.148250272421706, 14.627487911051663, 0.0 ] ] ] ] } },
{ "type": "Feature", "properties": { "Plang": "39", "Rawang": "516", "Rai": 10.0, "NGan": 3.0, "Wa": 74.0, "CardID": "3330501327217", "Name": "นางสาวนนท์ อุดรพันธ์", "ADD": "93 ถ. ซ. ม.7 บ.กันแต ต.ห้วยใต้ อ.ขุขันธ์ จ.ศรีสะเกษ" }, "geometry": { "type": "MultiPolygon", "coordinates": [ [ [ [ 104.148222178486364, 14.62765472949075, 0.0 ], [ 104.15039130660557, 14.62778499012086, 0.0 ], [ 104.150414354392254, 14.627693672664602, 0.0 ], [ 104.15056954014625, 14.627116795177757, 0.0 ], [ 104.148580384399509, 14.626936528088866, 0.0 ], [ 104.148497556839189, 14.626916238433907, 0.0 ], [ 104.148484410634993, 14.627469924607571, 0.0 ], [ 104.148250272421706, 14.627487911051663, 0.0 ], [ 104.148222178486364, 14.62765472949075, 0.0 ] ] ] ] } },
{ "type": "Feature", "properties": { "Plang": "19", "Rawang": "596", "Rai": 2.0, "NGan": 1.0, "Wa": 37.0, "CardID": "3330500083331", "Name": "นางอ๋อย วงษ์ขันธ์", "ADD": "23 ถ. ซ. ม.4 บ. ต.ปรือใหญ่ อ.ขุขันธ์ จ.ศรีสะเกษ" }, "geometry": { "type": "MultiPolygon", "coordinates": [ [ [ [ 104.192400114190491, 14.616983159946638, 0.0 ], [ 104.190135426815388, 14.617270548111936, 0.0 ], [ 104.190156709794039, 14.617425034267528, 0.0 ], [ 104.192420273488139, 14.61708646998917, 0.0 ], [ 104.192400114190491, 14.616983159946638, 0.0 ] ] ] ] } },
{ "type": "Feature", "properties": { "Plang": "42", "Rawang": "596", "Rai": 2.0, "NGan": 0.0, "Wa": 41.0, "CardID": "3330500083314", "Name": "นายสุพิน วงษ์ขันธ์", "ADD": "40 ถ. ซ. ม.4 บ.มะขาม ต.ปรือใหญ่ อ.ขุขันธ์ จ.ศรีสะเกษ" }, "geometry": { "type": "MultiPolygon", "coordinates": [ [ [ [ 104.190105525561279, 14.617180904533914, 0.0 ], [ 104.190135426815388, 14.617270548111936, 0.0 ], [ 104.192400114190491, 14.616983159946638, 0.0 ], [ 104.192378293624017, 14.616830642839435, 0.0 ], [ 104.190105525561279, 14.617180904533914, 0.0 ] ] ] ] } },
{ "type": "Feature", "properties": { "Plang": "44", "Rawang": "596", "Rai": 2.0, "NGan": 1.0, "Wa": 9.0, "CardID": "3330500083292", "Name": "นางสาวสลินทร์ วงษ์ขันธ์", "ADD": "39 ถ. ซ. ม.4 บ.มะขาม ต.ปรือใหญ่ อ.ขุขันธ์ จ.ศรีสะเกษ" }, "geometry": { "type": "MultiPolygon", "coordinates": [ [ [ [ 104.192322885680539, 14.616522979967268, 0.0 ], [ 104.190131140330934, 14.616937433784715, 0.0 ], [ 104.190114789891865, 14.617071205893719, 0.0 ], [ 104.192360507944372, 14.616688034519544, 0.0 ], [ 104.192322885680539, 14.616522979967268, 0.0 ] ] ] ] } },
{ "type": "Feature", "properties": { "Plang": "26", "Rawang": "598", "Rai": 10.0, "NGan": 0.0, "Wa": 0.0, "CardID": "3330500070310", "Name": "นางสมานใจ วงศ์ขันธ์", "ADD": "61 ถ. ซ. ม.7 บ.ปรือคันตะวันตก ต.ปรือใหญ่ อ.ขุขันธ์ จ.ศรีสะเกษ" }, "geometry": { "type": "MultiPolygon", "coordinates": [ [ [ [ 104.190661756548735, 14.613738612522083, 0.0 ], [ 104.190633272733066, 14.613547735413215, 0.0 ], [ 104.190574272661181, 14.613299745861116, 0.0 ], [ 104.187988297367653, 14.613678894350379, 0.0 ], [ 104.187987632103088, 14.613860386823879, 0.0 ], [ 104.187998382478256, 14.61423052637347, 0.0 ], [ 104.190661756548735, 14.613738612522083, 0.0 ] ] ] ] } },
{ "type": "Feature", "properties": { "Plang": "27", "Rawang": "598", "Rai": 10.0, "NGan": 0.0, "Wa": 1.0, "CardID": "3330500085256", "Name": "นายธาณินทร์ บุตะเคียน", "ADD": "87 ถ. ซ. ม.7 บ.ปรือคันตะวันตก ต.ปรือใหญ่ อ.ขุขันธ์ จ.ศรีสะเกษ" }, "geometry": { "type": "MultiPolygon", "coordinates": [ [ [ [ 104.19046475188388, 14.612590779958188, 0.0 ], [ 104.190452754527399, 14.612335672043184, 0.0 ], [ 104.189960457168027, 14.612402761421768, 0.0 ], [ 104.1879830914894, 14.612461298861042, 0.0 ], [ 104.187996401103177, 14.613082581666843, 0.0 ], [ 104.190483590298342, 14.612810814023595, 0.0 ], [ 104.19046475188388, 14.612590779958188, 0.0 ] ] ] ] } },
{ "type": "Feature", "properties": { "Plang": "9", "Rawang": "598", "Rai": 10.0, "NGan": 0.0, "Wa": 13.0, "CardID": "3330500074897", "Name": "นายขิด ปรือปรัง", "ADD": "110 ถ. ซ. ม.12 บ. ต.ปรือใหญ่ อ.ขุขันธ์ จ.ศรีสะเกษ" }, "geometry": { "type": "MultiPolygon", "coordinates": [ [ [ [ 104.187674161090328, 14.614294041599576, 0.0 ], [ 104.187812250047841, 14.614752974265802, 0.0 ], [ 104.190710262047546, 14.614143600948516, 0.0 ], [ 104.190677324446597, 14.613963788318353, 0.0 ], [ 104.190661756548735, 14.613738612522083, 0.0 ], [ 104.187998382478256, 14.61423052637347, 0.0 ], [ 104.187674161090328, 14.614294041599576, 0.0 ] ] ] ] } },
{ "type": "Feature", "properties": { "Plang": "30", "Rawang": "763", "Rai": 5.0, "NGan": 3.0, "Wa": 26.0, "CardID": "3330500081851", "Name": "นายสมพงษ์ พลเมือง", "ADD": "48 ถ. ซ. ม.11 บ.เนินแสง ต.ปรือใหญ่ อ.ขุขันธ์ จ.ศรีสะเกษ" }, "geometry": { "type": "MultiPolygon", "coordinates": [ [ [ [ 104.19100381830485, 14.602304441866075, 0.0 ], [ 104.190397355331839, 14.602415393501525, 0.0 ], [ 104.190366860048314, 14.602900510322158, 0.0 ], [ 104.190308115828103, 14.603524150532378, 0.0 ], [ 104.191851469528999, 14.602213364383811, 0.0 ], [ 104.19100381830485, 14.602304441866075, 0.0 ] ] ] ] } },
{ "type": "Feature", "properties": { "Plang": "28", "Rawang": "763", "Rai": 16.0, "NGan": 2.0, "Wa": 31.0, "CardID": "3330500224872", "Name": "นายเรือน บุตะเคียน", "ADD": "23 ถ. ซ. ม.2 บ.ตะเคียนรามตะวัน ต.ตะเคียนราม อ.ภูสิงห์ จ.ศรีสะเกษ" }, "geometry": { "type": "MultiPolygon", "coordinates": [ [ [ [ 104.189785761426506, 14.599392625337563, 0.0 ], [ 104.189821093687954, 14.599782128766005, 0.0 ], [ 104.189824959665273, 14.600152078660738, 0.0 ], [ 104.189937691797468, 14.600802994284349, 0.0 ], [ 104.190313079498097, 14.602060684542948, 0.0 ], [ 104.190397355331839, 14.602415393501525, 0.0 ], [ 104.19100381830485, 14.602304441866075, 0.0 ], [ 104.190567799029935, 14.599448509397837, 0.0 ], [ 104.190349806127912, 14.599433694217337, 0.0 ], [ 104.190203827438395, 14.599408594477566, 0.0 ], [ 104.189785761426506, 14.599392625337563, 0.0 ] ] ] ] } },
{ "type": "Feature", "properties": { "Plang": "29", "Rawang": "763", "Rai": 18.0, "NGan": 1.0, "Wa": 51.0, "CardID": "3330500224899", "Name": "นางจำเริญ บุตะเคียน", "ADD": "119 ถ. ซ. ม.1 บ.ตะเคียนรามตะวัน ต.ตะเคียนราม อ.ภูสิงห์ จ.ศรีสะเกษ" }, "geometry": { "type": "MultiPolygon", "coordinates": [ [ [ [ 104.190567799029935, 14.599448509397837, 0.0 ], [ 104.19100381830485, 14.602304441866075, 0.0 ], [ 104.191851469528999, 14.602213364383811, 0.0 ], [ 104.19145286043927, 14.599475544723186, 0.0 ], [ 104.190567799029935, 14.599448509397837, 0.0 ] ] ] ] } },
{ "type": "Feature", "properties": { "Plang": "25", "Rawang": "767", "Rai": 9.0, "NGan": 2.0, "Wa": 42.0, "CardID": "3330500225739", "Name": "นางสะวี บุตะเคียน", "ADD": "20 ถ. ซ. ม.1 บ.ตะเคียนรามตะวัน ต.ตะเคียนราม อ.ภูสิงห์ จ.ศรีสะเกษ" }, "geometry": { "type": "MultiPolygon", "coordinates": [ [ [ [ 104.191275009335598, 14.596307931675806, 0.0 ], [ 104.191496487543475, 14.597326783050287, 0.0 ], [ 104.192096499687722, 14.597237895672912, 0.0 ], [ 104.191567276506589, 14.59509090050714, 0.0 ], [ 104.191025221423544, 14.595412303953712, 0.0 ], [ 104.191275009335598, 14.596307931675806, 0.0 ] ] ] ] } },
{ "type": "Feature", "properties": { "Plang": "7", "Rawang": "741", "Rai": 8.0, "NGan": 3.0, "Wa": 33.0, "CardID": "0000000000000", "Name": "นางอินทร์ บุตะเคียน", "ADD": "21 ถ. ซ. ม.6 บ. ต.ตะเคียนราม อ.ขุขันธ์ จ.ศรีสะเกษ" }, "geometry": { "type": "MultiPolygon", "coordinates": [ [ [ [ 104.1727128370337, 14.596030093645284, 0.0 ], [ 104.172756232803906, 14.595658374789171, 0.0 ], [ 104.172908419092593, 14.595294100206333, 0.0 ], [ 104.172271697594951, 14.595114506050226, 0.0 ], [ 104.171866048325938, 14.595099089188633, 0.0 ], [ 104.17138165233365, 14.595117138312409, 0.0 ], [ 104.171281190375737, 14.595892606281517, 0.0 ], [ 104.171850090670873, 14.595923337353096, 0.0 ], [ 104.171871548140587, 14.595901882416156, 0.0 ], [ 104.172151670128414, 14.59593295882766, 0.0 ], [ 104.1727128370337, 14.596030093645284, 0.0 ] ] ] ] } },
{ "type": "Feature", "properties": { "Plang": "15", "Rawang": "1118", "Rai": 14.0, "NGan": 2.0, "Wa": 99.0, "CardID": "0000000000000", "Name": "นายสุพี รัตนพันธ์", "ADD": "37 ถ. ซ. ม.1 บ.โคกตาล ต.โคกตาล อ.ภูสิงห์ จ.ศรีสะเกษ" }, "geometry": { "type": "MultiPolygon", "coordinates": [ [ [ [ 104.200684594170326, 14.580215853019702, 0.0 ], [ 104.201246178277586, 14.579837419232565, 0.0 ], [ 104.201599324871694, 14.579462269335966, 0.0 ], [ 104.201797877079571, 14.579239943486431, 0.0 ], [ 104.201922975608014, 14.579111914455241, 0.0 ], [ 104.201849314441759, 14.578982755287612, 0.0 ], [ 104.201287068417841, 14.579056587163524, 0.0 ], [ 104.199922555054911, 14.579345349844335, 0.0 ], [ 104.199490543061685, 14.579334496661758, 0.0 ], [ 104.199704600760327, 14.580483428079813, 0.0 ], [ 104.200684594170326, 14.580215853019702, 0.0 ] ] ] ] } },
{ "type": "Feature", "properties": { "Plang": "17", "Rawang": "1118", "Rai": 4.0, "NGan": 0.0, "Wa": 89.0, "CardID": "3330500130088", "Name": "นายสุทิน เตชะ", "ADD": "91 ถ. ซ. ม.12 บ.ห้วยยาง ต.ตะเคียนราม อ.ภูสิงห์ จ.ศรีสะเกษ" }, "geometry": { "type": "MultiPolygon", "coordinates": [ [ [ [ 104.199490543061685, 14.579334496661758, 0.0 ], [ 104.199922555054911, 14.579345349844335, 0.0 ], [ 104.199780595797719, 14.578243447955908, 0.0 ], [ 104.199158342698141, 14.578377562412149, 0.0 ], [ 104.199490543061685, 14.579334496661758, 0.0 ] ] ] ] } },
{ "type": "Feature", "properties": { "Plang": "16", "Rawang": "1118", "Rai": 16.0, "NGan": 0.0, "Wa": 50.0, "CardID": "3330500125122", "Name": "นางทุม ศรีสิงห์", "ADD": "23 ถ. ซ. ม.1 บ.โคกตาล ต.โคกตาล อ.ภูสิงห์ จ.ศรีสะเกษ" }, "geometry": { "type": "MultiPolygon", "coordinates": [ [ [ [ 104.200060681327955, 14.578144196869161, 0.0 ], [ 104.199780595797719, 14.578243447955908, 0.0 ], [ 104.199922555054911, 14.579345349844335, 0.0 ], [ 104.201287068417841, 14.579056587163524, 0.0 ], [ 104.201849314441759, 14.578982755287612, 0.0 ], [ 104.201479985464545, 14.57780329427195, 0.0 ], [ 104.200710127757034, 14.577977931973935, 0.0 ], [ 104.200060681327955, 14.578144196869161, 0.0 ] ] ] ] } },
{ "type": "Feature", "properties": { "Plang": "14", "Rawang": "1118", "Rai": 28.0, "NGan": 0.0, "Wa": 39.0, "CardID": "0000000000000", "Name": "นางมา คำเหลี่ยม", "ADD": "116 ถ. ซ. ม.1 บ.โคกตาล ต.โคกตาล อ.ภูสิงห์ จ.ศรีสะเกษ" }, "geometry": { "type": "MultiPolygon", "coordinates": [ [ [ [ 104.202091713798282, 14.578934362516332, 0.0 ], [ 104.202723683678954, 14.578261399275219, 0.0 ], [ 104.203353424219998, 14.577622986883322, 0.0 ], [ 104.202846721137007, 14.576760643372925, 0.0 ], [ 104.202121175306019, 14.576158536120179, 0.0 ], [ 104.200936712809209, 14.576502928377099, 0.0 ], [ 104.201412086060316, 14.577516193271519, 0.0 ], [ 104.201479985464545, 14.57780329427195, 0.0 ], [ 104.201849314441759, 14.578982755287612, 0.0 ], [ 104.201922975608014, 14.579111914455241, 0.0 ], [ 104.202091713798282, 14.578934362516332, 0.0 ] ] ] ] } },
{ "type": "Feature", "properties": { "Plang": "16", "Rawang": "505", "Rai": 7.0, "NGan": 1.0, "Wa": 81.0, "CardID": "3330500179975", "Name": "นางสด ทองแพรว", "ADD": "60 ถ. ซ. ม.13 บ. ต.ห้วยใต้ อ.ขุขันธ์ จ.ศรีสะเกษ" }, "geometry": { "type": "MultiPolygon", "coordinates": [ [ [ [ 104.168422687093724, 14.636406276894467, 0.0 ], [ 104.168363627559842, 14.636413617851284, 0.0 ], [ 104.167328328070099, 14.636654387807011, 0.0 ], [ 104.166536234886621, 14.636716394977931, 0.0 ], [ 104.165860801542038, 14.636767533472057, 0.0 ], [ 104.164757778097339, 14.636769394137479, 0.0 ], [ 104.164735736451107, 14.637177146108289, 0.0 ], [ 104.168500011573215, 14.636700419315368, 0.0 ], [ 104.168422687093724, 14.636406276894467, 0.0 ] ] ] ] } },
{ "type": "Feature", "properties": { "Plang": "9", "Rawang": "5838III1016", "Rai": 3.0, "NGan": 2.0, "Wa": 69.0, "CardID": "3330500187004", "Name": "นางเภา บังคม", "ADD": "10 ถ. ซ. ม.13 บ. ต.ตะเคียนราม อ.ภูสิงห์ จ.ศรีสะเกษ" }, "geometry": { "type": "MultiPolygon", "coordinates": [ [ [ [ 104.167624420685982, 14.633782862861857, 0.0 ], [ 104.168143993798012, 14.633782156785824, 0.0 ], [ 104.1681535502684, 14.633120657985009, 0.0 ], [ 104.167373009290174, 14.633127199801365, 0.0 ], [ 104.167392957086463, 14.633368823947343, 0.0 ], [ 104.167427276343744, 14.633784526237791, 0.0 ], [ 104.167624420685982, 14.633782862861857, 0.0 ] ] ] ] } },
{ "type": "Feature", "properties": { "Plang": "10", "Rawang": "5838III1016", "Rai": 9.0, "NGan": 0.0, "Wa": 51.0, "CardID": "1330500143230", "Name": "นางศิริวิมล แซ่ลี", "ADD": "10 ถ. ซ. ม.13 บ.โคกสะอาด ต.ตะเคียนราม อ.ภูสิงห์ จ.ศรีสะเกษ" }, "geometry": { "type": "MultiPolygon", "coordinates": [ [ [ [ 104.16483192822713, 14.633807514833803, 0.0 ], [ 104.165038185125169, 14.633804670564283, 0.0 ], [ 104.167427276343744, 14.633784526237791, 0.0 ], [ 104.167392957086463, 14.633368823947343, 0.0 ], [ 104.164743885607834, 14.633285492226152, 0.0 ], [ 104.16483192822713, 14.633807514833803, 0.0 ] ] ] ] } },
{ "type": "Feature", "properties": { "Plang": "11", "Rawang": "5838III1016", "Rai": 9.0, "NGan": 0.0, "Wa": 37.0, "CardID": "2331700000555", "Name": "นางสาวสายเงิน บังคม", "ADD": "35 ถ. ซ. ม.13 บ.โคกสะอาด ต.ตะเคียนราม อ.ภูสิงห์ จ.ศรีสะเกษ" }, "geometry": { "type": "MultiPolygon", "coordinates": [ [ [ [ 104.167338247133301, 14.632954815905537, 0.0 ], [ 104.164647779744158, 14.632778108745008, 0.0 ], [ 104.164704441428611, 14.633051618977472, 0.0 ], [ 104.164743885607834, 14.633285492226152, 0.0 ], [ 104.167392957086463, 14.633368823947343, 0.0 ], [ 104.167373009290174, 14.633127199801365, 0.0 ], [ 104.167338247133301, 14.632954815905537, 0.0 ] ] ] ] } },
{ "type": "Feature", "properties": { "Plang": "12", "Rawang": "5838III1016", "Rai": 9.0, "NGan": 0.0, "Wa": 36.0, "CardID": "3330500187047", "Name": "นางสาวสายพิน บังคม", "ADD": "49 ถ. ซ. ม.13 บ.โคกสะอาด ต.ตะเคียนราม อ.ภูสิงห์ จ.ศรีสะเกษ" }, "geometry": { "type": "MultiPolygon", "coordinates": [ [ [ [ 104.164647779744158, 14.632778108745008, 0.0 ], [ 104.167338247133301, 14.632954815905537, 0.0 ], [ 104.167290527289609, 14.63271817506409, 0.0 ], [ 104.16725960743625, 14.63259060451206, 0.0 ], [ 104.164570048015989, 14.632224104197407, 0.0 ], [ 104.164570668881311, 14.632399544040457, 0.0 ], [ 104.164647779744158, 14.632778108745008, 0.0 ] ] ] ] } },
{ "type": "Feature", "properties": { "Plang": "13", "Rawang": "5838III1016", "Rai": 9.0, "NGan": 0.0, "Wa": 59.0, "CardID": "3330500187039", "Name": "นางภิชชาญา บังคม", "ADD": "231/2 ถ.เทพา ซ. ม. บ. ต.เมืองเหนือ อ.เมืองศรีสะเกษ จ.ศรีสะเกษ" }, "geometry": { "type": "MultiPolygon", "coordinates": [ [ [ [ 104.16725960743625, 14.63259060451206, 0.0 ], [ 104.167184845327085, 14.632286733188602, 0.0 ], [ 104.167136420801739, 14.632185232908515, 0.0 ], [ 104.164540685789319, 14.631674168906104, 0.0 ], [ 104.164571260361129, 14.632008531897414, 0.0 ], [ 104.164570048015989, 14.632224104197407, 0.0 ], [ 104.16725960743625, 14.63259060451206, 0.0 ] ] ] ] } },
{ "type": "Feature", "properties": { "Plang": "80", "Rawang": "5838III1010", "Rai": 5.0, "NGan": 3.0, "Wa": 16.0, "CardID": "3330500229939", "Name": "นายทองสัย แพงมาก", "ADD": "18 ถ. ซ. ม.12 บ. ต.ตะเคียนราม อ.ภูสิงห์ จ.ศรีสะเกษ" }, "geometry": { "type": "MultiPolygon", "coordinates": [ [ [ [ 104.162137553979704, 14.575583505882069, 0.0 ], [ 104.162838040979352, 14.574648258382313, 0.0 ], [ 104.162782808259578, 14.57447560925157, 0.0 ], [ 104.16130277706192, 14.574937270686339, 0.0 ], [ 104.16171275712513, 14.575336575358643, 0.0 ], [ 104.161966935865777, 14.575420108246458, 0.0 ], [ 104.162137553979704, 14.575583505882069, 0.0 ] ] ] ] } },
{ "type": "Feature", "properties": { "Plang": "79", "Rawang": "5838III1010", "Rai": 4.0, "NGan": 3.0, "Wa": 48.0, "CardID": "1330500011937", "Name": "นางจำลวย บุตะเคียน", "ADD": "18 ถ. ซ. ม.12 บ.ห้วยยาง ต.ตะเคียนราม อ.ภูสิงห์ จ.ศรีสะเกษ" }, "geometry": { "type": "MultiPolygon", "coordinates": [ [ [ [ 104.162297723276453, 14.575844341775976, 0.0 ], [ 104.162317749510379, 14.575924227445091, 0.0 ], [ 104.163307924869684, 14.575453736237995, 0.0 ], [ 104.163137875041301, 14.575346527287994, 0.0 ], [ 104.162969148097744, 14.575275851610449, 0.0 ], [ 104.163089307103832, 14.574983117732375, 0.0 ], [ 104.162982692679179, 14.574981163510444, 0.0 ], [ 104.162886908512107, 14.574800985260955, 0.0 ], [ 104.162838040979352, 14.574648258382313, 0.0 ], [ 104.162137553979704, 14.575583505882069, 0.0 ], [ 104.162297723276453, 14.575844341775976, 0.0 ] ] ] ] } },
{ "type": "Feature", "properties": { "Plang": "78", "Rawang": "5838III1010", "Rai": 8.0, "NGan": 1.0, "Wa": 43.0, "CardID": "1330500011937", "Name": "นางจำลวย บุตะเคียน", "ADD": "18 ถ. ซ. ม.12 บ.ห้วยยาง ต.ตะเคียนราม อ.ภูสิงห์ จ.ศรีสะเกษ" }, "geometry": { "type": "MultiPolygon", "coordinates": [ [ [ [ 104.16295445326007, 14.576326592300578, 0.0 ], [ 104.16394035495594, 14.576510923781649, 0.0 ], [ 104.164132165132813, 14.575794154699754, 0.0 ], [ 104.163690186304152, 14.575694434357487, 0.0 ], [ 104.163331314479834, 14.575468460737802, 0.0 ], [ 104.162324354171957, 14.575950579077475, 0.0 ], [ 104.162390410122413, 14.576214085702766, 0.0 ], [ 104.162590069344972, 14.576176940839318, 0.0 ], [ 104.162968975853445, 14.576269087678986, 0.0 ], [ 104.16295445326007, 14.576326592300578, 0.0 ] ] ] ] } },
{ "type": "Feature", "properties": { "Plang": "77", "Rawang": "5838III1010", "Rai": 5.0, "NGan": 2.0, "Wa": 13.0, "CardID": "3330500227928", "Name": "นางรวน บุญขาว", "ADD": "17 ถ. ซ. ม.12 บ.ห้วยยาง ต.ตะเคียนราม อ.ภูสิงห์ จ.ศรีสะเกษ" }, "geometry": { "type": "MultiPolygon", "coordinates": [ [ [ [ 104.169908640306616, 14.580512708891067, 0.0 ], [ 104.169626017875899, 14.580760575173537, 0.0 ], [ 104.170583085715649, 14.580909787442154, 0.0 ], [ 104.170540388712027, 14.579796633108302, 0.0 ], [ 104.169765398753114, 14.579926598016657, 0.0 ], [ 104.169908640306616, 14.580512708891067, 0.0 ] ] ] ] } },
{ "type": "Feature", "properties": { "Plang": "2", "Rawang": "5838III1016", "Rai": 5.0, "NGan": 2.0, "Wa": 70.0, "CardID": "1331700007292", "Name": "นางสาวขวัญฤดี บุญขาว", "ADD": "103 ถ. ซ. ม.3 บ.ตะเคียนรามกลาง ต.ตะเคียนราม อ.ภูสิงห์ จ.ศรีสะเกษ" }, "geometry": { "type": "MultiPolygon", "coordinates": [ [ [ [ 104.166815028247044, 14.622672185014379, 0.0 ], [ 104.166978744738145, 14.623303807684255, 0.0 ], [ 104.167052386266775, 14.623523186526977, 0.0 ], [ 104.167404279463398, 14.6242244563173, 0.0 ], [ 104.167548308795816, 14.624952044990133, 0.0 ], [ 104.167782895620775, 14.624845887820992, 0.0 ], [ 104.167654511967768, 14.624275380096842, 0.0 ], [ 104.167200980070604, 14.62257497783281, 0.0 ], [ 104.166815028247044, 14.622672185014379, 0.0 ] ] ] ] } },
{ "type": "Feature", "properties": { "Plang": "14", "Rawang": "5838III1016", "Rai": 2.0, "NGan": 1.0, "Wa": 67.0, "CardID": "3330500348890", "Name": "นางสาวศศินันท์ บุญขาว", "ADD": "53 ถ. ซ. ม.8 บ.ตาโสม ต.ตะเคียนราม อ.ภูสิงห์ จ.ศรีสะเกษ" }, "geometry": { "type": "MultiPolygon", "coordinates": [ [ [ [ 104.16796437593527, 14.624781157361914, 0.0 ], [ 104.168207537993922, 14.624703055527647, 0.0 ], [ 104.168360036480166, 14.624689024570785, 0.0 ], [ 104.16822868827002, 14.624161596693572, 0.0 ], [ 104.167654511967768, 14.624275380096842, 0.0 ], [ 104.167782895620775, 14.624845887820992, 0.0 ], [ 104.16796437593527, 14.624781157361914, 0.0 ] ] ] ] } },
{ "type": "Feature", "properties": { "Plang": "2", "Rawang": "5838III0816", "Rai": 5.0, "NGan": 0.0, "Wa": 1.0, "CardID": "3330500190137", "Name": "นายธนดล อ่อนคำ", "ADD": "60 ถ. ซ. ม.5 บ.สระรุน ต.ห้วยใต้ อ.ขุขันธ์ จ.ศรีสะเกษ" }, "geometry": { "type": "MultiPolygon", "coordinates": [ [ [ [ 104.154311299064886, 14.633675959640453, 0.0 ], [ 104.156640641040823, 14.633663799147024, 0.0 ], [ 104.156599796880144, 14.633471287787332, 0.0 ], [ 104.152455237187624, 14.633561875540687, 0.0 ], [ 104.152456770281646, 14.633698955948054, 0.0 ], [ 104.154311299064886, 14.633675959640453, 0.0 ] ] ] ] } },
{ "type": "Feature", "properties": { "Plang": "3", "Rawang": "5838III0816", "Rai": 4.0, "NGan": 0.0, "Wa": 0.0, "CardID": "1330500261267", "Name": "นางสาวอรอนงค์ บุญขาว", "ADD": "125/1 ถ. ซ. ม.5 บ.สระรุน ต.ห้วยใต้ อ.ขุขันธ์ จ.ศรีสะเกษ" }, "geometry": { "type": "MultiPolygon", "coordinates": [ [ [ [ 104.156599796880144, 14.633471287787332, 0.0 ], [ 104.156565251611084, 14.633308464848819, 0.0 ], [ 104.15246520916503, 14.633464690288953, 0.0 ], [ 104.152455237187624, 14.633561875540687, 0.0 ], [ 104.156599796880144, 14.633471287787332, 0.0 ] ] ] ] } },
{ "type": "Feature", "properties": { "Plang": "4", "Rawang": "5838III0816", "Rai": 3.0, "NGan": 2.0, "Wa": 93.0, "CardID": "3330500190129", "Name": "นางสาวชนัญชิดา อ่อนคำ", "ADD": "125/1 ถ. ซ. ม.5 บ.สระรุน ต.ห้วยใต้ อ.ขุขันธ์ จ.ศรีสะเกษ" }, "geometry": { "type": "MultiPolygon", "coordinates": [ [ [ [ 104.156565251611084, 14.633308464848819, 0.0 ], [ 104.156536593291776, 14.633173388830992, 0.0 ], [ 104.152476503308776, 14.633354619287928, 0.0 ], [ 104.15246520916503, 14.633464690288953, 0.0 ], [ 104.156565251611084, 14.633308464848819, 0.0 ] ] ] ] } },
{ "type": "Feature", "properties": { "Plang": "5", "Rawang": "5838III0816", "Rai": 9.0, "NGan": 3.0, "Wa": 99.0, "CardID": "3330500189899", "Name": "นางสุบรรณ์ พลภักดี", "ADD": "132 ถ. ซ. ม.5 บ.สระรุน ต.ห้วยใต้ อ.ขุขันธ์ จ.ศรีสะเกษ" }, "geometry": { "type": "MultiPolygon", "coordinates": [ [ [ [ 104.152512903214728, 14.633038242199349, 0.0 ], [ 104.152498089176248, 14.633144246323431, 0.0 ], [ 104.152476503308776, 14.633354619287928, 0.0 ], [ 104.156536593291776, 14.633173388830992, 0.0 ], [ 104.156518822187124, 14.633089627737226, 0.0 ], [ 104.156454703276552, 14.632821087373037, 0.0 ], [ 104.152512903214728, 14.633038242199349, 0.0 ] ] ] ] } },
{ "type": "Feature", "properties": { "Plang": "98", "Rawang": "5838III1010", "Rai": 3.0, "NGan": 1.0, "Wa": 59.0, "CardID": "1330500011597", "Name": "นางสาวลักษิกา บุตะเคียน", "ADD": "18 ถ. ซ. ม.6 บ.กระโดน ต.ตะเคียนราม อ.ภูสิงห์ จ.ศรีสะเกษ" }, "geometry": { "type": "MultiPolygon", "coordinates": [ [ [ [ 104.165988184776751, 14.582498139711198, 0.0 ], [ 104.166032123291345, 14.581597715286877, 0.0 ], [ 104.165213157246754, 14.58177317030967, 0.0 ], [ 104.165718171341695, 14.582373730031415, 0.0 ], [ 104.165791912336402, 14.58249744038018, 0.0 ], [ 104.165973364344836, 14.582801849657191, 0.0 ], [ 104.165988184776751, 14.582498139711198, 0.0 ] ] ] ] } },
{ "type": "Feature", "properties": { "Plang": "10", "Rawang": "5838III1214", "Rai": 6.0, "NGan": 1.0, "Wa": 60.0, "CardID": "3330500087140", "Name": "นางบุญมา เกตหอม", "ADD": "78 ถ. ซ. ม.11 บ.เนินแสง ต.ปรือใหญ่ อ.ขุขันธ์ จ.ศรีสะเกษ" }, "geometry": { "type": "MultiPolygon", "coordinates": [ [ [ [ 104.189962004597774, 14.607817720743551, 0.0 ], [ 104.188193943505595, 14.608098838921546, 0.0 ], [ 104.188193363210686, 14.608540063373374, 0.0 ], [ 104.190321463660339, 14.608202130090504, 0.0 ], [ 104.189962004597774, 14.607817720743551, 0.0 ] ] ] ] } },
{ "type": "Feature", "properties": { "Plang": "11", "Rawang": "5838III1214", "Rai": 8.0, "NGan": 2.0, "Wa": 46.0, "CardID": "1330500158644", "Name": "นางสาววรรรณา ตะเคียนราม", "ADD": "28 ถ. ซ. ม.11 บ.เนินแสง ต.ปรือใหญ่ อ.ขุขันธ์ จ.ศรีสะเกษ" }, "geometry": { "type": "MultiPolygon", "coordinates": [ [ [ [ 104.188193943505595, 14.608098838921546, 0.0 ], [ 104.189962004597774, 14.607817720743551, 0.0 ], [ 104.189298102606628, 14.607107732073425, 0.0 ], [ 104.188194983867632, 14.607307708971797, 0.0 ], [ 104.188193943505595, 14.608098838921546, 0.0 ] ] ] ] } },
{ "type": "Feature", "properties": { "Plang": "12", "Rawang": "5838III1214", "Rai": 2.0, "NGan": 2.0, "Wa": 87.0, "CardID": "3330500087158", "Name": "นายธนชัย ตะเคียนราม", "ADD": "56 ถ. ซ. ม.4 บ.มะขาม ต.ปรือใหญ่ อ.ขุขันธ์ จ.ศรีสะเกษ" }, "geometry": { "type": "MultiPolygon", "coordinates": [ [ [ [ 104.188195525980916, 14.606895417228429, 0.0 ], [ 104.188194983867632, 14.607307708971797, 0.0 ], [ 104.189298102606628, 14.607107732073425, 0.0 ], [ 104.189013038646365, 14.60680287765576, 0.0 ], [ 104.188195525980916, 14.606895417228429, 0.0 ] ] ] ] } },
{ "type": "Feature", "properties": { "Plang": "13", "Rawang": "5838III1214", "Rai": 2.0, "NGan": 3.0, "Wa": 75.0, "CardID": "5330500006286", "Name": "นายสุระชัย ตะเคียนเกลี้ยง", "ADD": "156 ถ. ซ. ม.16 บ.ป่าตะแบก ต.โตนด อ.คีรีมาศ จ.สุโขทัย" }, "geometry": { "type": "MultiPolygon", "coordinates": [ [ [ [ 104.189013038646365, 14.60680287765576, 0.0 ], [ 104.18819679526689, 14.60592996051829, 0.0 ], [ 104.188195525980916, 14.606895417228429, 0.0 ], [ 104.189013038646365, 14.60680287765576, 0.0 ] ] ] ] } },
{ "type": "Feature", "properties": { "Plang": "6", "Rawang": "5838III1214", "Rai": 1.0, "NGan": 1.0, "Wa": 66.0, "CardID": "3250100723279", "Name": "นายจิตต์ ปรือปรัก", "ADD": "45 ถ. ซ. ม.11 บ. ต.ปรือใหญ่ อ.ขุขันธ์ จ.ศรีสะเกษ" }, "geometry": { "type": "MultiPolygon", "coordinates": [ [ [ [ 104.191038265698168, 14.610421291377254, 0.0 ], [ 104.190095513626673, 14.610663353285871, 0.0 ], [ 104.19014715949055, 14.610854467377379, 0.0 ], [ 104.19107724489605, 14.610612877416694, 0.0 ], [ 104.191038265698168, 14.610421291377254, 0.0 ] ] ] ] } },
{ "type": "Feature", "properties": { "Plang": "7", "Rawang": "5838III1214", "Rai": 1.0, "NGan": 1.0, "Wa": 68.0, "CardID": "3330500085058", "Name": "นางสาวสมัย ปรือปรัก", "ADD": "13 ถ. ซ. ม.11 บ. ต.ปรือใหญ่ อ.ขุขันธ์ จ.ศรีสะเกษ" }, "geometry": { "type": "MultiPolygon", "coordinates": [ [ [ [ 104.191119650041472, 14.610821301941041, 0.0 ], [ 104.19107724489605, 14.610612877416694, 0.0 ], [ 104.19014715949055, 14.610854467377379, 0.0 ], [ 104.190196071630439, 14.611035465113583, 0.0 ], [ 104.191119650041472, 14.610821301941041, 0.0 ] ] ] ] } },
{ "type": "Feature", "properties": { "Plang": "8", "Rawang": "5838III1214", "Rai": 2.0, "NGan": 2.0, "Wa": 91.0, "CardID": "2330500025391", "Name": "นางสาวสุทัย ปรือปรัง", "ADD": "13 ถ. ซ. ม.11 บ. ต.ปรือใหญ่ อ.ขุขันธ์ จ.ศรีสะเกษ" }, "geometry": { "type": "MultiPolygon", "coordinates": [ [ [ [ 104.191119650041472, 14.610821301941041, 0.0 ], [ 104.190196071630439, 14.611035465113583, 0.0 ], [ 104.190290588048427, 14.611385219167996, 0.0 ], [ 104.191203558300629, 14.61123371640401, 0.0 ], [ 104.191119650041472, 14.610821301941041, 0.0 ] ] ] ] } },
{ "type": "Feature", "properties": { "Plang": "9", "Rawang": "5838III1214", "Rai": 1.0, "NGan": 1.0, "Wa": 79.0, "CardID": "3330500085023", "Name": "นางพนิจ ทองแพรว", "ADD": "54 ถ. ซ. ม.11 บ. ต.ปรือใหญ่ อ.ขุขันธ์ จ.ศรีสะเกษ" }, "geometry": { "type": "MultiPolygon", "coordinates": [ [ [ [ 104.190290588048427, 14.611385219167996, 0.0 ], [ 104.190298750218972, 14.611586686388137, 0.0 ], [ 104.191245963653685, 14.611442140906762, 0.0 ], [ 104.191203558300629, 14.61123371640401, 0.0 ], [ 104.190290588048427, 14.611385219167996, 0.0 ] ] ] ] } },
{ "type": "Feature", "properties": { "Plang": "3", "Rawang": "5838III1214", "Rai": 5.0, "NGan": 1.0, "Wa": 78.0, "CardID": "3330500071308", "Name": "นางมลัน ปรือปรัง", "ADD": "90 ถ. ซ. ม.7 บ. ต.ปรือใหญ่ อ.ขุขันธ์ จ.ศรีสะเกษ" }, "geometry": { "type": "MultiPolygon", "coordinates": [ [ [ [ 104.1873748617231, 14.616433835746433, 0.0 ], [ 104.187262801248124, 14.616459716230059, 0.0 ], [ 104.187116553311938, 14.616498563338103, 0.0 ], [ 104.187452968291652, 14.617954497828656, 0.0 ], [ 104.187678366513765, 14.618736515362544, 0.0 ], [ 104.18787700104771, 14.619425672126212, 0.0 ], [ 104.188097833461555, 14.619379233475732, 0.0 ], [ 104.188079352495137, 14.619312887045886, 0.0 ], [ 104.187919036245574, 14.61873735221446, 0.0 ], [ 104.1873748617231, 14.616433835746433, 0.0 ] ] ] ] } },
{ "type": "Feature", "properties": { "Plang": "5", "Rawang": "5838III1214", "Rai": 2.0, "NGan": 2.0, "Wa": 76.0, "CardID": "3330500071375", "Name": "นายสักดา แพงมาก", "ADD": "61 ถ. ซ. ม.1 บ. ต.นิคมพัฒนา อ.ขุขันธ์ จ.ศรีสะเกษ" }, "geometry": { "type": "MultiPolygon", "coordinates": [ [ [ [ 104.187886141701895, 14.619439382908441, 0.0 ], [ 104.18768750711466, 14.618750226166556, 0.0 ], [ 104.187462108832051, 14.617968208657377, 0.0 ], [ 104.187217857145328, 14.618021405100631, 0.0 ], [ 104.18744138963055, 14.618749370129708, 0.0 ], [ 104.187667394697868, 14.619485382802633, 0.0 ], [ 104.187886141701895, 14.619439382908441, 0.0 ] ] ] ] } },
{ "type": "Feature", "properties": { "Plang": "10", "Rawang": "5838III0814", "Rai": 10.0, "NGan": 0.0, "Wa": 84.0, "CardID": "3330500352269", "Name": "นายสำเร็จ ตะเคียนเกลี้ยง", "ADD": "6 ถ. ซ. ม.4 บ.ขยอง ต.ตะเคียนราม อ.ภูสิงห์ จ.ศรีสะเกษ" }, "geometry": { "type": "MultiPolygon", "coordinates": [ [ [ [ 104.14872064614957, 14.608218819316795, 0.0 ], [ 104.148720923206838, 14.607965659159504, 0.0 ], [ 104.145084272603853, 14.60778999835663, 0.0 ], [ 104.144874983056923, 14.607483337416951, 0.0 ], [ 104.144441930441872, 14.607381659086972, 0.0 ], [ 104.144775063972332, 14.608059097413321, 0.0 ], [ 104.144812364771667, 14.608604906930145, 0.0 ], [ 104.145111955072238, 14.608606898121145, 0.0 ], [ 104.145102737561189, 14.608334899020821, 0.0 ], [ 104.145093538686993, 14.608062883708692, 0.0 ], [ 104.14872064614957, 14.608218819316795, 0.0 ] ] ] ] } },
{ "type": "Feature", "properties": { "Plang": "8", "Rawang": "5838III0814", "Rai": 6.0, "NGan": 1.0, "Wa": 85.0, "CardID": "3330500352234", "Name": "นายทิพ ตะเคียนเกลี้ยง", "ADD": "6/1 ถ. ซ. ม.4 บ.ขยอง ต.ตะเคียนราม อ.ภูสิงห์ จ.ศรีสะเกษ" }, "geometry": { "type": "MultiPolygon", "coordinates": [ [ [ [ 104.148720115682835, 14.608706160752288, 0.0 ], [ 104.148720384726204, 14.608457512269611, 0.0 ], [ 104.145102737561189, 14.608334899020821, 0.0 ], [ 104.145111955072238, 14.608606898121145, 0.0 ], [ 104.147022786193332, 14.608619564438467, 0.0 ], [ 104.148720115682835, 14.608706160752288, 0.0 ] ] ] ] } },
{ "type": "Feature", "properties": { "Plang": "11", "Rawang": "5838III0814", "Rai": 7.0, "NGan": 0.0, "Wa": 96.0, "CardID": "5330590001777", "Name": "นายจันทร์เลี้ยง ตะเคียนเกลี้ยง", "ADD": "73 ถ. ซ. ม.6 บ. ต.ตะเคียนราม อ.ภูสิงห์ จ.ศรีสะเกษ" }, "geometry": { "type": "MultiPolygon", "coordinates": [ [ [ [ 104.144874983056923, 14.607483337416951, 0.0 ], [ 104.145084272603853, 14.60778999835663, 0.0 ], [ 104.148720923206838, 14.607965659159504, 0.0 ], [ 104.148721026897746, 14.607705414373275, 0.0 ], [ 104.145025033764625, 14.607526921015918, 0.0 ], [ 104.144874983056923, 14.607483337416951, 0.0 ] ] ] ] } },
{ "type": "Feature", "properties": { "Plang": "16", "Rawang": "5838III0814", "Rai": 6.0, "NGan": 2.0, "Wa": 60.0, "CardID": "3330500351874", "Name": "นายสวิง อินศรี", "ADD": "3 ถ. ซ. ม.4 บ.ขยอง ต.ตะเคียนราม อ.ภูสิงห์ จ.ศรีสะเกษ" }, "geometry": { "type": "MultiPolygon", "coordinates": [ [ [ [ 104.147376730008531, 14.606685305581474, 0.0 ], [ 104.146644183449283, 14.60664823487132, 0.0 ], [ 104.146038670361747, 14.606617590684843, 0.0 ], [ 104.144837874740773, 14.606356057595169, 0.0 ], [ 104.144195105647853, 14.60632010336214, 0.0 ], [ 104.144262155801016, 14.606608464084127, 0.0 ], [ 104.148694426008731, 14.606963619418062, 0.0 ], [ 104.148683266723637, 14.606751426079013, 0.0 ], [ 104.148146365633707, 14.606724254182172, 0.0 ], [ 104.147376730008531, 14.606685305581474, 0.0 ] ] ] ] } },
{ "type": "Feature", "properties": { "Plang": "18", "Rawang": "5838III0814", "Rai": 9.0, "NGan": 0.0, "Wa": 55.0, "CardID": "3330500355322", "Name": "นายคำ ตะเคียนเกลี้ยง", "ADD": "37 ถ. ซ. ม.4 บ.ขยอง ต.ตะเคียนราม อ.ภูสิงห์ จ.ศรีสะเกษ" }, "geometry": { "type": "MultiPolygon", "coordinates": [ [ [ [ 104.146644183449283, 14.60664823487132, 0.0 ], [ 104.147376730008531, 14.606685305581474, 0.0 ], [ 104.147221036938888, 14.604855143016742, 0.0 ], [ 104.146623834342975, 14.604770215189147, 0.0 ], [ 104.146644183449283, 14.60664823487132, 0.0 ] ] ] ] } },
{ "type": "Feature", "properties": { "Plang": "19", "Rawang": "5838III0814", "Rai": 9.0, "NGan": 1.0, "Wa": 34.0, "CardID": "3330500355349", "Name": "นายศิริ ตะเคียนเกลี้ยง", "ADD": "92 ถ. ซ. ม.12 บ.ห้วยยาง ต.ตะเคียนราม อ.ภูสิงห์ จ.ศรีสะเกษ" }, "geometry": { "type": "MultiPolygon", "coordinates": [ [ [ [ 104.147376730008531, 14.606685305581474, 0.0 ], [ 104.148146365633707, 14.606724254182172, 0.0 ], [ 104.147834705725458, 14.604880400505271, 0.0 ], [ 104.147516947151814, 14.604897231728421, 0.0 ], [ 104.147221036938888, 14.604855143016742, 0.0 ], [ 104.147376730008531, 14.606685305581474, 0.0 ] ] ] ] } },
{ "type": "Feature", "properties": { "Plang": "20", "Rawang": "5838III0814", "Rai": 8.0, "NGan": 1.0, "Wa": 54.0, "CardID": "5331700002382", "Name": "นายสิทธิพล ตะเคียนเกลี้ยง", "ADD": "12 ถ. ซ. ม.10 บ.อุดมพัฒนา ต.ตะเคียนราม อ.ภูสิงห์ จ.ศรีสะเกษ" }, "geometry": { "type": "MultiPolygon", "coordinates": [ [ [ [ 104.148683266723637, 14.606751426079013, 0.0 ], [ 104.148601037067209, 14.605438338358768, 0.0 ], [ 104.148353414358553, 14.604852935909371, 0.0 ], [ 104.147834705725458, 14.604880400505271, 0.0 ], [ 104.148146365633707, 14.606724254182172, 0.0 ], [ 104.148683266723637, 14.606751426079013, 0.0 ] ] ] ] } },
{ "type": "Feature", "properties": { "Plang": "6", "Rawang": "5838III0816", "Rai": 9.0, "NGan": 0.0, "Wa": 64.0, "CardID": "3330500355811", "Name": "นางคลิม ตะเคียนเกลี้ยง", "ADD": "33 ถ. ซ. ม.4 บ.ขยอง ต.ตะเคียนราม อ.ภูสิงห์ จ.ศรีสะเกษ" }, "geometry": { "type": "MultiPolygon", "coordinates": [ [ [ [ 104.151940701487689, 14.619997188394395, 0.0 ], [ 104.15159691752514, 14.617607016619726, 0.0 ], [ 104.151054745753839, 14.617663161643456, 0.0 ], [ 104.151155847564667, 14.618243177585326, 0.0 ], [ 104.151230292796399, 14.618626507081558, 0.0 ], [ 104.15129077192644, 14.618965839752487, 0.0 ], [ 104.151357586248182, 14.619448790200998, 0.0 ], [ 104.151502125194796, 14.620062980536444, 0.0 ], [ 104.151524529556212, 14.620095393316323, 0.0 ], [ 104.151940701487689, 14.619997188394395, 0.0 ] ] ] ] } },
{ "type": "Feature", "properties": { "Plang": "9", "Rawang": "5838III0814", "Rai": 6.0, "NGan": 3.0, "Wa": 53.0, "CardID": "3330500352251", "Name": "นายเทือง ตะเคียนเกลี้ยง", "ADD": "125 ถ. ซ. ม.5 บ.ระเบ๊าะ ต.ตะเคียนราม อ.ภูสิงห์ จ.ศรีสะเกษ" }, "geometry": { "type": "MultiPolygon", "coordinates": [ [ [ [ 104.14872064614957, 14.608218819316795, 0.0 ], [ 104.145093538686993, 14.608062883708692, 0.0 ], [ 104.145102737561189, 14.608334899020821, 0.0 ], [ 104.148720384726204, 14.608457512269611, 0.0 ], [ 104.14872064614957, 14.608218819316795, 0.0 ] ] ] ] } },
{ "type": "Feature", "properties": { "Plang": "13", "Rawang": "5838III0814", "Rai": 5.0, "NGan": 3.0, "Wa": 64.0, "CardID": "3330500351866", "Name": "นายสน อินศรี", "ADD": "76 ถ. ซ. ม.12 บ.ห้วยยาง ต.ตะเคียนราม อ.ภูสิงห์ จ.ศรีสะเกษ" }, "geometry": { "type": "MultiPolygon", "coordinates": [ [ [ [ 104.148717014489733, 14.607538196747662, 0.0 ], [ 104.14871279169536, 14.607361933266345, 0.0 ], [ 104.144362614204255, 14.607040555346314, 0.0 ], [ 104.144407729313571, 14.607234554076014, 0.0 ], [ 104.148717014489733, 14.607538196747662, 0.0 ] ] ] ] } },
{ "type": "Feature", "properties": { "Plang": "14", "Rawang": "5838III0814", "Rai": 6.0, "NGan": 0.0, "Wa": 7.0, "CardID": "3330500351858", "Name": "นายรัน อินศรี", "ADD": "2/2 ถ. ซ. ม.6 บ.กระโดน ต.ตะเคียนราม อ.ภูสิงห์ จ.ศรีสะเกษ" }, "geometry": { "type": "MultiPolygon", "coordinates": [ [ [ [ 104.148705919429872, 14.607182135767371, 0.0 ], [ 104.144317510314053, 14.606846554841569, 0.0 ], [ 104.144362614204255, 14.607040555346314, 0.0 ], [ 104.14871279169536, 14.607361933266345, 0.0 ], [ 104.148710617191767, 14.607271496171981, 0.0 ], [ 104.148705919429872, 14.607182135767371, 0.0 ] ] ] ] } },
{ "type": "Feature", "properties": { "Plang": "17", "Rawang": "5838III0814", "Rai": 10.0, "NGan": 0.0, "Wa": 53.0, "CardID": "3330500355349", "Name": "นายศิริ ตะเคียนเกลี้ยง", "ADD": "92 ถ. ซ. ม.12 บ.ห้วยยาง ต.ตะเคียนราม อ.ภูสิงห์ จ.ศรีสะเกษ" }, "geometry": { "type": "MultiPolygon", "coordinates": [ [ [ [ 104.146644183449283, 14.60664823487132, 0.0 ], [ 104.146623834342975, 14.604770215189147, 0.0 ], [ 104.146319722414361, 14.604630602165958, 0.0 ], [ 104.146113297880973, 14.604490850138925, 0.0 ], [ 104.145888463366859, 14.60429457033139, 0.0 ], [ 104.146038670361747, 14.606617590684843, 0.0 ], [ 104.146644183449283, 14.60664823487132, 0.0 ] ] ] ] } },
{ "type": "Feature", "properties": { "Plang": "8", "Rawang": "5838III0816", "Rai": 15.0, "NGan": 0.0, "Wa": 0.0, "CardID": "3330500355284", "Name": "นายอดุล ตะเคียนเกลี้ยง", "ADD": "33 ถ. ซ. ม.4 บ.ขยอง ต.ตะเคียนราม อ.ภูสิงห์ จ.ศรีสะเกษ" }, "geometry": { "type": "MultiPolygon", "coordinates": [ [ [ [ 104.153436632127708, 14.618570693484489, 0.0 ], [ 104.153479617540839, 14.617410746976066, 0.0 ], [ 104.1525212626794, 14.61743731754988, 0.0 ], [ 104.152665955365066, 14.619801054107548, 0.0 ], [ 104.153567794602282, 14.61962187740197, 0.0 ], [ 104.153468160471775, 14.619217253107173, 0.0 ], [ 104.153436632127708, 14.618570693484489, 0.0 ] ] ] ] } },
{ "type": "Feature", "properties": { "Plang": "7", "Rawang": "5838III0816", "Rai": 15.0, "NGan": 0.0, "Wa": 0.0, "CardID": "3330500355292", "Name": "นายศรีไพรย์ ตะเคียนเกลี้ยง", "ADD": "82 ถ. ซ. ม.5 บ.นิคมซอย 6 ต.นิคมพัฒนา อ.ขุขันธ์ จ.ศรีสะเกษ" }, "geometry": { "type": "MultiPolygon", "coordinates": [ [ [ [ 104.152020510441162, 14.617519024372386, 0.0 ], [ 104.151996007258987, 14.617563583097709, 0.0 ], [ 104.15159691752514, 14.617607016619726, 0.0 ], [ 104.151940701487689, 14.619997188394395, 0.0 ], [ 104.152011101680458, 14.619982661226514, 0.0 ], [ 104.152494111591736, 14.619847529394439, 0.0 ], [ 104.152665955365066, 14.619801054107548, 0.0 ], [ 104.1525212626794, 14.61743731754988, 0.0 ], [ 104.152056856845348, 14.617464495209457, 0.0 ], [ 104.152020510441162, 14.617519024372386, 0.0 ] ] ] ] } },
{ "type": "Feature", "properties": { "Plang": "12", "Rawang": "5838III0814", "Rai": 6.0, "NGan": 2.0, "Wa": 31.0, "CardID": "3330501496612", "Name": "นายไว อินศรี", "ADD": "67 ถ. ซ. ม.6 บ.นกยูง ต.ห้วยตึ๊กชู อ.ภูสิงห์ จ.ศรีสะเกษ" }, "geometry": { "type": "MultiPolygon", "coordinates": [ [ [ [ 104.144874983056923, 14.607483337416951, 0.0 ], [ 104.145025033764625, 14.607526921015918, 0.0 ], [ 104.148721026897746, 14.607705414373275, 0.0 ], [ 104.148717014489733, 14.607538196747662, 0.0 ], [ 104.144407729313571, 14.607234554076014, 0.0 ], [ 104.144441930441872, 14.607381659086972, 0.0 ], [ 104.144874983056923, 14.607483337416951, 0.0 ] ] ] ] } },
{ "type": "Feature", "properties": { "Plang": "15", "Rawang": "5838III0814", "Rai": 7.0, "NGan": 1.0, "Wa": 64.0, "CardID": "3330500351840", "Name": "นายสุพันธ์ อินศรี", "ADD": "92 ถ. ซ. ม.6 บ.กระโดน ต.ตะเคียนราม อ.ภูสิงห์ จ.ศรีสะเกษ" }, "geometry": { "type": "MultiPolygon", "coordinates": [ [ [ [ 104.144317510314053, 14.606846554841569, 0.0 ], [ 104.148705919429872, 14.607182135767371, 0.0 ], [ 104.148694426008731, 14.606963619418062, 0.0 ], [ 104.144262155801016, 14.606608464084127, 0.0 ], [ 104.144317510314053, 14.606846554841569, 0.0 ] ] ] ] } },
{ "type": "Feature", "properties": { "Plang": "89", "Rawang": "5838III1010", "Rai": 3.0, "NGan": 3.0, "Wa": 46.0, "CardID": "3330500235386", "Name": "นางสาวสนา บุตะเคียน", "ADD": "38 ถ. ซ. ม.9 บ. ต.ตะเคียนราม อ.ภูสิงห์ จ.ศรีสะเกษ" }, "geometry": { "type": "MultiPolygon", "coordinates": [ [ [ [ 104.160640921012444, 14.581024641237828, 0.0 ], [ 104.160675299357564, 14.581289176363301, 0.0 ], [ 104.160769925586081, 14.581279341901364, 0.0 ], [ 104.16225857835866, 14.581318469653542, 0.0 ], [ 104.162366925145079, 14.580943312544271, 0.0 ], [ 104.160640921012444, 14.581024641237828, 0.0 ] ] ] ] } },
{ "type": "Feature", "properties": { "Plang": "90", "Rawang": "5838III1010", "Rai": 4.0, "NGan": 1.0, "Wa": 93.0, "CardID": "2330500016554", "Name": "นางสาวพรต บุตะเคียน", "ADD": "38 ถ. ซ. ม.9 บ.พยอม ต.ตะเคียนราม อ.ภูสิงห์ จ.ศรีสะเกษ" }, "geometry": { "type": "MultiPolygon", "coordinates": [ [ [ [ 104.161618960383805, 14.580555778280015, 0.0 ], [ 104.161028345245967, 14.580650786446325, 0.0 ], [ 104.161045542734854, 14.580722911315142, 0.0 ], [ 104.16061177839174, 14.580800393667174, 0.0 ], [ 104.160640921012444, 14.581024641237828, 0.0 ], [ 104.162366925145079, 14.580943312544271, 0.0 ], [ 104.162438100545913, 14.580696862742178, 0.0 ], [ 104.161936102629639, 14.580609616500043, 0.0 ], [ 104.16184395634933, 14.580553655052649, 0.0 ], [ 104.161618960383805, 14.580555778280015, 0.0 ] ] ] ] } },
{ "type": "Feature", "properties": { "Plang": "28", "Rawang": "5838III0810", "Rai": 5.0, "NGan": 3.0, "Wa": 18.0, "CardID": "3330500235394", "Name": "นางพา ตะเคียนเกลี้ยง", "ADD": "49 ถ. ซ. ม.9 บ.พยอม ต.ตะเคียนราม อ.ภูสิงห์ จ.ศรีสะเกษ" }, "geometry": { "type": "MultiPolygon", "coordinates": [ [ [ [ 104.160675299357564, 14.581289176363301, 0.0 ], [ 104.160640921012444, 14.581024641237828, 0.0 ], [ 104.16061177839174, 14.580800393667174, 0.0 ], [ 104.160155954643926, 14.580881815505521, 0.0 ], [ 104.160020252878823, 14.580938758696835, 0.0 ], [ 104.159614161658681, 14.581247642931309, 0.0 ], [ 104.159003111946092, 14.581509018143867, 0.0 ], [ 104.158736556713961, 14.581697439421252, 0.0 ], [ 104.159037851862834, 14.581827449206529, 0.0 ], [ 104.159190903582356, 14.581930047514351, 0.0 ], [ 104.159857860158496, 14.581490895295454, 0.0 ], [ 104.160151972815029, 14.581343564746588, 0.0 ], [ 104.160675299357564, 14.581289176363301, 0.0 ] ] ] ] } },
{ "type": "Feature", "properties": { "Plang": "10", "Rawang": "5838III1012", "Rai": 5.0, "NGan": 1.0, "Wa": 9.0, "CardID": "3330500230414", "Name": "นางสาวอรพิมพ์ สุริด", "ADD": "87 ถ. ซ. ม.2 บ.ตะเคียนรามตะวันตก ต.ตะเคียนราม อ.ภูสิงห์ จ.ศรีสะเกษ" }, "geometry": { "type": "MultiPolygon", "coordinates": [ [ [ [ 104.171915065138876, 14.586676575368621, 0.0 ], [ 104.171897221866061, 14.587200690604806, 0.0 ], [ 104.172424540904856, 14.587503186877512, 0.0 ], [ 104.172995493809665, 14.587616009197642, 0.0 ], [ 104.172960959254354, 14.586919479186152, 0.0 ], [ 104.171915065138876, 14.586676575368621, 0.0 ] ] ] ] } },
{ "type": "Feature", "properties": { "Plang": "9", "Rawang": "5838III1012", "Rai": 3.0, "NGan": 0.0, "Wa": 29.0, "CardID": "3330500237753", "Name": "นายกิจ ตะเคียนราม", "ADD": "8 ถ. ซ. ม.12 บ.ห้วยยาง ต.ตะเคียนราม อ.ภูสิงห์ จ.ศรีสะเกษ" }, "geometry": { "type": "MultiPolygon", "coordinates": [ [ [ [ 104.170464385005857, 14.587004481033063, 0.0 ], [ 104.169837972415706, 14.58690274429339, 0.0 ], [ 104.169817044555572, 14.587310927640011, 0.0 ], [ 104.169816752158383, 14.587373955099874, 0.0 ], [ 104.169786421210645, 14.587457862292181, 0.0 ], [ 104.169742437422869, 14.587705274154764, 0.0 ], [ 104.169872260560354, 14.587704972161736, 0.0 ], [ 104.170053085650835, 14.587704551408294, 0.0 ], [ 104.170116286432716, 14.587704404316327, 0.0 ], [ 104.170251393154047, 14.587646452167224, 0.0 ], [ 104.170464385005857, 14.587004481033063, 0.0 ] ] ] ] } },
{ "type": "Feature", "properties": { "Plang": "11", "Rawang": "5838III1012", "Rai": 5.0, "NGan": 1.0, "Wa": 9.0, "CardID": "1330500119258", "Name": "นางสาวอรพรรณ บุตะเคียน", "ADD": "45 ถ. ซ. ม.2 บ.ตะเคียนรามตะวันตก ต.ตะเคียนราม อ.ภูสิงห์ จ.ศรีสะเกษ" }, "geometry": { "type": "MultiPolygon", "coordinates": [ [ [ [ 104.171915065138876, 14.586676575368621, 0.0 ], [ 104.172960959254354, 14.586919479186152, 0.0 ], [ 104.172958190779028, 14.586863617126198, 0.0 ], [ 104.17295984543054, 14.586571307416353, 0.0 ], [ 104.172793113446616, 14.586013981103571, 0.0 ], [ 104.172275168060409, 14.586090449648221, 0.0 ], [ 104.171932790451606, 14.586155666718875, 0.0 ], [ 104.171915065138876, 14.586676575368621, 0.0 ] ] ] ] } },
{ "type": "Feature", "properties": { "Plang": "12", "Rawang": "5838III1012", "Rai": 10.0, "NGan": 0.0, "Wa": 0.0, "CardID": "3330500221512", "Name": "นางทรรศชล ตะเคียนเกลี้ยง", "ADD": "60 ถ. ซ. ม.14 บ.ใหม่สามัคคี ต.ตะเคียนราม อ.ภูสิงห์ จ.ศรีสะเกษ" }, "geometry": { "type": "MultiPolygon", "coordinates": [ [ [ [ 104.178053787263863, 14.59294580370058, 0.0 ], [ 104.177630749042279, 14.592974020325917, 0.0 ], [ 104.177562428617904, 14.593801958078728, 0.0 ], [ 104.17750221500701, 14.593921487105849, 0.0 ], [ 104.177540323126195, 14.594186142165638, 0.0 ], [ 104.178617112923092, 14.594206016659555, 0.0 ], [ 104.178652675797366, 14.592861857744445, 0.0 ], [ 104.178053787263863, 14.59294580370058, 0.0 ] ] ] ] } },
{ "type": "Feature", "properties": { "Plang": "13", "Rawang": "5838III1012", "Rai": 10.0, "NGan": 0.0, "Wa": 0.0, "CardID": "5330500035642", "Name": "นายไพศาล ตะเคียนเกลี้ยง", "ADD": "21 ถ. ซ. ม.14 บ.ใหม่สามัคคี ต.ตะเคียนราม อ.ภูสิงห์ จ.ศรีสะเกษ" }, "geometry": { "type": "MultiPolygon", "coordinates": [ [ [ [ 104.178617112923092, 14.594206016659555, 0.0 ], [ 104.17913139213266, 14.59421550712203, 0.0 ], [ 104.179276744952929, 14.594166156623626, 0.0 ], [ 104.179342853493054, 14.592191766086044, 0.0 ], [ 104.178693070977516, 14.592137114543025, 0.0 ], [ 104.178678119162242, 14.592832478872523, 0.0 ], [ 104.178652675797366, 14.592861857744445, 0.0 ], [ 104.178617112923092, 14.594206016659555, 0.0 ] ] ] ] } },
{ "type": "Feature", "properties": { "Plang": "129", "Rawang": "5838III1212", "Rai": 9.0, "NGan": 1.0, "Wa": 64.0, "CardID": "2330500020811", "Name": "นายปฐวีดล ตะเคียนเกลี้ยง", "ADD": "21 ถ. ซ. ม.14 บ.ใหม่สามัคคี ต.ตะเคียนราม อ.ภูสิงห์ จ.ศรีสะเกษ" }, "geometry": { "type": "MultiPolygon", "coordinates": [ [ [ [ 104.180111268799692, 14.592093825911398, 0.0 ], [ 104.179905673233506, 14.592127301381385, 0.0 ], [ 104.179552626633182, 14.592193633795851, 0.0 ], [ 104.179342853493054, 14.592191766086044, 0.0 ], [ 104.179276744952929, 14.594166156623626, 0.0 ], [ 104.180125541039288, 14.593877998823785, 0.0 ], [ 104.180065568297749, 14.593182842855271, 0.0 ], [ 104.179715572634606, 14.593151561858493, 0.0 ], [ 104.179779285935993, 14.592905018891392, 0.0 ], [ 104.179986718710325, 14.59248495885762, 0.0 ], [ 104.180111268799692, 14.592093825911398, 0.0 ] ] ] ] } },
{ "type": "Feature", "properties": { "Plang": "130", "Rawang": "5838III1212", "Rai": 9.0, "NGan": 0.0, "Wa": 97.0, "CardID": "3330500226034", "Name": "นายสุพิน ตะเคียนราม", "ADD": "34 ถ. ซ. ม.12 บ.ห้วยยาง ต.ตะเคียนราม อ.ภูสิงห์ จ.ศรีสะเกษ" }, "geometry": { "type": "MultiPolygon", "coordinates": [ [ [ [ 104.191010948413521, 14.597959859788697, 0.0 ], [ 104.191479449414402, 14.599456291629544, 0.0 ], [ 104.191836931486009, 14.599643155964799, 0.0 ], [ 104.192236058908676, 14.599651112631381, 0.0 ], [ 104.191859691981861, 14.598013259447331, 0.0 ], [ 104.191635386972408, 14.597999147346275, 0.0 ], [ 104.191010948413521, 14.597959859788697, 0.0 ] ] ] ] } },
{ "type": "Feature", "properties": { "Plang": "131", "Rawang": "5838III1212", "Rai": 9.0, "NGan": 3.0, "Wa": 90.0, "CardID": "3330500226042", "Name": "นางบุญมี ตะเคียนเกลี้ยง", "ADD": "101 ถ. ซ. ม.1 บ.ตะเคียนรามตะวันออก ต.ตะเคียนราม อ.ภูสิงห์ จ.ศรีสะเกษ" }, "geometry": { "type": "MultiPolygon", "coordinates": [ [ [ [ 104.192963864266474, 14.599665365812792, 0.0 ], [ 104.192785695491693, 14.598046743731366, 0.0 ], [ 104.192294171307523, 14.598028970676262, 0.0 ], [ 104.191859691981861, 14.598013259447331, 0.0 ], [ 104.192236058908676, 14.599651112631381, 0.0 ], [ 104.192963864266474, 14.599665365812792, 0.0 ] ] ] ] } },
{ "type": "Feature", "properties": { "Plang": "132", "Rawang": "5838III1212", "Rai": 11.0, "NGan": 3.0, "Wa": 34.0, "CardID": "3330500226051", "Name": "นางสาวสนัด ตะเคียนเกลี้ยง", "ADD": "128 ถ. ซ. ม.1 บ.ตะเคียนรามตะวันออก ต.ตะเคียนราม อ.ภูสิงห์ จ.ศรีสะเกษ" }, "geometry": { "type": "MultiPolygon", "coordinates": [ [ [ [ 104.193868424686272, 14.598945547177491, 0.0 ], [ 104.193835756004489, 14.598428027231257, 0.0 ], [ 104.193815636810569, 14.598083776122399, 0.0 ], [ 104.192974977303109, 14.598053549856434, 0.0 ], [ 104.192785695491693, 14.598046743731366, 0.0 ], [ 104.192963864266474, 14.599665365812792, 0.0 ], [ 104.193347103821765, 14.599672873350968, 0.0 ], [ 104.193865310704254, 14.599723738715468, 0.0 ], [ 104.193886746923241, 14.599548907119212, 0.0 ], [ 104.193868424686272, 14.598945547177491, 0.0 ] ] ] ] } },
{ "type": "Feature", "properties": { "Plang": "24", "Rawang": "5838III0816", "Rai": 14.0, "NGan": 1.0, "Wa": 8.0, "CardID": "3330501437152", "Name": "นางติ ศรีลาชัย", "ADD": "95 ถ. ซ. ม.6 บ.นกยูง ต.ห้วยตึ๊กชู อ.ภูสิงห์ จ.ศรีสะเกษ" }, "geometry": { "type": "MultiPolygon", "coordinates": [ [ [ [ 104.149444651653141, 14.625652268067643, 0.0 ], [ 104.149811377487637, 14.625836077516906, 0.0 ], [ 104.150211715638861, 14.625965317360325, 0.0 ], [ 104.150318572258769, 14.625582830196416, 0.0 ], [ 104.15032012072885, 14.623445313134503, 0.0 ], [ 104.149861902800382, 14.623481664123336, 0.0 ], [ 104.149537350972622, 14.623500183284671, 0.0 ], [ 104.149547372099619, 14.623833277824108, 0.0 ], [ 104.149547783452348, 14.624047632818, 0.0 ], [ 104.149538424122184, 14.62441710262121, 0.0 ], [ 104.149492935464409, 14.624420987448302, 0.0 ], [ 104.14948731359469, 14.624989806561999, 0.0 ], [ 104.149444651653141, 14.625652268067643, 0.0 ] ] ] ] } },
{ "type": "Feature", "properties": { "Plang": "25", "Rawang": "5838III0816", "Rai": 8.0, "NGan": 3.0, "Wa": 77.0, "CardID": "3330501437144", "Name": "นางถิน โยธิดา", "ADD": "65 ถ. ซ. ม.6 บ.นกยูง ต.ห้วยตึ๊กชู อ.ภูสิงห์ จ.ศรีสะเกษ" }, "geometry": { "type": "MultiPolygon", "coordinates": [ [ [ [ 104.150211715638861, 14.625965317360325, 0.0 ], [ 104.150663161749492, 14.626122029447721, 0.0 ], [ 104.150773566186743, 14.625371416242809, 0.0 ], [ 104.150804252038171, 14.624915253570718, 0.0 ], [ 104.150805294368411, 14.624754935235343, 0.0 ], [ 104.150753918723836, 14.623425291595572, 0.0 ], [ 104.15032012072885, 14.623445313134503, 0.0 ], [ 104.150318572258769, 14.625582830196416, 0.0 ], [ 104.150211715638861, 14.625965317360325, 0.0 ] ] ] ] } },
{ "type": "Feature", "properties": { "Plang": "26", "Rawang": "5838III0816", "Rai": 12.0, "NGan": 3.0, "Wa": 3.0, "CardID": "3330501437128", "Name": "นางเจือ ผดุงชาติ", "ADD": "64 ถ. ซ. ม.6 บ.นกยูง ต.ห้วยตึ๊กชู อ.ภูสิงห์ จ.ศรีสะเกษ" }, "geometry": { "type": "MultiPolygon", "coordinates": [ [ [ [ 104.149537350972622, 14.623500183284671, 0.0 ], [ 104.149861902800382, 14.623481664123336, 0.0 ], [ 104.15032012072885, 14.623445313134503, 0.0 ], [ 104.150753918723836, 14.623425291595572, 0.0 ], [ 104.150735846004409, 14.623002341384939, 0.0 ], [ 104.150733902587888, 14.622959469026481, 0.0 ], [ 104.150707125227328, 14.622956161923428, 0.0 ], [ 104.150701280691649, 14.622804651964099, 0.0 ], [ 104.150715391712453, 14.622694280644239, 0.0 ], [ 104.150690823771271, 14.622260375728981, 0.0 ], [ 104.150634630299592, 14.622082390209858, 0.0 ], [ 104.150565336853461, 14.621998152535308, 0.0 ], [ 104.149483210227828, 14.62206802719553, 0.0 ], [ 104.149507223556839, 14.622696401582346, 0.0 ], [ 104.149538166110332, 14.623423379563855, 0.0 ], [ 104.149537350972622, 14.623500183284671, 0.0 ] ] ] ] } },
{ "type": "Feature", "properties": { "Plang": "28", "Rawang": "5838III0816", "Rai": 11.0, "NGan": 0.0, "Wa": 3.0, "CardID": "5331700000061", "Name": "นางสาวติ๋ม บุตรเสมียน", "ADD": "27 ถ. ซ. ม.17 บ.นกยูงเงิน ต.ห้วยตึ๊กชู อ.ภูสิงห์ จ.ศรีสะเกษ" }, "geometry": { "type": "MultiPolygon", "coordinates": [ [ [ [ 104.141126234043696, 14.619816184306186, 0.0 ], [ 104.142047691630637, 14.619857681095459, 0.0 ], [ 104.143129806286339, 14.619848200797785, 0.0 ], [ 104.145087948413746, 14.619775786509212, 0.0 ], [ 104.145086044758585, 14.619391059210656, 0.0 ], [ 104.143129605876027, 14.619460939277703, 0.0 ], [ 104.142368288874337, 14.619487528991055, 0.0 ], [ 104.141533406100208, 14.61944557426825, 0.0 ], [ 104.141371274962253, 14.619414671457776, 0.0 ], [ 104.141126234043696, 14.619816184306186, 0.0 ] ] ] ] } },
{ "type": "Feature", "properties": { "Plang": "27", "Rawang": "5838III0818", "Rai": 7.0, "NGan": 3.0, "Wa": 64.0, "CardID": "3330500178528", "Name": "นายประยัด ศรีลาชัย", "ADD": "37 ถ. ซ. ม.12 บ.ตากรุด ต.ห้วยใต้ อ.ขุขันธ์ จ.ศรีสะเกษ" }, "geometry": { "type": "MultiPolygon", "coordinates": [ [ [ [ 104.151916524067275, 14.639632101746422, 0.0 ], [ 104.152401948351766, 14.639627248061691, 0.0 ], [ 104.152701776650574, 14.637357102913588, 0.0 ], [ 104.152201425770244, 14.637388267931904, 0.0 ], [ 104.15213102942144, 14.638411262815168, 0.0 ], [ 104.152034122038387, 14.638784500911902, 0.0 ], [ 104.151995660562037, 14.639011092097588, 0.0 ], [ 104.151916524067275, 14.639632101746422, 0.0 ] ] ] ] } },
{ "type": "Feature", "properties": { "Plang": "28", "Rawang": "5838III0818", "Rai": 7.0, "NGan": 3.0, "Wa": 63.0, "CardID": "3330500178536", "Name": "นายมนัส ศรีลาชัย", "ADD": "177 ถ. ซ. ม.9 บ.ตาตุม ต.ห้วยใต้ อ.ขุขันธ์ จ.ศรีสะเกษ" }, "geometry": { "type": "MultiPolygon", "coordinates": [ [ [ [ 104.152401948351766, 14.639627248061691, 0.0 ], [ 104.152875994526497, 14.639620480468341, 0.0 ], [ 104.152939511703025, 14.639202148832783, 0.0 ], [ 104.152954820090557, 14.638871470196955, 0.0 ], [ 104.153177555600891, 14.637333089769074, 0.0 ], [ 104.152714786252005, 14.637354916943941, 0.0 ], [ 104.152701776650574, 14.637357102913588, 0.0 ], [ 104.152401948351766, 14.639627248061691, 0.0 ] ] ] ] } },
{ "type": "Feature", "properties": { "Plang": "33", "Rawang": "5838III0816", "Rai": 9.0, "NGan": 2.0, "Wa": 34.0, "CardID": "3330501326369", "Name": "นางนฤมล อุดรพันธ์", "ADD": "79 ถ. ซ. ม.7 บ.กันแต ต.ห้วยใต้ อ.ขุขันธ์ จ.ศรีสะเกษ" }, "geometry": { "type": "MultiPolygon", "coordinates": [ [ [ [ 104.158945877342902, 14.633336028790266, 0.0 ], [ 104.160532813599531, 14.633072833939169, 0.0 ], [ 104.162370267836195, 14.632953915385421, 0.0 ], [ 104.16228934115027, 14.632548153389912, 0.0 ], [ 104.160118785484912, 14.632765255960555, 0.0 ], [ 104.158841178544876, 14.632990224240485, 0.0 ], [ 104.158945877342902, 14.633336028790266, 0.0 ] ] ] ] } },
{ "type": "Feature", "properties": { "Plang": "32", "Rawang": "5838III0816", "Rai": 9.0, "NGan": 0.0, "Wa": 40.0, "CardID": "3330501326342", "Name": "นางปริน ศรีมงคล", "ADD": "81/1 ถ. ซ. ม.7 บ.กันแต ต.ห้วยใต้ อ.ขุขันธ์ จ.ศรีสะเกษ" }, "geometry": { "type": "MultiPolygon", "coordinates": [ [ [ [ 104.1590446088817, 14.633663783217216, 0.0 ], [ 104.1605021895531, 14.633473403096971, 0.0 ], [ 104.160983299150999, 14.633415288491198, 0.0 ], [ 104.161012788994114, 14.633413866532527, 0.0 ], [ 104.162438742099582, 14.63325166003257, 0.0 ], [ 104.162370267836195, 14.632953915385421, 0.0 ], [ 104.160532813599531, 14.633072833939169, 0.0 ], [ 104.158945877342902, 14.633336028790266, 0.0 ], [ 104.1590446088817, 14.633663783217216, 0.0 ] ] ] ] } },
{ "type": "Feature", "properties": { "Plang": "68", "Rawang": "5838III1410", "Rai": 6.0, "NGan": 2.0, "Wa": 24.0, "CardID": "3330500126099", "Name": "นางปนิตา วงษ์ขันธ์", "ADD": "35 ถ. ซ. ม.13 บ. ต.โคกตาล อ.ภูสิงห์ จ.ศรีสะเกษ" }, "geometry": { "type": "MultiPolygon", "coordinates": [ [ [ [ 104.203513244334815, 14.580437869298398, 0.0 ], [ 104.203923576181367, 14.582299143921407, 0.0 ], [ 104.204124841741987, 14.582258575332419, 0.0 ], [ 104.204069899467257, 14.581962333277898, 0.0 ], [ 104.204270757338378, 14.581962372332148, 0.0 ], [ 104.204039941703272, 14.580199391515684, 0.0 ], [ 104.203513244334815, 14.580437869298398, 0.0 ] ] ] ] } },
{ "type": "Feature", "properties": { "Plang": "69", "Rawang": "5838III1410", "Rai": 6.0, "NGan": 0.0, "Wa": 22.0, "CardID": "1330500188209", "Name": "นายวัชรินทร์ วงษ์ขันธ์", "ADD": "13 ถ. ซ. ม.1 บ.โคกตาล ต.โคกตาล อ.ภูสิงห์ จ.ศรีสะเกษ" }, "geometry": { "type": "MultiPolygon", "coordinates": [ [ [ [ 104.204039941703272, 14.580199391515684, 0.0 ], [ 104.204270757338378, 14.581962372332148, 0.0 ], [ 104.204639944464745, 14.581957765294504, 0.0 ], [ 104.204519931150557, 14.579981494191751, 0.0 ], [ 104.204039941703272, 14.580199391515684, 0.0 ] ] ] ] } },
{ "type": "Feature", "properties": { "Plang": "70", "Rawang": "5838III1410", "Rai": 6.0, "NGan": 0.0, "Wa": 30.0, "CardID": "3330500142345", "Name": "นางสมจิตร์ วันคำ", "ADD": "149 ถ. ซ. ม.1 บ.โคกตาล ต.โคกตาล อ.ภูสิงห์ จ.ศรีสะเกษ" }, "geometry": { "type": "MultiPolygon", "coordinates": [ [ [ [ 104.203923576181367, 14.582299143921407, 0.0 ], [ 104.203513244334815, 14.580437869298398, 0.0 ], [ 104.203060218999653, 14.580654030751491, 0.0 ], [ 104.203530444958332, 14.582360967274903, 0.0 ], [ 104.203923576181367, 14.582299143921407, 0.0 ] ] ] ] } },
{ "type": "Feature", "properties": { "Plang": "31", "Rawang": "5838III0816", "Rai": 3.0, "NGan": 3.0, "Wa": 4.0, "CardID": "3330501434480", "Name": "นายโสภณ พิมารแพง", "ADD": "48 ถ. ซ. ม.6 บ.นกยูง ต.ห้วยตึ๊กชู อ.ภูสิงห์ จ.ศรีสะเกษ" }, "geometry": { "type": "MultiPolygon", "coordinates": [ [ [ [ 104.143211593416552, 14.623899793959728, 0.0 ], [ 104.143355856557051, 14.623875449607377, 0.0 ], [ 104.143990634002364, 14.623818972815238, 0.0 ], [ 104.144705562368785, 14.62380479422616, 0.0 ], [ 104.144646441854363, 14.623544402603084, 0.0 ], [ 104.144010622800366, 14.623575100415231, 0.0 ], [ 104.142481503447556, 14.62358639893573, 0.0 ], [ 104.143211593416552, 14.623899793959728, 0.0 ] ] ] ] } },
{ "type": "Feature", "properties": { "Plang": "30", "Rawang": "5838III0814", "Rai": 4.0, "NGan": 0.0, "Wa": 59.0, "CardID": "3330500353516", "Name": "นางเสน ตะเคียนเกลี้ยง", "ADD": "19 ถ. ซ. ม.7 บ.ตาโตว ต.ตะเคียนราม อ.ภูสิงห์ จ.ศรีสะเกษ" }, "geometry": { "type": "MultiPolygon", "coordinates": [ [ [ [ 104.153516485065481, 14.617412479282184, 0.0 ], [ 104.153515545430494, 14.617522247663558, 0.0 ], [ 104.156095123491653, 14.617214364593854, 0.0 ], [ 104.156090996746613, 14.617164215021242, 0.0 ], [ 104.156068128255583, 14.617058845080429, 0.0 ], [ 104.156060666982825, 14.616967526924194, 0.0 ], [ 104.153651186127533, 14.617314795786813, 0.0 ], [ 104.153516485065481, 14.617412479282184, 0.0 ] ] ] ] } },
{ "type": "Feature", "properties": { "Plang": "31", "Rawang": "5838III0814", "Rai": 4.0, "NGan": 2.0, "Wa": 77.0, "CardID": "3330500348750", "Name": "นางสาวปภาพร ตะเคียนเกลี้ยง", "ADD": "57 ถ. ซ. ม.11 บ.ตำหนัก ต.ตะเคียนราม อ.ภูสิงห์ จ.ศรีสะเกษ" }, "geometry": { "type": "MultiPolygon", "coordinates": [ [ [ [ 104.153461695908575, 14.618571832725131, 0.0 ], [ 104.15420416135872, 14.618544930314446, 0.0 ], [ 104.154776603813801, 14.618525303401249, 0.0 ], [ 104.155106446868686, 14.618534489541519, 0.0 ], [ 104.155617462996034, 14.618510189946523, 0.0 ], [ 104.156280341646351, 14.618451104053591, 0.0 ], [ 104.156261867782348, 14.618223934992528, 0.0 ], [ 104.15347520172466, 14.618377635996833, 0.0 ], [ 104.153461695908575, 14.618571832725131, 0.0 ] ] ] ] } },
{ "type": "Feature", "properties": { "Plang": "32", "Rawang": "5838III0814", "Rai": 4.0, "NGan": 2.0, "Wa": 76.0, "CardID": "1330500052111", "Name": "นางนุชนาถ บุตะเคียน", "ADD": "57 ถ. ซ. ม.11 บ.ตำหนัก ต.ตะเคียนราม อ.ภูสิงห์ จ.ศรีสะเกษ" }, "geometry": { "type": "MultiPolygon", "coordinates": [ [ [ [ 104.15347520172466, 14.618377635996833, 0.0 ], [ 104.156261867782348, 14.618223934992528, 0.0 ], [ 104.156264950794323, 14.618118387582252, 0.0 ], [ 104.156237070097689, 14.617987566042279, 0.0 ], [ 104.153496060352907, 14.61815954233907, 0.0 ], [ 104.15347520172466, 14.618377635996833, 0.0 ] ] ] ] } },
{ "type": "Feature", "properties": { "Plang": "33", "Rawang": "5838III0814", "Rai": 4.0, "NGan": 2.0, "Wa": 76.0, "CardID": "3330500353541", "Name": "นางเรือน สีสิงห์", "ADD": "19/1 ถ. ซ. ม.7 บ.ตาโตว ต.ตะเคียนราม อ.ภูสิงห์ จ.ศรีสะเกษ" }, "geometry": { "type": "MultiPolygon", "coordinates": [ [ [ [ 104.153496060352907, 14.61815954233907, 0.0 ], [ 104.156237070097689, 14.617987566042279, 0.0 ], [ 104.156187241534397, 14.617734434279241, 0.0 ], [ 104.153504654229152, 14.617950933868245, 0.0 ], [ 104.153496060352907, 14.61815954233907, 0.0 ] ] ] ] } },
{ "type": "Feature", "properties": { "Plang": "34", "Rawang": "5838III0814", "Rai": 4.0, "NGan": 2.0, "Wa": 76.0, "CardID": "3330500353567", "Name": "นางสำราญ ตะเคียนราม", "ADD": "42 ถ. ซ. ม.7 บ.ตาโตว ต.ตะเคียนราม อ.ภูสิงห์ จ.ศรีสะเกษ" }, "geometry": { "type": "MultiPolygon", "coordinates": [ [ [ [ 104.156187241534397, 14.617734434279241, 0.0 ], [ 104.156174131604459, 14.617639479152785, 0.0 ], [ 104.156148649426044, 14.617478712051698, 0.0 ], [ 104.153511172069614, 14.617735934631309, 0.0 ], [ 104.153504654229152, 14.617950933868245, 0.0 ], [ 104.156187241534397, 14.617734434279241, 0.0 ] ] ] ] } },
{ "type": "Feature", "properties": { "Plang": "35", "Rawang": "5838III0814", "Rai": 4.0, "NGan": 2.0, "Wa": 77.0, "CardID": "3330500353559", "Name": "นางนิตยา เข็มมา", "ADD": "55 ถ. ซ. ม.7 บ.ตาโตว ต.ตะเคียนราม อ.ภูสิงห์ จ.ศรีสะเกษ" }, "geometry": { "type": "MultiPolygon", "coordinates": [ [ [ [ 104.156148649426044, 14.617478712051698, 0.0 ], [ 104.156095123491653, 14.617214364593854, 0.0 ], [ 104.153515545430494, 14.617522247663558, 0.0 ], [ 104.153511172069614, 14.617735934631309, 0.0 ], [ 104.156148649426044, 14.617478712051698, 0.0 ] ] ] ] } },
{ "type": "Feature", "properties": { "Plang": "27", "Rawang": "5838III0814", "Rai": 7.0, "NGan": 1.0, "Wa": 71.0, "CardID": "3330500352005", "Name": "นายสุพิน ตะเคียนราม", "ADD": "23/1 ถ. ซ. ม.9 บ.พยอม ต.ตะเคียนราม อ.ภูสิงห์ จ.ศรีสะเกษ" }, "geometry": { "type": "MultiPolygon", "coordinates": [ [ [ [ 104.15969301757012, 14.617645249601546, 0.0 ], [ 104.159820302068113, 14.617288019700599, 0.0 ], [ 104.157138605024599, 14.616835020507063, 0.0 ], [ 104.15710443654325, 14.617341623582529, 0.0 ], [ 104.157298122650815, 14.617331599377467, 0.0 ], [ 104.157579682013747, 14.617345417752736, 0.0 ], [ 104.157875849495085, 14.617376892108748, 0.0 ], [ 104.158574697041246, 14.61741249341194, 0.0 ], [ 104.158948862945849, 14.617438460892361, 0.0 ], [ 104.159113592895253, 14.617486259306647, 0.0 ], [ 104.15969301757012, 14.617645249601546, 0.0 ] ] ] ] } },
{ "type": "Feature", "properties": { "Plang": "28", "Rawang": "5838III0814", "Rai": 7.0, "NGan": 1.0, "Wa": 70.0, "CardID": "3330500352013", "Name": "นางสวาด ตะเคียนเกลี้ยง", "ADD": "40 ถ. ซ. ม.7 บ.ตาโตว ต.ตะเคียนราม อ.ภูสิงห์ จ.ศรีสะเกษ" }, "geometry": { "type": "MultiPolygon", "coordinates": [ [ [ [ 104.157138605024599, 14.616835020507063, 0.0 ], [ 104.159820302068113, 14.617288019700599, 0.0 ], [ 104.159921030672393, 14.616968993665241, 0.0 ], [ 104.159507381002598, 14.616881982659663, 0.0 ], [ 104.159084982352979, 14.616801168977871, 0.0 ], [ 104.158608512181104, 14.616712564972186, 0.0 ], [ 104.158120514136669, 14.616627643525902, 0.0 ], [ 104.157645157969512, 14.616538851732829, 0.0 ], [ 104.157151849611097, 14.616478990043905, 0.0 ], [ 104.157138605024599, 14.616835020507063, 0.0 ] ] ] ] } },
{ "type": "Feature", "properties": { "Plang": "15", "Rawang": "5838III0812", "Rai": 4.0, "NGan": 1.0, "Wa": 84.0, "CardID": "3330500233481", "Name": "นายติน จันทิมาร", "ADD": "49 ถ. ซ. ม.6 บ.นกยูง ต.ห้วยตึ๊กชู อ.ภูสิงห์ จ.ศรีสะเกษ" }, "geometry": { "type": "MultiPolygon", "coordinates": [ [ [ [ 104.150383979230867, 14.588350454279249, 0.0 ], [ 104.150542702970085, 14.588258988841657, 0.0 ], [ 104.15071516853682, 14.588200529174559, 0.0 ], [ 104.150983840795973, 14.587812388241455, 0.0 ], [ 104.149569631139201, 14.58756814296904, 0.0 ], [ 104.149556926715135, 14.587880279163382, 0.0 ], [ 104.149804400185076, 14.587969784481967, 0.0 ], [ 104.150017832345924, 14.588087610218707, 0.0 ], [ 104.150383979230867, 14.588350454279249, 0.0 ] ] ] ] } },
{ "type": "Feature", "properties": { "Plang": "16", "Rawang": "5838III0812", "Rai": 9.0, "NGan": 0.0, "Wa": 57.0, "CardID": "3330500332900", "Name": "นางสุรินทร์ บุตะเคียน", "ADD": "69 ถ. ซ. ม.6 บ.กระโดน ต.ตะเคียนราม อ.ภูสิงห์ จ.ศรีสะเกษ" }, "geometry": { "type": "MultiPolygon", "coordinates": [ [ [ [ 104.149221722526789, 14.587827054308633, 0.0 ], [ 104.149556926715135, 14.587880279163382, 0.0 ], [ 104.149569631139201, 14.58756814296904, 0.0 ], [ 104.150983840795973, 14.587812388241455, 0.0 ], [ 104.150869858535046, 14.587321341478107, 0.0 ], [ 104.149547866857375, 14.587282418077448, 0.0 ], [ 104.149517278477092, 14.587012727723694, 0.0 ], [ 104.149322604683547, 14.587022381560482, 0.0 ], [ 104.149312670228284, 14.587003268034815, 0.0 ], [ 104.149112640186502, 14.587052160095499, 0.0 ], [ 104.148720089984849, 14.587125522996699, 0.0 ], [ 104.148626783887948, 14.587165924189426, 0.0 ], [ 104.148639200392111, 14.587392574594793, 0.0 ], [ 104.14868459787867, 14.587850904916618, 0.0 ], [ 104.149221722526789, 14.587827054308633, 0.0 ] ] ] ] } },
{ "type": "Feature", "properties": { "Plang": "17", "Rawang": "5838III0812", "Rai": 3.0, "NGan": 1.0, "Wa": 99.0, "CardID": "3330500233472", "Name": "นายตี จันทิมาร", "ADD": "62/1 ถ. ซ. ม.6 บ.กระโดน ต.ตะเคียนราม อ.ภูสิงห์ จ.ศรีสะเกษ" }, "geometry": { "type": "MultiPolygon", "coordinates": [ [ [ [ 104.150869858535046, 14.587321341478107, 0.0 ], [ 104.150858994033285, 14.587061189169241, 0.0 ], [ 104.150869992595574, 14.586890083860116, 0.0 ], [ 104.150555068103372, 14.586899808661389, 0.0 ], [ 104.150201350672944, 14.586953568576847, 0.0 ], [ 104.150010019009528, 14.586987547527766, 0.0 ], [ 104.149920933661804, 14.58697565992582, 0.0 ], [ 104.14951727662023, 14.587012727716948, 0.0 ], [ 104.149547866857375, 14.587282418077448, 0.0 ], [ 104.150869858535046, 14.587321341478107, 0.0 ] ] ] ] } },
{ "type": "Feature", "properties": { "Plang": "30", "Rawang": "5838III1016-2", "Rai": 0.0, "NGan": 1.0, "Wa": 24.0, "CardID": "3330500350801", "Name": "นางอำไพ บุญขาว", "ADD": "02 ถ. ซ. ม.13 บ.โคกสะอาด ต.ตะเคียนราม อ.ภูสิงห์ จ.ศรีสะเกษ" }, "geometry": { "type": "MultiPolygon", "coordinates": [ [ [ [ 104.168568100699474, 14.632975683743542, 0.0 ], [ 104.168144720697867, 14.632995969440689, 0.0 ], [ 104.168153937731802, 14.633090750793944, 0.0 ], [ 104.168583952511327, 14.633075322309072, 0.0 ], [ 104.168568100699474, 14.632975683743542, 0.0 ] ] ] ] } },
{ "type": "Feature", "properties": { "Plang": "29", "Rawang": "5838III1016-2", "Rai": 0.0, "NGan": 3.0, "Wa": 22.0, "CardID": "3330500187667", "Name": "นางสังวาล บังคม", "ADD": "09 ถ. ซ. ม.13 บ.โคกสะอาด ต.ตะเคียนราม อ.ภูสิงห์ จ.ศรีสะเกษ" }, "geometry": { "type": "MultiPolygon", "coordinates": [ [ [ [ 104.168617909830942, 14.633306273482738, 0.0 ], [ 104.168583952511327, 14.633075322309072, 0.0 ], [ 104.168153937731802, 14.633090750793944, 0.0 ], [ 104.168169014283563, 14.633348594623561, 0.0 ], [ 104.168617909830942, 14.633306273482738, 0.0 ] ] ] ] } },
{ "type": "Feature", "properties": { "Plang": "28", "Rawang": "5838III1016-2", "Rai": 0.0, "NGan": 2.0, "Wa": 94.0, "CardID": "3330500187047", "Name": "นางสาวสายพิน บังคม", "ADD": "49 ถ. ซ. ม.13 บ.โคกสะอาด ต.ตะเคียนราม อ.ภูสิงห์ จ.ศรีสะเกษ" }, "geometry": { "type": "MultiPolygon", "coordinates": [ [ [ [ 104.168646809661638, 14.633544912696046, 0.0 ], [ 104.168617909830942, 14.633306273482738, 0.0 ], [ 104.168169014283563, 14.633348594623561, 0.0 ], [ 104.168246904905445, 14.633566678163232, 0.0 ], [ 104.168646809661638, 14.633544912696046, 0.0 ] ] ] ] } },
{ "type": "Feature", "properties": { "Plang": "27", "Rawang": "5838III1016-2", "Rai": 0.0, "NGan": 2.0, "Wa": 27.0, "CardID": "3330500190218", "Name": "นางสาวเสริฐ บัวสอน", "ADD": "13 ถ. ซ. ม.13 บ.โคกสะอาด ต.ตะเคียนราม อ.ภูสิงห์ จ.ศรีสะเกษ" }, "geometry": { "type": "MultiPolygon", "coordinates": [ [ [ [ 104.168646809661638, 14.633544912696046, 0.0 ], [ 104.168246904905445, 14.633566678163232, 0.0 ], [ 104.168250027666602, 14.63374531750781, 0.0 ], [ 104.168423169329614, 14.633743381267406, 0.0 ], [ 104.168671665748121, 14.633732519073231, 0.0 ], [ 104.168646809661638, 14.633544912696046, 0.0 ] ] ] ] } },
{ "type": "Feature", "properties": { "Plang": "26", "Rawang": "5838III1016-2", "Rai": 0.0, "NGan": 1.0, "Wa": 7.0, "CardID": "3330500187471", "Name": "นางลอย รุ่งแสง", "ADD": "12 ถ. ซ. ม.13 บ.โคกสะอาด ต.ตะเคียนราม อ.ภูสิงห์ จ.ศรีสะเกษ" }, "geometry": { "type": "MultiPolygon", "coordinates": [ [ [ [ 104.168916079041182, 14.633402018085933, 0.0 ], [ 104.168894330671847, 14.633213005987541, 0.0 ], [ 104.168703299203671, 14.633241809859076, 0.0 ], [ 104.168721804308291, 14.633419768039442, 0.0 ], [ 104.168916079041182, 14.633402018085933, 0.0 ] ] ] ] } },
{ "type": "Feature", "properties": { "Plang": "25", "Rawang": "5838III1016-2", "Rai": 0.0, "NGan": 0.0, "Wa": 72.0, "CardID": "3330500187501", "Name": "นางเหลี่ยม พาเงิน", "ADD": "12/1 ถ. ซ. ม.13 บ.โคกสะอาด ต.ตะเคียนราม อ.ภูสิงห์ จ.ศรีสะเกษ" }, "geometry": { "type": "MultiPolygon", "coordinates": [ [ [ [ 104.168894330671847, 14.633213005987541, 0.0 ], [ 104.168916079041182, 14.633402018085933, 0.0 ], [ 104.16903937142547, 14.633388937407091, 0.0 ], [ 104.169024171741412, 14.633197715385624, 0.0 ], [ 104.168894330671847, 14.633213005987541, 0.0 ] ] ] ] } },
{ "type": "Feature", "properties": { "Plang": "24", "Rawang": "5838III1016-2", "Rai": 0.0, "NGan": 0.0, "Wa": 87.0, "CardID": "3330500187497", "Name": "นางบัวพันธ์ ชุ่มจิตร", "ADD": "12/2 ถ. ซ. ม.13 บ.โคกสะอาด ต.ตะเคียนราม อ.ภูสิงห์ จ.ศรีสะเกษ" }, "geometry": { "type": "MultiPolygon", "coordinates": [ [ [ [ 104.16903937142547, 14.633388937407091, 0.0 ], [ 104.169192374522083, 14.633372544757094, 0.0 ], [ 104.169176079167201, 14.633183476138278, 0.0 ], [ 104.169024171741412, 14.633197715385624, 0.0 ], [ 104.16903937142547, 14.633388937407091, 0.0 ] ] ] ] } },
{ "type": "Feature", "properties": { "Plang": "20", "Rawang": "5838III1016-2", "Rai": 0.0, "NGan": 2.0, "Wa": 23.0, "CardID": "3330500186849", "Name": "นางบาง แก้วกันหา", "ADD": "16 ถ. ซ. ม.13 บ.โคกสะอาด ต.ตะเคียนราม อ.ภูสิงห์ จ.ศรีสะเกษ" }, "geometry": { "type": "MultiPolygon", "coordinates": [ [ [ [ 104.169254252174198, 14.633900046830444, 0.0 ], [ 104.169237634557817, 14.633755472970863, 0.0 ], [ 104.169236586173156, 14.633614761910687, 0.0 ], [ 104.168972763979397, 14.633637087190404, 0.0 ], [ 104.168978130445268, 14.633788176979452, 0.0 ], [ 104.168976626689684, 14.633914559026602, 0.0 ], [ 104.169254252174198, 14.633900046830444, 0.0 ] ] ] ] } },
{ "type": "Feature", "properties": { "Plang": "19", "Rawang": "5838III1016-2", "Rai": 0.0, "NGan": 1.0, "Wa": 9.0, "CardID": "3330500186873", "Name": "นางสาวทวน แก้วกันหา", "ADD": "16 ถ. ซ. ม.13 บ.โคกสะอาด ต.ตะเคียนราม อ.ภูสิงห์ จ.ศรีสะเกษ" }, "geometry": { "type": "MultiPolygon", "coordinates": [ [ [ [ 104.168972763979397, 14.633637087190404, 0.0 ], [ 104.168751269191645, 14.633641767486745, 0.0 ], [ 104.168778037083243, 14.633832689852266, 0.0 ], [ 104.168978130445268, 14.633788176979452, 0.0 ], [ 104.168972763979397, 14.633637087190404, 0.0 ] ] ] ] } },
{ "type": "Feature", "properties": { "Plang": "18", "Rawang": "5838III1016-2", "Rai": 0.0, "NGan": 1.0, "Wa": 75.0, "CardID": "3330500186989", "Name": "นางเหงี่ยม คำศรี", "ADD": "15 ถ. ซ. ม.13 บ.โคกสะอาด ต.ตะเคียนราม อ.ภูสิงห์ จ.ศรีสะเกษ" }, "geometry": { "type": "MultiPolygon", "coordinates": [ [ [ [ 104.168692517544144, 14.633947544875245, 0.0 ], [ 104.168671665748121, 14.633732519073231, 0.0 ], [ 104.168423169329614, 14.633743381267406, 0.0 ], [ 104.168433020036673, 14.633989040230057, 0.0 ], [ 104.168692517544144, 14.633947544875245, 0.0 ] ] ] ] } },
{ "type": "Feature", "properties": { "Plang": "17", "Rawang": "5838III1016-2", "Rai": 0.0, "NGan": 0.0, "Wa": 84.0, "CardID": "3330500186890", "Name": "นางพร คุ้มครอง", "ADD": "17 ถ. ซ. ม.13 บ.โคกสะอาด ต.ตะเคียนราม อ.ภูสิงห์ จ.ศรีสะเกษ" }, "geometry": { "type": "MultiPolygon", "coordinates": [ [ [ [ 104.168716771659732, 14.634059856080805, 0.0 ], [ 104.168692517544144, 14.633947544875245, 0.0 ], [ 104.168433020036673, 14.633989040230057, 0.0 ], [ 104.168437743298256, 14.63408238061907, 0.0 ], [ 104.168716771659732, 14.634059856080805, 0.0 ] ] ] ] } },
{ "type": "Feature", "properties": { "Plang": "15", "Rawang": "5838III1016-2", "Rai": 0.0, "NGan": 0.0, "Wa": 85.0, "CardID": "3330500186946", "Name": "นางสาวแดง ใจละออ", "ADD": "17 ถ. ซ. ม.13 บ.โคกสะอาด ต.ตะเคียนราม อ.ภูสิงห์ จ.ศรีสะเกษ" }, "geometry": { "type": "MultiPolygon", "coordinates": [ [ [ [ 104.168437743298256, 14.63408238061907, 0.0 ], [ 104.168446276833549, 14.634185354732148, 0.0 ], [ 104.168729107119802, 14.634158661140303, 0.0 ], [ 104.168716771659732, 14.634059856080805, 0.0 ], [ 104.168437743298256, 14.63408238061907, 0.0 ] ] ] ] } },
{ "type": "Feature", "properties": { "Plang": "14", "Rawang": "5838III1016-2", "Rai": 0.0, "NGan": 1.0, "Wa": 71.0, "CardID": "3330500186831", "Name": "นางมัย แก้วกันหา", "ADD": "16 ถ. ซ. ม.13 บ.โคกสะอาด ต.ตะเคียนราม อ.ภูสิงห์ จ.ศรีสะเกษ" }, "geometry": { "type": "MultiPolygon", "coordinates": [ [ [ [ 104.168976626689684, 14.633914559026602, 0.0 ], [ 104.168978130445268, 14.633788176979452, 0.0 ], [ 104.168778037083243, 14.633832689852266, 0.0 ], [ 104.168844066488731, 14.634141545520478, 0.0 ], [ 104.16899941985001, 14.63413052842572, 0.0 ], [ 104.168976626689684, 14.633914559026602, 0.0 ] ] ] ] } },
{ "type": "Feature", "properties": { "Plang": "13", "Rawang": "5838III1016-2", "Rai": 0.0, "NGan": 1.0, "Wa": 73.0, "CardID": "3330500187217", "Name": "นางสาวพันธ์ เพียรจำ", "ADD": "18 ถ. ซ. ม.13 บ.โคกสะอาด ต.ตะเคียนราม อ.ภูสิงห์ จ.ศรีสะเกษ" }, "geometry": { "type": "MultiPolygon", "coordinates": [ [ [ [ 104.168976626689684, 14.633914559026602, 0.0 ], [ 104.16899941985001, 14.63413052842572, 0.0 ], [ 104.169269661371828, 14.634106258570153, 0.0 ], [ 104.169254252174198, 14.633900046830444, 0.0 ], [ 104.168976626689684, 14.633914559026602, 0.0 ] ] ] ] } },
{ "type": "Feature", "properties": { "Plang": "11", "Rawang": "5838III1016-2", "Rai": 0.0, "NGan": 1.0, "Wa": 20.0, "CardID": "2330500005561", "Name": "นางสาวจงใจ จอกนาค", "ADD": "21 ถ. ซ. ม.13 บ.โคกสะอาด ต.ตะเคียนราม อ.ภูสิงห์ จ.ศรีสะเกษ" }, "geometry": { "type": "MultiPolygon", "coordinates": [ [ [ [ 104.169524654733152, 14.634444733077171, 0.0 ], [ 104.169675544128751, 14.634434984449026, 0.0 ], [ 104.169642794289999, 14.634162829271387, 0.0 ], [ 104.169497978562092, 14.634176267638198, 0.0 ], [ 104.169524654733152, 14.634444733077171, 0.0 ] ] ] ] } },
{ "type": "Feature", "properties": { "Plang": "10", "Rawang": "5838III1016-2", "Rai": 0.0, "NGan": 1.0, "Wa": 17.0, "CardID": "5330500013151", "Name": "นางสาวละม้าย จอกนาค", "ADD": "21 ถ. ซ. ม.13 บ.โคกสะอาด ต.ตะเคียนราม อ.ภูสิงห์ จ.ศรีสะเกษ" }, "geometry": { "type": "MultiPolygon", "coordinates": [ [ [ [ 104.169497978562092, 14.634176267638198, 0.0 ], [ 104.16937128871659, 14.634183663812481, 0.0 ], [ 104.169367383533327, 14.634466370151669, 0.0 ], [ 104.169524654733152, 14.634444733077171, 0.0 ], [ 104.169497978562092, 14.634176267638198, 0.0 ] ] ] ] } },
{ "type": "Feature", "properties": { "Plang": "9", "Rawang": "5838III1016-2", "Rai": 0.0, "NGan": 1.0, "Wa": 42.0, "CardID": "3330500347141", "Name": "นางสมัย บังคม", "ADD": "19 ถ. ซ. ม.13 บ.โคกสะอาด ต.ตะเคียนราม อ.ภูสิงห์ จ.ศรีสะเกษ" }, "geometry": { "type": "MultiPolygon", "coordinates": [ [ [ [ 104.16937128871659, 14.634183663812481, 0.0 ], [ 104.169225206503796, 14.634198279222927, 0.0 ], [ 104.16922885088259, 14.634534204431834, 0.0 ], [ 104.169363726068369, 14.634519400855869, 0.0 ], [ 104.169367383533327, 14.634466370151669, 0.0 ], [ 104.16937128871659, 14.634183663812481, 0.0 ] ] ] ] } },
{ "type": "Feature", "properties": { "Plang": "8", "Rawang": "5838III1016-2", "Rai": 0.0, "NGan": 1.0, "Wa": 18.0, "CardID": "3330500347141", "Name": "นางสมัย บังคม", "ADD": "19 ถ. ซ. ม.13 บ.โคกสะอาด ต.ตะเคียนราม อ.ภูสิงห์ จ.ศรีสะเกษ" }, "geometry": { "type": "MultiPolygon", "coordinates": [ [ [ [ 104.16922885088259, 14.634534204431834, 0.0 ], [ 104.169225206503796, 14.634198279222927, 0.0 ], [ 104.169108914413314, 14.634203305426897, 0.0 ], [ 104.169105937691882, 14.634529977497046, 0.0 ], [ 104.16922885088259, 14.634534204431834, 0.0 ] ] ] ] } },
{ "type": "Feature", "properties": { "Plang": "7", "Rawang": "5838III1016-2", "Rai": 0.0, "NGan": 1.0, "Wa": 10.0, "CardID": "3330500347281", "Name": "นางอรทัย วันทา", "ADD": "19 ถ. ซ. ม.13 บ.โคกสะอาด ต.ตะเคียนราม อ.ภูสิงห์ จ.ศรีสะเกษ" }, "geometry": { "type": "MultiPolygon", "coordinates": [ [ [ [ 104.169105937691882, 14.634529977497046, 0.0 ], [ 104.169108914413314, 14.634203305426897, 0.0 ], [ 104.168983563937218, 14.634214091292554, 0.0 ], [ 104.16899903868584, 14.634523907912488, 0.0 ], [ 104.169105937691882, 14.634529977497046, 0.0 ] ] ] ] } },
{ "type": "Feature", "properties": { "Plang": "6", "Rawang": "5838III1016-2", "Rai": 0.0, "NGan": 1.0, "Wa": 37.0, "CardID": "3330500347141", "Name": "นางสมัย บังคม", "ADD": "19 ถ. ซ. ม.13 บ.โคกสะอาด ต.ตะเคียนราม อ.ภูสิงห์ จ.ศรีสะเกษ" }, "geometry": { "type": "MultiPolygon", "coordinates": [ [ [ [ 104.16899903868584, 14.634523907912488, 0.0 ], [ 104.168983563937218, 14.634214091292554, 0.0 ], [ 104.168826279806936, 14.634235497403349, 0.0 ], [ 104.168851810550464, 14.634528316576075, 0.0 ], [ 104.16899903868584, 14.634523907912488, 0.0 ] ] ] ] } },
{ "type": "Feature", "properties": { "Plang": "5", "Rawang": "5838III1016-2", "Rai": 0.0, "NGan": 2.0, "Wa": 18.0, "CardID": "3330500187063", "Name": "นายจินตศักดิ์ บังคม", "ADD": "39 ถ. ซ. ม.13 บ.โคกสะอาด ต.ตะเคียนราม อ.ภูสิงห์ จ.ศรีสะเกษ" }, "geometry": { "type": "MultiPolygon", "coordinates": [ [ [ [ 104.168778078516823, 14.634455528515609, 0.0 ], [ 104.168737142656084, 14.634239743120002, 0.0 ], [ 104.168399567346825, 14.634258961411764, 0.0 ], [ 104.168408098948802, 14.63445630788376, 0.0 ], [ 104.168778078516823, 14.634455528515609, 0.0 ] ] ] ] } },
{ "type": "Feature", "properties": { "Plang": "4", "Rawang": "5838III1016-2", "Rai": 0.0, "NGan": 1.0, "Wa": 37.0, "CardID": "3330500347231", "Name": "นางสาวดวงเนตร เกิดแสงรัตน์", "ADD": "21 ถ. ซ. ม.13 บ.โคกสะอาด ต.ตะเคียนราม อ.ภูสิงห์ จ.ศรีสะเกษ" }, "geometry": { "type": "MultiPolygon", "coordinates": [ [ [ [ 104.169675544128751, 14.634434984449026, 0.0 ], [ 104.169524654733152, 14.634444733077171, 0.0 ], [ 104.169367383533327, 14.634466370151669, 0.0 ], [ 104.169363726068369, 14.634519400855869, 0.0 ], [ 104.169474748771648, 14.634608699232391, 0.0 ], [ 104.169706639763248, 14.63459144873443, 0.0 ], [ 104.169675544128751, 14.634434984449026, 0.0 ] ] ] ] } },
{ "type": "Feature", "properties": { "Plang": "3", "Rawang": "5838III1016-2", "Rai": 0.0, "NGan": 1.0, "Wa": 7.0, "CardID": "3330500347141", "Name": "นางสมัย บังคม", "ADD": "19 ถ. ซ. ม.13 บ.โคกสะอาด ต.ตะเคียนราม อ.ภูสิงห์ จ.ศรีสะเกษ" }, "geometry": { "type": "MultiPolygon", "coordinates": [ [ [ [ 104.169706639763248, 14.63459144873443, 0.0 ], [ 104.169474748771648, 14.634608699232391, 0.0 ], [ 104.169506872830667, 14.634789508703127, 0.0 ], [ 104.169721808453929, 14.634724544662507, 0.0 ], [ 104.169706639763248, 14.63459144873443, 0.0 ] ] ] ] } },
{ "type": "Feature", "properties": { "Plang": "2", "Rawang": "5838III1016-2", "Rai": 0.0, "NGan": 0.0, "Wa": 94.0, "CardID": "3330500347141", "Name": "นางสมัย บังคม", "ADD": "19 ถ. ซ. ม.13 บ.โคกสะอาด ต.ตะเคียนราม อ.ภูสิงห์ จ.ศรีสะเกษ" }, "geometry": { "type": "MultiPolygon", "coordinates": [ [ [ [ 104.169721808453929, 14.634724544662507, 0.0 ], [ 104.169506872830667, 14.634789508703127, 0.0 ], [ 104.169499279850115, 14.634902608831831, 0.0 ], [ 104.1697354047201, 14.634890355252724, 0.0 ], [ 104.169721808453929, 14.634724544662507, 0.0 ] ] ] ] } },
{ "type": "Feature", "properties": { "Plang": "1", "Rawang": "5838III1016-2", "Rai": 0.0, "NGan": 1.0, "Wa": 4.0, "CardID": "3330500347176", "Name": "นางเหมาะสม บังคม", "ADD": "21 ถ. ซ. ม.13 บ.โคกสะอาด ต.ตะเคียนราม อ.ภูสิงห์ จ.ศรีสะเกษ" }, "geometry": { "type": "MultiPolygon", "coordinates": [ [ [ [ 104.1697354047201, 14.634890355252724, 0.0 ], [ 104.169499279850115, 14.634902608831831, 0.0 ], [ 104.16951259582909, 14.635066847015937, 0.0 ], [ 104.169746212631807, 14.635021178000118, 0.0 ], [ 104.1697354047201, 14.634890355252724, 0.0 ] ] ] ] } },
{ "type": "Feature", "properties": { "Plang": "245", "Rawang": "5838III1012-8", "Rai": 0.0, "NGan": 0.0, "Wa": 26.0, "CardID": "3330500220338", "Name": "นางพวย ศรีลาชัย", "ADD": "102 ถ. ซ. ม.3 บ.ตะเคียนกลาง ต.ตะเคียนราม อ.ภูสิงห์ จ.ศรีสะเกษ" }, "geometry": { "type": "MultiPolygon", "coordinates": [ [ [ [ 104.174947218883332, 14.593675835154299, 0.0 ], [ 104.174979565420642, 14.59359870740221, 0.0 ], [ 104.174862552363706, 14.593562180113414, 0.0 ], [ 104.174845229518226, 14.593635841874644, 0.0 ], [ 104.174865941903235, 14.593653391311728, 0.0 ], [ 104.174947218883332, 14.593675835154299, 0.0 ] ] ] ] } },
{ "type": "Feature", "properties": { "Plang": "252", "Rawang": "5838III1012-8", "Rai": 0.0, "NGan": 2.0, "Wa": 6.0, "CardID": "3330500212912", "Name": "นางพวม แก้วสุด", "ADD": "06 ถ. ซ. ม.3 บ.ตะเคียนกลาง ต.ตะเคียนราม อ.ภูสิงห์ จ.ศรีสะเกษ" }, "geometry": { "type": "MultiPolygon", "coordinates": [ [ [ [ 104.1743881436511, 14.593149749479121, 0.0 ], [ 104.174506610929399, 14.593254007732526, 0.0 ], [ 104.174699802525822, 14.592729625741988, 0.0 ], [ 104.174578213727472, 14.59271374661798, 0.0 ], [ 104.1743881436511, 14.593149749479121, 0.0 ] ] ] ] } },
{ "type": "Feature", "properties": { "Plang": "251", "Rawang": "5838III1012-8", "Rai": 0.0, "NGan": 2.0, "Wa": 10.0, "CardID": "3330500212475", "Name": "นางสริน ศรีสิงห์", "ADD": "81 ถ. ซ. ม.3 บ.ตะเคียนกลาง ต.ตะเคียนราม อ.ภูสิงห์ จ.ศรีสะเกษ" }, "geometry": { "type": "MultiPolygon", "coordinates": [ [ [ [ 104.175474337290311, 14.593399280292699, 0.0 ], [ 104.175467570401437, 14.593358834449926, 0.0 ], [ 104.175468657039303, 14.593271815307611, 0.0 ], [ 104.175462422069472, 14.593120979612978, 0.0 ], [ 104.175234952738663, 14.593107255638868, 0.0 ], [ 104.17518780143692, 14.593326797806403, 0.0 ], [ 104.175243833134971, 14.593329180687299, 0.0 ], [ 104.175241387440209, 14.593380146432059, 0.0 ], [ 104.175335597237392, 14.593403339161885, 0.0 ], [ 104.175474337290311, 14.593399280292699, 0.0 ] ] ] ] } },
{ "type": "Feature", "properties": { "Plang": "250", "Rawang": "5838III1012-8", "Rai": 0.0, "NGan": 0.0, "Wa": 92.0, "CardID": "3330500214753", "Name": "นางนิพรรัตน์ พงษ์ชาติ", "ADD": "05 ถ. ซ. ม.3 บ.ตะเคียนกลาง ต.ตะเคียนราม อ.ภูสิงห์ จ.ศรีสะเกษ" }, "geometry": { "type": "MultiPolygon", "coordinates": [ [ [ [ 104.175474337290311, 14.593399280292699, 0.0 ], [ 104.175695570898498, 14.59339210607461, 0.0 ], [ 104.175704034071273, 14.593251911615242, 0.0 ], [ 104.175468657039303, 14.593271815307611, 0.0 ], [ 104.175467570401437, 14.593358834449926, 0.0 ], [ 104.175474337290311, 14.593399280292699, 0.0 ] ] ] ] } },
{ "type": "Feature", "properties": { "Plang": "249", "Rawang": "5838III1012-8", "Rai": 0.0, "NGan": 0.0, "Wa": 79.0, "CardID": "3330500212467", "Name": "นางสอัน ศรีสิงห์", "ADD": "88 ถ. ซ. ม.3 บ.ตะเคียนกลาง ต.ตะเคียนราม อ.ภูสิงห์ จ.ศรีสะเกษ" }, "geometry": { "type": "MultiPolygon", "coordinates": [ [ [ [ 104.175447646632179, 14.593570761110762, 0.0 ], [ 104.175474337290311, 14.593399280292699, 0.0 ], [ 104.175335597237392, 14.593403339161885, 0.0 ], [ 104.17527427932815, 14.593572374213919, 0.0 ], [ 104.175447646632179, 14.593570761110762, 0.0 ] ] ] ] } },
{ "type": "Feature", "properties": { "Plang": "248", "Rawang": "5838III1012-8", "Rai": 0.0, "NGan": 1.0, "Wa": 19.0, "CardID": "3330500220338", "Name": "นางพวย ศรีลาชัย", "ADD": "102 ถ. ซ. ม.3 บ.ตะเคียนกลาง ต.ตะเคียนราม อ.ภูสิงห์ จ.ศรีสะเกษ" }, "geometry": { "type": "MultiPolygon", "coordinates": [ [ [ [ 104.175474337290311, 14.593399280292699, 0.0 ], [ 104.175447646632179, 14.593570761110762, 0.0 ], [ 104.175471231520092, 14.593570148942767, 0.0 ], [ 104.175664099473266, 14.593588368301026, 0.0 ], [ 104.175695570898498, 14.59339210607461, 0.0 ], [ 104.175474337290311, 14.593399280292699, 0.0 ] ] ] ] } },
{ "type": "Feature", "properties": { "Plang": "247", "Rawang": "5838III1012-8", "Rai": 0.0, "NGan": 1.0, "Wa": 37.0, "CardID": "3330500219046", "Name": "นางรีย์ อัยยาพงษ์", "ADD": "36 ถ. ซ. ม.3 บ.ตะเคียนกลาง ต.ตะเคียนราม อ.ภูสิงห์ จ.ศรีสะเกษ" }, "geometry": { "type": "MultiPolygon", "coordinates": [ [ [ [ 104.175508910833059, 14.593786378958114, 0.0 ], [ 104.175643585973674, 14.593801623818731, 0.0 ], [ 104.175664099473266, 14.593588368301026, 0.0 ], [ 104.175471231520092, 14.593570148942767, 0.0 ], [ 104.175426796801645, 14.593673860582065, 0.0 ], [ 104.175414743087629, 14.593758318475787, 0.0 ], [ 104.175508910833059, 14.593786378958114, 0.0 ] ] ] ] } },
{ "type": "Feature", "properties": { "Plang": "246", "Rawang": "5838III1012-8", "Rai": 0.0, "NGan": 0.0, "Wa": 51.0, "CardID": "3330500215091", "Name": "นางสาวศรีเมือง ตะเคียนเกลี้ยง", "ADD": "23 ถ. ซ. ม.3 บ.ตะเคียนกลาง ต.ตะเคียนราม อ.ภูสิงห์ จ.ศรีสะเกษ" }, "geometry": { "type": "MultiPolygon", "coordinates": [ [ [ [ 104.175471231520092, 14.593570148942767, 0.0 ], [ 104.175447646632179, 14.593570761110762, 0.0 ], [ 104.17527427932815, 14.593572374213919, 0.0 ], [ 104.175270368552432, 14.593659784837367, 0.0 ], [ 104.175426796801645, 14.593673860582065, 0.0 ], [ 104.175471231520092, 14.593570148942767, 0.0 ] ] ] ] } },
{ "type": "Feature", "properties": { "Plang": "244", "Rawang": "5838III1012-8", "Rai": 0.0, "NGan": 0.0, "Wa": 30.0, "CardID": "3330500220311", "Name": "นางสมจิตร รัตนพันธ์", "ADD": "40/1 ถ. ซ. ม.3 บ.ตะเคียนกลาง ต.ตะเคียนราม อ.ภูสิงห์ จ.ศรีสะเกษ" }, "geometry": { "type": "MultiPolygon", "coordinates": [ [ [ [ 104.174947218883332, 14.593675835154299, 0.0 ], [ 104.175051388768296, 14.593713974428352, 0.0 ], [ 104.175079984813337, 14.593608714262983, 0.0 ], [ 104.174979565420642, 14.59359870740221, 0.0 ], [ 104.174947218883332, 14.593675835154299, 0.0 ] ] ] ] } },
{ "type": "Feature", "properties": { "Plang": "243", "Rawang": "5838III1012-8", "Rai": 0.0, "NGan": 0.0, "Wa": 56.0, "CardID": "3330500220303", "Name": "นางปริด ตะเคียนเกลี้ยง", "ADD": "40 ถ. ซ. ม.3 บ.ตะเคียนกลาง ต.ตะเคียนราม อ.ภูสิงห์ จ.ศรีสะเกษ" }, "geometry": { "type": "MultiPolygon", "coordinates": [ [ [ [ 104.175037199914684, 14.59379105049047, 0.0 ], [ 104.175051388768296, 14.593713974428352, 0.0 ], [ 104.174947218883332, 14.593675835154299, 0.0 ], [ 104.174865941903235, 14.593653391311728, 0.0 ], [ 104.17485163049254, 14.593769890728716, 0.0 ], [ 104.174898184442156, 14.593775731204076, 0.0 ], [ 104.175037199914684, 14.59379105049047, 0.0 ] ] ] ] } },
{ "type": "Feature", "properties": { "Plang": "242", "Rawang": "5838III1012-8", "Rai": 0.0, "NGan": 1.0, "Wa": 34.0, "CardID": "3330500218490", "Name": "นางเข็มทอง แซ่เลา", "ADD": "27 ถ. ซ. ม.3 บ.ตะเคียนกลาง ต.ตะเคียนราม อ.ภูสิงห์ จ.ศรีสะเกษ" }, "geometry": { "type": "MultiPolygon", "coordinates": [ [ [ [ 104.174811483272691, 14.593590526022059, 0.0 ], [ 104.174661071960287, 14.593535958696709, 0.0 ], [ 104.17453775144611, 14.593778746270747, 0.0 ], [ 104.174718567195626, 14.593824307077165, 0.0 ], [ 104.174811483272691, 14.593590526022059, 0.0 ] ] ] ] } },
{ "type": "Feature", "properties": { "Plang": "241", "Rawang": "5838III1012-8", "Rai": 0.0, "NGan": 0.0, "Wa": 34.0, "CardID": "3330500220362", "Name": "นางสวย ตะเคียนเกลี้ยง", "ADD": "106 ถ. ซ. ม.3 บ.ตะเคียนกลาง ต.ตะเคียนราม อ.ภูสิงห์ จ.ศรีสะเกษ" }, "geometry": { "type": "MultiPolygon", "coordinates": [ [ [ [ 104.174898184442156, 14.593775731204076, 0.0 ], [ 104.174876703421077, 14.59385000035766, 0.0 ], [ 104.175018396272321, 14.593872673539087, 0.0 ], [ 104.175037199914684, 14.59379105049047, 0.0 ], [ 104.174898184442156, 14.593775731204076, 0.0 ] ] ] ] } },
{ "type": "Feature", "properties": { "Plang": "240", "Rawang": "5838III1012-8", "Rai": 0.0, "NGan": 1.0, "Wa": 41.0, "CardID": "3330500219046", "Name": "นางรีย์ อัยยาพงษ์", "ADD": "36 ถ. ซ. ม.3 บ.ตะเคียนกลาง ต.ตะเคียนราม อ.ภูสิงห์ จ.ศรีสะเกษ" }, "geometry": { "type": "MultiPolygon", "coordinates": [ [ [ [ 104.175270368552432, 14.593659784837367, 0.0 ], [ 104.17527427932815, 14.593572374213919, 0.0 ], [ 104.175127983472493, 14.593593077099015, 0.0 ], [ 104.175066267872609, 14.593881483347984, 0.0 ], [ 104.175212200327849, 14.593904133389298, 0.0 ], [ 104.175270368552432, 14.593659784837367, 0.0 ] ] ] ] } },
{ "type": "Feature", "properties": { "Plang": "239", "Rawang": "5838III1012-8", "Rai": 0.0, "NGan": 1.0, "Wa": 26.0, "CardID": "3330500220320", "Name": "นางวิไล นันทะสิงห์", "ADD": "52 ถ. ซ. ม.3 บ.ตะเคียนกลาง ต.ตะเคียนราม อ.ภูสิงห์ จ.ศรีสะเกษ" }, "geometry": { "type": "MultiPolygon", "coordinates": [ [ [ [ 104.175387355217097, 14.593926502084564, 0.0 ], [ 104.175414743087629, 14.593758318475787, 0.0 ], [ 104.175426796801645, 14.593673860582065, 0.0 ], [ 104.175270368552432, 14.593659784837367, 0.0 ], [ 104.175212200327849, 14.593904133389298, 0.0 ], [ 104.175387355217097, 14.593926502084564, 0.0 ] ] ] ] } },
{ "type": "Feature", "properties": { "Plang": "238", "Rawang": "5838III1012-8", "Rai": 0.0, "NGan": 0.0, "Wa": 47.0, "CardID": "3330500219046", "Name": "นางรีย์ อัยยาพงษ์", "ADD": "36 ถ. ซ. ม.3 บ.ตะเคียนกลาง ต.ตะเคียนราม อ.ภูสิงห์ จ.ศรีสะเกษ" }, "geometry": { "type": "MultiPolygon", "coordinates": [ [ [ [ 104.175414743087629, 14.593758318475787, 0.0 ], [ 104.175387355217097, 14.593926502084564, 0.0 ], [ 104.175484677235971, 14.593937788992296, 0.0 ], [ 104.175508910833059, 14.593786378958114, 0.0 ], [ 104.175414743087629, 14.593758318475787, 0.0 ] ] ] ] } },
{ "type": "Feature", "properties": { "Plang": "237", "Rawang": "5838III1012-8", "Rai": 0.0, "NGan": 0.0, "Wa": 63.0, "CardID": "3330500219062", "Name": "นายสำราญ อัยยาพงษ์", "ADD": "89 ถ. ซ. ม.3 บ.ตะเคียนกลาง ต.ตะเคียนราม อ.ภูสิงห์ จ.ศรีสะเกษ" }, "geometry": { "type": "MultiPolygon", "coordinates": [ [ [ [ 104.175508910833059, 14.593786378958114, 0.0 ], [ 104.175484677235971, 14.593937788992296, 0.0 ], [ 104.175621113639011, 14.59395532758618, 0.0 ], [ 104.175643585973674, 14.593801623818731, 0.0 ], [ 104.175508910833059, 14.593786378958114, 0.0 ] ] ] ] } },
{ "type": "Feature", "properties": { "Plang": "236", "Rawang": "5838III1012-8", "Rai": 0.0, "NGan": 1.0, "Wa": 21.0, "CardID": "3330500219054", "Name": "นางสาวมะลิ ไชยมาศ", "ADD": "84 ถ. ซ. ม.3 บ.ตะเคียนกลาง ต.ตะเคียนราม อ.ภูสิงห์ จ.ศรีสะเกษ" }, "geometry": { "type": "MultiPolygon", "coordinates": [ [ [ [ 104.176042871817231, 14.594333255101319, 0.0 ], [ 104.176278607798679, 14.5942994996102, 0.0 ], [ 104.176295539681774, 14.594164984095297, 0.0 ], [ 104.176057206013269, 14.594125224580868, 0.0 ], [ 104.176042871817231, 14.594333255101319, 0.0 ] ] ] ] } },
{ "type": "Feature", "properties": { "Plang": "235", "Rawang": "5838III1012-8", "Rai": 0.0, "NGan": 0.0, "Wa": 53.0, "CardID": "3330500219437", "Name": "นางสาวจันทร์ ตะเคียนเกลี้ยง", "ADD": "38 ถ. ซ. ม.3 บ.ตะเคียนกลาง ต.ตะเคียนราม อ.ภูสิงห์ จ.ศรีสะเกษ" }, "geometry": { "type": "MultiPolygon", "coordinates": [ [ [ [ 104.176042871817231, 14.594333255101319, 0.0 ], [ 104.176057206013269, 14.594125224580868, 0.0 ], [ 104.17597649345376, 14.594110226996827, 0.0 ], [ 104.175959108758434, 14.594332595680708, 0.0 ], [ 104.176042871817231, 14.594333255101319, 0.0 ] ] ] ] } },
{ "type": "Feature", "properties": { "Plang": "234", "Rawang": "5838III1012-8", "Rai": 0.0, "NGan": 0.0, "Wa": 59.0, "CardID": "3330500219470", "Name": "นางสาวเสถียร ตะเคียนเกลี้ยง", "ADD": "38 ถ. ซ. ม.3 บ.ตะเคียนกลาง ต.ตะเคียนราม อ.ภูสิงห์ จ.ศรีสะเกษ" }, "geometry": { "type": "MultiPolygon", "coordinates": [ [ [ [ 104.175959108758434, 14.594332595680708, 0.0 ], [ 104.17597649345376, 14.594110226996827, 0.0 ], [ 104.175890005922483, 14.594097921502032, 0.0 ], [ 104.175877111626718, 14.594344948700389, 0.0 ], [ 104.175959108758434, 14.594332595680708, 0.0 ] ] ] ] } },
{ "type": "Feature", "properties": { "Plang": "233", "Rawang": "5838III1012-8", "Rai": 0.0, "NGan": 0.0, "Wa": 84.0, "CardID": "3330500219445", "Name": "นายพจน์ ตะเคียนเกลี้ยง", "ADD": "38 ถ. ซ. ม.3 บ.ตะเคียนกลาง ต.ตะเคียนราม อ.ภูสิงห์ จ.ศรีสะเกษ" }, "geometry": { "type": "MultiPolygon", "coordinates": [ [ [ [ 104.175877111626718, 14.594344948700389, 0.0 ], [ 104.175890005922483, 14.594097921502032, 0.0 ], [ 104.175796119081909, 14.594081171307879, 0.0 ], [ 104.175760949652457, 14.594377081735342, 0.0 ], [ 104.175877111626718, 14.594344948700389, 0.0 ] ] ] ] } },
{ "type": "Feature", "properties": { "Plang": "232", "Rawang": "5838III1012-8", "Rai": 0.0, "NGan": 0.0, "Wa": 89.0, "CardID": "3330500222667", "Name": "นางสาวกิริยา รัตน์พันธ์", "ADD": "53 ถ. ซ. ม.3 บ.ตะเคียนกลาง ต.ตะเคียนราม อ.ภูสิงห์ จ.ศรีสะเกษ" }, "geometry": { "type": "MultiPolygon", "coordinates": [ [ [ [ 104.175760949652457, 14.594377081735342, 0.0 ], [ 104.175796119081909, 14.594081171307879, 0.0 ], [ 104.175698720824599, 14.594070388775329, 0.0 ], [ 104.17565973061734, 14.594374772103167, 0.0 ], [ 104.175760949652457, 14.594377081735342, 0.0 ] ] ] ] } },
{ "type": "Feature", "properties": { "Plang": "231", "Rawang": "5838III1012-8", "Rai": 0.0, "NGan": 0.0, "Wa": 56.0, "CardID": "3330500214630", "Name": "นางอรนิตย์ ทบเทิม", "ADD": "93 ถ. ซ. ม.3 บ.ตะเคียนกลาง ต.ตะเคียนราม อ.ภูสิงห์ จ.ศรีสะเกษ" }, "geometry": { "type": "MultiPolygon", "coordinates": [ [ [ [ 104.175528661495733, 14.594241083177872, 0.0 ], [ 104.175625030496775, 14.594244019529738, 0.0 ], [ 104.175653438683909, 14.594060835057958, 0.0 ], [ 104.175555387626446, 14.594042082765128, 0.0 ], [ 104.175528661495733, 14.594241083177872, 0.0 ] ] ] ] } },
{ "type": "Feature", "properties": { "Plang": "230", "Rawang": "5838III1012-8", "Rai": 0.0, "NGan": 0.0, "Wa": 73.0, "CardID": "3330500220656", "Name": "นางกรรณิการ์ ตะเคียนเกลี้ยง", "ADD": "41 ถ. ซ. ม.3 บ.ตะเคียนกลาง ต.ตะเคียนราม อ.ภูสิงห์ จ.ศรีสะเกษ" }, "geometry": { "type": "MultiPolygon", "coordinates": [ [ [ [ 104.175555387626446, 14.594042082765128, 0.0 ], [ 104.175438992750585, 14.594020003589664, 0.0 ], [ 104.17541156768138, 14.594237653302967, 0.0 ], [ 104.175436903675134, 14.594238565388114, 0.0 ], [ 104.175528661495733, 14.594241083177872, 0.0 ], [ 104.175555387626446, 14.594042082765128, 0.0 ] ] ] ] } },
{ "type": "Feature", "properties": { "Plang": "229", "Rawang": "5838III1012-8", "Rai": 0.0, "NGan": 1.0, "Wa": 10.0, "CardID": "3330500214591", "Name": "นางจันทร์ ตะเคียนราม", "ADD": "41/1 ถ. ซ. ม.3 บ.ตะเคียนกลาง ต.ตะเคียนราม อ.ภูสิงห์ จ.ศรีสะเกษ" }, "geometry": { "type": "MultiPolygon", "coordinates": [ [ [ [ 104.17541156768138, 14.594237653302967, 0.0 ], [ 104.175438992750585, 14.594020003589664, 0.0 ], [ 104.175282909689656, 14.594000174121611, 0.0 ], [ 104.175254608641339, 14.594254606204387, 0.0 ], [ 104.17541156768138, 14.594237653302967, 0.0 ] ] ] ] } },
{ "type": "Feature", "properties": { "Plang": "228", "Rawang": "5838III1012-8", "Rai": 0.0, "NGan": 0.0, "Wa": 61.0, "CardID": "3330500214991", "Name": "นางลัดดาวรรณ ภักดิ์ชัยภูมิ", "ADD": "22 ถ. ซ. ม.3 บ.ตะเคียนกลาง ต.ตะเคียนราม อ.ภูสิงห์ จ.ศรีสะเกษ" }, "geometry": { "type": "MultiPolygon", "coordinates": [ [ [ [ 104.17467751052466, 14.593984504791761, 0.0 ], [ 104.17466359097611, 14.59408149303729, 0.0 ], [ 104.174789564652627, 14.594082698744332, 0.0 ], [ 104.17480581409535, 14.59400258297601, 0.0 ], [ 104.174769542772211, 14.593993586187747, 0.0 ], [ 104.174800276880603, 14.593912899457075, 0.0 ], [ 104.174700933170996, 14.593889001236029, 0.0 ], [ 104.17467751052466, 14.593984504791761, 0.0 ] ] ] ] } },
{ "type": "Feature", "properties": { "Plang": "227", "Rawang": "5838III1012-8", "Rai": 0.0, "NGan": 0.0, "Wa": 32.0, "CardID": "5330590001980", "Name": "นางเสงี่ยม ไพรบึง", "ADD": "22/1 ถ. ซ. ม.3 บ.ตะเคียนกลาง ต.ตะเคียนราม อ.ภูสิงห์ จ.ศรีสะเกษ" }, "geometry": { "type": "MultiPolygon", "coordinates": [ [ [ [ 104.17467751052466, 14.593984504791761, 0.0 ], [ 104.174700933170996, 14.593889001236029, 0.0 ], [ 104.17459947086688, 14.593869294386835, 0.0 ], [ 104.174566730959341, 14.593962012812366, 0.0 ], [ 104.17467751052466, 14.593984504791761, 0.0 ] ] ] ] } },
{ "type": "Feature", "properties": { "Plang": "226", "Rawang": "5838III1012-8", "Rai": 0.0, "NGan": 0.0, "Wa": 35.0, "CardID": "3330500214982", "Name": "นางสุรัน พลภักดี", "ADD": "22/2 ถ. ซ. ม.3 บ.ตะเคียนกลาง ต.ตะเคียนราม อ.ภูสิงห์ จ.ศรีสะเกษ" }, "geometry": { "type": "MultiPolygon", "coordinates": [ [ [ [ 104.17467751052466, 14.593984504791761, 0.0 ], [ 104.174566730959341, 14.593962012812366, 0.0 ], [ 104.174539431152169, 14.594054948436803, 0.0 ], [ 104.17466359097611, 14.59408149303729, 0.0 ], [ 104.17467751052466, 14.593984504791761, 0.0 ] ] ] ] } },
{ "type": "Feature", "properties": { "Plang": "225", "Rawang": "5838III1012-8", "Rai": 0.0, "NGan": 0.0, "Wa": 85.0, "CardID": "3330500214478", "Name": "นางอิด ตะเคียนเกลี้ยง", "ADD": "18 ถ. ซ. ม.3 บ.ตะเคียนกลาง ต.ตะเคียนราม อ.ภูสิงห์ จ.ศรีสะเกษ" }, "geometry": { "type": "MultiPolygon", "coordinates": [ [ [ [ 104.175223009572207, 14.594395150331101, 0.0 ], [ 104.175254608641339, 14.594254606204387, 0.0 ], [ 104.175039969523482, 14.594217510549527, 0.0 ], [ 104.175056368076241, 14.594373417301028, 0.0 ], [ 104.175223009572207, 14.594395150331101, 0.0 ] ] ] ] } },
{ "type": "Feature", "properties": { "Plang": "224", "Rawang": "5838III1012-8", "Rai": 0.0, "NGan": 1.0, "Wa": 64.0, "CardID": "3330500218627", "Name": "นางสาวสุทิศ ตะเคียนราม", "ADD": "28 ถ. ซ. ม.3 บ.ตะเคียนกลาง ต.ตะเคียนราม อ.ภูสิงห์ จ.ศรีสะเกษ" }, "geometry": { "type": "MultiPolygon", "coordinates": [ [ [ [ 104.17541156768138, 14.594237653302967, 0.0 ], [ 104.175254608641339, 14.594254606204387, 0.0 ], [ 104.175223009572207, 14.594395150331101, 0.0 ], [ 104.175241643908606, 14.594535116594836, 0.0 ], [ 104.175267353661511, 14.594530407087571, 0.0 ], [ 104.175435627584065, 14.594502684012264, 0.0 ], [ 104.175436969610658, 14.594393430837178, 0.0 ], [ 104.175436903675134, 14.594238565388114, 0.0 ], [ 104.17541156768138, 14.594237653302967, 0.0 ] ] ] ] } },
{ "type": "Feature", "properties": { "Plang": "223", "Rawang": "5838III1012-8", "Rai": 0.0, "NGan": 0.0, "Wa": 82.0, "CardID": "3330500219143", "Name": "นางรอง วงษ์พิทักษ์", "ADD": "83 ถ. ซ. ม.3 บ.ตะเคียนกลาง ต.ตะเคียนราม อ.ภูสิงห์ จ.ศรีสะเกษ" }, "geometry": { "type": "MultiPolygon", "coordinates": [ [ [ [ 104.175625030496775, 14.594244019529738, 0.0 ], [ 104.175528661495733, 14.594241083177872, 0.0 ], [ 104.175436903675134, 14.594238565388114, 0.0 ], [ 104.175436969610658, 14.594393430837178, 0.0 ], [ 104.175602687594619, 14.594399601669922, 0.0 ], [ 104.175625030496775, 14.594244019529738, 0.0 ] ] ] ] } },
{ "type": "Feature", "properties": { "Plang": "222", "Rawang": "5838III1012-8", "Rai": 0.0, "NGan": 0.0, "Wa": 77.0, "CardID": "3330500219194", "Name": "นางสาวนรินทร์ วงษ์พิทักษ์", "ADD": "68 ถ. ซ. ม.3 บ.ตะเคียนกลาง ต.ตะเคียนราม อ.ภูสิงห์ จ.ศรีสะเกษ" }, "geometry": { "type": "MultiPolygon", "coordinates": [ [ [ [ 104.175436969610658, 14.594393430837178, 0.0 ], [ 104.175435627584065, 14.594502684012264, 0.0 ], [ 104.175467461059355, 14.594606293762046, 0.0 ], [ 104.175567428190945, 14.594551500873628, 0.0 ], [ 104.175602687594619, 14.594399601669922, 0.0 ], [ 104.175436969610658, 14.594393430837178, 0.0 ] ] ] ] } },
{ "type": "Feature", "properties": { "Plang": "221", "Rawang": "5838III1012-8", "Rai": 0.0, "NGan": 0.0, "Wa": 56.0, "CardID": "3330500218589", "Name": "นางสฤทธิ์ ตะเคียนราม", "ADD": "85 ถ. ซ. ม.3 บ.ตะเคียนกลาง ต.ตะเคียนราม อ.ภูสิงห์ จ.ศรีสะเกษ" }, "geometry": { "type": "MultiPolygon", "coordinates": [ [ [ [ 104.175435627584065, 14.594502684012264, 0.0 ], [ 104.175267353661511, 14.594530407087571, 0.0 ], [ 104.175273005978639, 14.594629140678299, 0.0 ], [ 104.175467461059355, 14.594606293762046, 0.0 ], [ 104.175435627584065, 14.594502684012264, 0.0 ] ] ] ] } },
{ "type": "Feature", "properties": { "Plang": "220", "Rawang": "5838III1012-8", "Rai": 0.0, "NGan": 1.0, "Wa": 51.0, "CardID": "3330500214460", "Name": "นายปรึก ตะเคียนราม", "ADD": "49 ถ. ซ. ม.3 บ.ตะเคียนกลาง ต.ตะเคียนราม อ.ภูสิงห์ จ.ศรีสะเกษ" }, "geometry": { "type": "MultiPolygon", "coordinates": [ [ [ [ 104.175223009572207, 14.594395150331101, 0.0 ], [ 104.175056368076241, 14.594373417301028, 0.0 ], [ 104.17502845325761, 14.594632010705153, 0.0 ], [ 104.175057527395538, 14.594655142927794, 0.0 ], [ 104.17523337149116, 14.594641383321406, 0.0 ], [ 104.175241643908606, 14.594535116594836, 0.0 ], [ 104.175223009572207, 14.594395150331101, 0.0 ] ] ] ] } },
{ "type": "Feature", "properties": { "Plang": "219", "Rawang": "5838III1012-8", "Rai": 0.0, "NGan": 0.0, "Wa": 72.0, "CardID": "5330500038242", "Name": "นางสุพิน วงษ์พันธ์", "ADD": "49 ถ. ซ. ม.3 บ.ตะเคียนกลาง ต.ตะเคียนราม อ.ภูสิงห์ จ.ศรีสะเกษ" }, "geometry": { "type": "MultiPolygon", "coordinates": [ [ [ [ 104.175056368076241, 14.594373417301028, 0.0 ], [ 104.174934528295353, 14.594354370184965, 0.0 ], [ 104.174928038923923, 14.594476733497556, 0.0 ], [ 104.17497919869335, 14.594585081418449, 0.0 ], [ 104.17502845325761, 14.594632010705153, 0.0 ], [ 104.175056368076241, 14.594373417301028, 0.0 ] ] ] ] } },
{ "type": "Feature", "properties": { "Plang": "218", "Rawang": "5838III1012-8", "Rai": 0.0, "NGan": 1.0, "Wa": 22.0, "CardID": "3330500215466", "Name": "นางจำเนียร สมหวัง", "ADD": "100 ถ. ซ. ม.3 บ.ตะเคียนกลาง ต.ตะเคียนราม อ.ภูสิงห์ จ.ศรีสะเกษ" }, "geometry": { "type": "MultiPolygon", "coordinates": [ [ [ [ 104.174623965798062, 14.594425141260189, 0.0 ], [ 104.174869263623222, 14.594448042645034, 0.0 ], [ 104.174894700552969, 14.594275294408382, 0.0 ], [ 104.174639823635403, 14.594273621331954, 0.0 ], [ 104.174623965798062, 14.594425141260189, 0.0 ] ] ] ] } },
{ "type": "Feature", "properties": { "Plang": "217", "Rawang": "5838III1012-8", "Rai": 1.0, "NGan": 0.0, "Wa": 43.0, "CardID": "3330500215474", "Name": "นางจำนูญ สุทธิพันธ์", "ADD": "87 ถ. ซ. ม.3 บ.ตะเคียนกลาง ต.ตะเคียนราม อ.ภูสิงห์ จ.ศรีสะเกษ" }, "geometry": { "type": "MultiPolygon", "coordinates": [ [ [ [ 104.175068694554142, 14.594867306635999, 0.0 ], [ 104.175072504029714, 14.594708549833589, 0.0 ], [ 104.17501315415781, 14.594685285524561, 0.0 ], [ 104.174943981662238, 14.594612381086966, 0.0 ], [ 104.174884987133069, 14.594498089648967, 0.0 ], [ 104.174625472079839, 14.594470234892045, 0.0 ], [ 104.174611898574256, 14.594881442027987, 0.0 ], [ 104.175068694554142, 14.594867306635999, 0.0 ] ] ] ] } },
{ "type": "Feature", "properties": { "Plang": "215", "Rawang": "5838III1012-7", "Rai": 0.0, "NGan": 1.0, "Wa": 66.0, "CardID": "3330500212904", "Name": "นายมาก ตะเคียนเกลี้ยง", "ADD": "6/1 ถ. ซ. ม.3 บ.ตะเคียนกลาง ต.ตะเคียนราม อ.ภูสิงห์ จ.ศรีสะเกษ" }, "geometry": { "type": "MultiPolygon", "coordinates": [ [ [ [ 104.174232530911809, 14.592880786069902, 0.0 ], [ 104.17441704564736, 14.592935637648234, 0.0 ], [ 104.174490734225714, 14.592700461552491, 0.0 ], [ 104.174223650521043, 14.592638675801409, 0.0 ], [ 104.174232530911809, 14.592880786069902, 0.0 ] ] ] ] } },
{ "type": "Feature", "properties": { "Plang": "214", "Rawang": "5838III1012-7", "Rai": 0.0, "NGan": 1.0, "Wa": 65.0, "CardID": "3330500213307", "Name": "นางสวอน ตะเคียนเกลี้ยง", "ADD": "9/2 ถ. ซ. ม.3 บ.ตะเคียนเกลี้ยง ต.ตะเคียนราม อ.ภูสิงห์ จ.ศรีสะเกษ" }, "geometry": { "type": "MultiPolygon", "coordinates": [ [ [ [ 104.174223650521043, 14.592638675801409, 0.0 ], [ 104.174045628088606, 14.592602512345165, 0.0 ], [ 104.174103234292758, 14.59297576485335, 0.0 ], [ 104.17419623695163, 14.593019107345803, 0.0 ], [ 104.174232530911809, 14.592880786069902, 0.0 ], [ 104.174223650521043, 14.592638675801409, 0.0 ] ] ] ] } },
{ "type": "Feature", "properties": { "Plang": "213", "Rawang": "5838III1012-7", "Rai": 0.0, "NGan": 2.0, "Wa": 35.0, "CardID": "3330500213129", "Name": "นายแสวง ตะเคียนเกลี้ยง", "ADD": "80 ถ. ซ. ม.3 บ.ตะเคียนเกลี้ยง ต.ตะเคียนราม อ.ภูสิงห์ จ.ศรีสะเกษ" }, "geometry": { "type": "MultiPolygon", "coordinates": [ [ [ [ 104.174045628088606, 14.592602512345165, 0.0 ], [ 104.173913549065901, 14.592575762280815, 0.0 ], [ 104.173796676628442, 14.592912798569047, 0.0 ], [ 104.174083710142085, 14.59296903322214, 0.0 ], [ 104.174103234292758, 14.59297576485335, 0.0 ], [ 104.174045628088606, 14.592602512345165, 0.0 ] ] ] ] } },
{ "type": "Feature", "properties": { "Plang": "212", "Rawang": "5838III1012-7", "Rai": 0.0, "NGan": 1.0, "Wa": 44.0, "CardID": "3330500213145", "Name": "นายจงเจริญ ตะเคียนเกลี้ยง", "ADD": "08 ถ. ซ. ม.3 บ.ตะเคียนกลาง ต.ตะเคียนราม อ.ภูสิงห์ จ.ศรีสะเกษ" }, "geometry": { "type": "MultiPolygon", "coordinates": [ [ [ [ 104.173913549065901, 14.592575762280815, 0.0 ], [ 104.173745048199891, 14.59258924311017, 0.0 ], [ 104.173667161297999, 14.592899180292127, 0.0 ], [ 104.173796676628442, 14.592912798569047, 0.0 ], [ 104.173913549065901, 14.592575762280815, 0.0 ] ] ] ] } },
{ "type": "Feature", "properties": { "Plang": "211", "Rawang": "5838III1012-7", "Rai": 0.0, "NGan": 0.0, "Wa": 89.0, "CardID": "3330500238784", "Name": "นางละเอียด บุตะเคียน", "ADD": "59 ถ. ซ. ม.3 บ.ตะเคียนกลาง ต.ตะเคียนราม อ.ภูสิงห์ จ.ศรีสะเกษ" }, "geometry": { "type": "MultiPolygon", "coordinates": [ [ [ [ 104.17441704564736, 14.592935637648234, 0.0 ], [ 104.174232530911809, 14.592880786069902, 0.0 ], [ 104.17419623695163, 14.593019107345803, 0.0 ], [ 104.174350946121422, 14.593106254105461, 0.0 ], [ 104.17441704564736, 14.592935637648234, 0.0 ] ] ] ] } },
{ "type": "Feature", "properties": { "Plang": "210", "Rawang": "5838III1012-7", "Rai": 0.0, "NGan": 1.0, "Wa": 80.0, "CardID": "3330500238628", "Name": "นางพันธ์ ตะเคียนเกลี้ยง", "ADD": "7/1 ถ. ซ. ม.3 บ.ตะเคียนกลาง ต.ตะเคียนราม อ.ภูสิงห์ จ.ศรีสะเกษ" }, "geometry": { "type": "MultiPolygon", "coordinates": [ [ [ [ 104.174283632585812, 14.593275473855584, 0.0 ], [ 104.174350946121422, 14.593106254105461, 0.0 ], [ 104.17419623695163, 14.593019107345803, 0.0 ], [ 104.174103234292758, 14.59297576485335, 0.0 ], [ 104.174083710142085, 14.59296903322214, 0.0 ], [ 104.174011288211076, 14.593165111713734, 0.0 ], [ 104.174109562451022, 14.593214799215852, 0.0 ], [ 104.174283632585812, 14.593275473855584, 0.0 ] ] ] ] } },
{ "type": "Feature", "properties": { "Plang": "209", "Rawang": "5838III1012-7", "Rai": 0.0, "NGan": 1.0, "Wa": 36.0, "CardID": "3330500213137", "Name": "นางดวงใส่ ตะเคียนเกลี้ยง", "ADD": "60 ถ. ซ. ม.3 บ.ตะเคียนกลาง ต.ตะเคียนราม อ.ภูสิงห์ จ.ศรีสะเกษ" }, "geometry": { "type": "MultiPolygon", "coordinates": [ [ [ [ 104.1743881436511, 14.593149749479121, 0.0 ], [ 104.17429437427802, 14.593399689090356, 0.0 ], [ 104.17443611634954, 14.593437980223555, 0.0 ], [ 104.174522098096006, 14.593448376692834, 0.0 ], [ 104.174546453194324, 14.593314625326268, 0.0 ], [ 104.174506610929399, 14.593254007732526, 0.0 ], [ 104.1743881436511, 14.593149749479121, 0.0 ] ] ] ] } },
{ "type": "Feature", "properties": { "Plang": "208", "Rawang": "5838III1012-7", "Rai": 0.0, "NGan": 1.0, "Wa": 10.0, "CardID": "3330500213196", "Name": "นางสวิง บุญขาว", "ADD": "09 ถ. ซ. ม.3 บ.ตะเคียนกลาง ต.ตะเคียนราม อ.ภูสิงห์ จ.ศรีสะเกษ" }, "geometry": { "type": "MultiPolygon", "coordinates": [ [ [ [ 104.17443611634954, 14.593437980223555, 0.0 ], [ 104.174376657995609, 14.593580689910185, 0.0 ], [ 104.174539087870485, 14.593678597016067, 0.0 ], [ 104.174635417527583, 14.593480907415861, 0.0 ], [ 104.174522098096006, 14.593448376692834, 0.0 ], [ 104.17443611634954, 14.593437980223555, 0.0 ] ] ] ] } },
{ "type": "Feature", "properties": { "Plang": "207", "Rawang": "5838III1012-7", "Rai": 0.0, "NGan": 0.0, "Wa": 62.0, "CardID": "3330500213285", "Name": "นางทองศรี ตะเคียนราม", "ADD": "9/1 ถ. ซ. ม.3 บ.ตะเคียนเกลี้ยง ต.ตะเคียนราม อ.ภูสิงห์ จ.ศรีสะเกษ" }, "geometry": { "type": "MultiPolygon", "coordinates": [ [ [ [ 104.17443611634954, 14.593437980223555, 0.0 ], [ 104.17429437427802, 14.593399689090356, 0.0 ], [ 104.174245687772341, 14.593522790412354, 0.0 ], [ 104.174376657995609, 14.593580689910185, 0.0 ], [ 104.17443611634954, 14.593437980223555, 0.0 ] ] ] ] } },
{ "type": "Feature", "properties": { "Plang": "206", "Rawang": "5838III1012-7", "Rai": 0.0, "NGan": 0.0, "Wa": 84.0, "CardID": "3330500213081", "Name": "นางเที่ยง พลแก้ว", "ADD": "07 ถ. ซ. ม.3 บ.ตะเคียนกลาง ต.ตะเคียนราม อ.ภูสิงห์ จ.ศรีสะเกษ" }, "geometry": { "type": "MultiPolygon", "coordinates": [ [ [ [ 104.174222684483709, 14.59342053898839, 0.0 ], [ 104.174283632585812, 14.593275473855584, 0.0 ], [ 104.174109562451022, 14.593214799215852, 0.0 ], [ 104.174054767718147, 14.593359758538213, 0.0 ], [ 104.174222684483709, 14.59342053898839, 0.0 ] ] ] ] } },
{ "type": "Feature", "properties": { "Plang": "205", "Rawang": "5838III1012-7", "Rai": 0.0, "NGan": 1.0, "Wa": 25.0, "CardID": "3330500213595", "Name": "นางสวี บุญขาว", "ADD": "103 ถ. ซ. ม.3 บ.ตะเคียนกลาง ต.ตะเคียนราม อ.ภูสิงห์ จ.ศรีสะเกษ" }, "geometry": { "type": "MultiPolygon", "coordinates": [ [ [ [ 104.174054767718147, 14.593359758538213, 0.0 ], [ 104.174109562451022, 14.593214799215852, 0.0 ], [ 104.174011288211076, 14.593165111713734, 0.0 ], [ 104.173845032071, 14.59311049969541, 0.0 ], [ 104.173813242685611, 14.593250605326531, 0.0 ], [ 104.174054767718147, 14.593359758538213, 0.0 ] ] ] ] } },
{ "type": "Feature", "properties": { "Plang": "203", "Rawang": "5838III1012-7", "Rai": 0.0, "NGan": 0.0, "Wa": 74.0, "CardID": "3330500218929", "Name": "นางจำเริญ แก้วสุด", "ADD": "71 ถ. ซ. ม.3 บ.ตะเคียนกลาง ต.ตะเคียนราม อ.ภูสิงห์ จ.ศรีสะเกษ" }, "geometry": { "type": "MultiPolygon", "coordinates": [ [ [ [ 104.174013579055384, 14.593506430428308, 0.0 ], [ 104.173975215129659, 14.593679442127081, 0.0 ], [ 104.174122461457614, 14.593701999828696, 0.0 ], [ 104.174167227933211, 14.593568193993102, 0.0 ], [ 104.174013579055384, 14.593506430428308, 0.0 ] ] ] ] } },
{ "type": "Feature", "properties": { "Plang": "202", "Rawang": "5838III1012-7", "Rai": 0.0, "NGan": 0.0, "Wa": 69.0, "CardID": "3330500218791", "Name": "นายมี ตะเคียนเกลี้ยง", "ADD": "32 ถ. ซ. ม.3 บ.ตะเคียนกลาง ต.ตะเคียนราม อ.ภูสิงห์ จ.ศรีสะเกษ" }, "geometry": { "type": "MultiPolygon", "coordinates": [ [ [ [ 104.173975215129659, 14.593679442127081, 0.0 ], [ 104.174013579055384, 14.593506430428308, 0.0 ], [ 104.173888913513608, 14.593468694818323, 0.0 ], [ 104.173858371393777, 14.593662311737942, 0.0 ], [ 104.173975215129659, 14.593679442127081, 0.0 ] ] ] ] } },
{ "type": "Feature", "properties": { "Plang": "201", "Rawang": "5838III1012-7", "Rai": 0.0, "NGan": 0.0, "Wa": 47.0, "CardID": "3330500218899", "Name": "นางนิด แก้วสุด", "ADD": "34 ถ. ซ. ม.3 บ.ตะเคียนกลาง ต.ตะเคียนราม อ.ภูสิงห์ จ.ศรีสะเกษ" }, "geometry": { "type": "MultiPolygon", "coordinates": [ [ [ [ 104.173858371393777, 14.593662311737942, 0.0 ], [ 104.173888913513608, 14.593468694818323, 0.0 ], [ 104.173813845744718, 14.593449679393535, 0.0 ], [ 104.173775339319945, 14.593641967096072, 0.0 ], [ 104.173858371393777, 14.593662311737942, 0.0 ] ] ] ] } },
{ "type": "Feature", "properties": { "Plang": "200", "Rawang": "5838III1012-7", "Rai": 0.0, "NGan": 0.0, "Wa": 34.0, "CardID": "3330500218911", "Name": "นางจำรัส ไชยมาศ", "ADD": "21/1 ถ. ซ. ม.3 บ.ตะเคียนกลาง ต.ตะเคียนราม อ.ภูสิงห์ จ.ศรีสะเกษ" }, "geometry": { "type": "MultiPolygon", "coordinates": [ [ [ [ 104.173775339319945, 14.593641967096072, 0.0 ], [ 104.173813845744718, 14.593449679393535, 0.0 ], [ 104.173762098341513, 14.593442489450851, 0.0 ], [ 104.173713308480572, 14.593635635933197, 0.0 ], [ 104.173775339319945, 14.593641967096072, 0.0 ] ] ] ] } },
{ "type": "Feature", "properties": { "Plang": "199", "Rawang": "5838III1012-7", "Rai": 0.0, "NGan": 0.0, "Wa": 80.0, "CardID": "3330500213773", "Name": "นางปวด แก้วกาญจน์", "ADD": "46 ถ. ซ. ม.3 บ.ตะเคียนกลาง ต.ตะเคียนราม อ.ภูสิงห์ จ.ศรีสะเกษ" }, "geometry": { "type": "MultiPolygon", "coordinates": [ [ [ [ 104.173713308480572, 14.593635635933197, 0.0 ], [ 104.173762098341513, 14.593442489450851, 0.0 ], [ 104.173617304227008, 14.593420466411059, 0.0 ], [ 104.173588487964324, 14.59361532174208, 0.0 ], [ 104.173713308480572, 14.593635635933197, 0.0 ] ] ] ] } },
{ "type": "Feature", "properties": { "Plang": "198", "Rawang": "5838III1012-7", "Rai": 0.0, "NGan": 0.0, "Wa": 82.0, "CardID": "3330500215504", "Name": "นางจุ ตะเคียนเกลี้ยง", "ADD": "24 ถ. ซ. ม.3 บ.ตะเคียนกลาง ต.ตะเคียนราม อ.ภูสิงห์ จ.ศรีสะเกษ" }, "geometry": { "type": "MultiPolygon", "coordinates": [ [ [ [ 104.174366776409983, 14.594013447907582, 0.0 ], [ 104.174499961050657, 14.594057966462831, 0.0 ], [ 104.174552540262553, 14.593857878417015, 0.0 ], [ 104.174413091116307, 14.593834845787573, 0.0 ], [ 104.174366776409983, 14.594013447907582, 0.0 ] ] ] ] } },
{ "type": "Feature", "properties": { "Plang": "197", "Rawang": "5838III1012-7", "Rai": 0.0, "NGan": 1.0, "Wa": 24.0, "CardID": "3330500213897", "Name": "นายสาธิต ตะเคียนเกลี้ยง", "ADD": "12/1 ถ. ซ. ม.3 บ.ตะเคียนกลาง ต.ตะเคียนราม อ.ภูสิงห์ จ.ศรีสะเกษ" }, "geometry": { "type": "MultiPolygon", "coordinates": [ [ [ [ 104.173947175114733, 14.594015737843897, 0.0 ], [ 104.17402442757259, 14.593957765068433, 0.0 ], [ 104.174117519275185, 14.593932901314306, 0.0 ], [ 104.174212661581265, 14.593945809434166, 0.0 ], [ 104.174243606056535, 14.593808160967944, 0.0 ], [ 104.173998611543539, 14.59377009647932, 0.0 ], [ 104.173947175114733, 14.594015737843897, 0.0 ] ] ] ] } },
{ "type": "Feature", "properties": { "Plang": "196", "Rawang": "5838III1012-7", "Rai": 0.0, "NGan": 0.0, "Wa": 52.0, "CardID": "3330500218830", "Name": "นางเสวย ธรรมพร", "ADD": "33 ถ. ซ. ม.3 บ.ตะเคียนกลาง ต.ตะเคียนราม อ.ภูสิงห์ จ.ศรีสะเกษ" }, "geometry": { "type": "MultiPolygon", "coordinates": [ [ [ [ 104.174213595915873, 14.594028543659935, 0.0 ], [ 104.174212661581265, 14.593945809434166, 0.0 ], [ 104.174117519275185, 14.593932901314306, 0.0 ], [ 104.17402442757259, 14.593957765068433, 0.0 ], [ 104.173947175114733, 14.594015737843897, 0.0 ], [ 104.173968945911653, 14.594017833692382, 0.0 ], [ 104.174062438202, 14.594019302126744, 0.0 ], [ 104.174213595915873, 14.594028543659935, 0.0 ] ] ] ] } },
{ "type": "Feature", "properties": { "Plang": "195", "Rawang": "5838III1012-7", "Rai": 0.0, "NGan": 1.0, "Wa": 58.0, "CardID": "3330500213901", "Name": "นางสุพนธ์ ตะเคียนราม", "ADD": "12/2 ถ. ซ. ม.3 บ.ตะเคียนกลาง ต.ตะเคียนราม อ.ภูสิงห์ จ.ศรีสะเกษ" }, "geometry": { "type": "MultiPolygon", "coordinates": [ [ [ [ 104.173998611543539, 14.59377009647932, 0.0 ], [ 104.17382431306342, 14.593743482067348, 0.0 ], [ 104.173786699201287, 14.593917479185912, 0.0 ], [ 104.173765671937787, 14.594065008830533, 0.0 ], [ 104.173891396117085, 14.594064885939378, 0.0 ], [ 104.173899486551107, 14.594030338787283, 0.0 ], [ 104.173947175114733, 14.594015737843897, 0.0 ], [ 104.173998611543539, 14.59377009647932, 0.0 ] ] ] ] } },
{ "type": "Feature", "properties": { "Plang": "194", "Rawang": "5838III1012-7", "Rai": 0.0, "NGan": 0.0, "Wa": 69.0, "CardID": "5331700002285", "Name": "นายคมสัน ไชยมาศ", "ADD": "21/1 ถ. ซ. ม.6 บ.ตะเคียนกลาง ต.ตะเคียนราม อ.ภูสิงห์ จ.ศรีสะเกษ" }, "geometry": { "type": "MultiPolygon", "coordinates": [ [ [ [ 104.173786699201287, 14.593917479185912, 0.0 ], [ 104.17382431306342, 14.593743482067348, 0.0 ], [ 104.173689348462872, 14.593724494660787, 0.0 ], [ 104.173666593225619, 14.593908920300061, 0.0 ], [ 104.173786699201287, 14.593917479185912, 0.0 ] ] ] ] } },
{ "type": "Feature", "properties": { "Plang": "193", "Rawang": "5838III1012-7", "Rai": 0.0, "NGan": 1.0, "Wa": 3.0, "CardID": "3330500218643", "Name": "นายเนิม ตะเคียนเกลี้ยง", "ADD": "29 ถ. ซ. ม.3 บ.ตะเคียนกลาง ต.ตะเคียนราม อ.ภูสิงห์ จ.ศรีสะเกษ" }, "geometry": { "type": "MultiPolygon", "coordinates": [ [ [ [ 104.173689348462872, 14.593724494660787, 0.0 ], [ 104.173555802388563, 14.593702079119058, 0.0 ], [ 104.173520927129061, 14.593953395473457, 0.0 ], [ 104.173627427343149, 14.593971352061345, 0.0 ], [ 104.173659947963074, 14.59396278164246, 0.0 ], [ 104.173666593225619, 14.593908920300061, 0.0 ], [ 104.173689348462872, 14.593724494660787, 0.0 ] ] ] ] } },
{ "type": "Feature", "properties": { "Plang": "192", "Rawang": "5838III1012-7", "Rai": 0.0, "NGan": 0.0, "Wa": 92.0, "CardID": "3330500218660", "Name": "นางสำรวย ตะเคียนเกลี้ยง", "ADD": "96 ถ. ซ. ม.3 บ.ตะเคียนกลาง ต.ตะเคียนราม อ.ภูสิงห์ จ.ศรีสะเกษ" }, "geometry": { "type": "MultiPolygon", "coordinates": [ [ [ [ 104.173520927129061, 14.593953395473457, 0.0 ], [ 104.173555802388563, 14.593702079119058, 0.0 ], [ 104.173443127955295, 14.593690830301748, 0.0 ], [ 104.173386776312853, 14.593925297803205, 0.0 ], [ 104.173520927129061, 14.593953395473457, 0.0 ] ] ] ] } },
{ "type": "Feature", "properties": { "Plang": "191", "Rawang": "5838III1012-7", "Rai": 0.0, "NGan": 0.0, "Wa": 63.0, "CardID": "5331700002285", "Name": "นายคมสัน ไชยมาศ", "ADD": "21/1 ถ. ซ. ม.3 บ.ตะเคียนกลาง ต.ตะเคียนราม อ.ภูสิงห์ จ.ศรีสะเกษ" }, "geometry": { "type": "MultiPolygon", "coordinates": [ [ [ [ 104.173786699201287, 14.593917479185912, 0.0 ], [ 104.173666593225619, 14.593908920300061, 0.0 ], [ 104.173659947963074, 14.59396278164246, 0.0 ], [ 104.173627427343149, 14.593971352061345, 0.0 ], [ 104.173636580065647, 14.594077613345824, 0.0 ], [ 104.173765671937787, 14.594065008830533, 0.0 ], [ 104.173786699201287, 14.593917479185912, 0.0 ] ] ] ] } },
{ "type": "Feature", "properties": { "Plang": "190", "Rawang": "5838III1012-7", "Rai": 0.0, "NGan": 3.0, "Wa": 24.0, "CardID": "3330500218856", "Name": "นางสวาท ธรรมพร", "ADD": "90 ถ. ซ. ม.3 บ.ตะเคียนกลาง ต.ตะเคียนราม อ.ภูสิงห์ จ.ศรีสะเกษ" }, "geometry": { "type": "MultiPolygon", "coordinates": [ [ [ [ 104.173636580065647, 14.594077613345824, 0.0 ], [ 104.173627427343149, 14.593971352061345, 0.0 ], [ 104.173520927129061, 14.593953395473457, 0.0 ], [ 104.173386776312853, 14.593925297803205, 0.0 ], [ 104.173317199094981, 14.594283110120825, 0.0 ], [ 104.173689727508346, 14.594333885279488, 0.0 ], [ 104.173636580065647, 14.594077613345824, 0.0 ] ] ] ] } },
{ "type": "Feature", "properties": { "Plang": "189", "Rawang": "5838III1012-7", "Rai": 0.0, "NGan": 1.0, "Wa": 73.0, "CardID": "3330500213919", "Name": "นางสุพัฒน์ ตะเคียนราม", "ADD": "105 ถ. ซ. ม.3 บ.ตะเคียนกลาง ต.ตะเคียนราม อ.ภูสิงห์ จ.ศรีสะเกษ" }, "geometry": { "type": "MultiPolygon", "coordinates": [ [ [ [ 104.173689727508346, 14.594333885279488, 0.0 ], [ 104.173861944066132, 14.594346224923292, 0.0 ], [ 104.173891396117085, 14.594064885939378, 0.0 ], [ 104.173765671937787, 14.594065008830533, 0.0 ], [ 104.173636580065647, 14.594077613345824, 0.0 ], [ 104.173689727508346, 14.594333885279488, 0.0 ] ] ] ] } },
{ "type": "Feature", "properties": { "Plang": "188", "Rawang": "5838III1012-7", "Rai": 0.0, "NGan": 1.0, "Wa": 77.0, "CardID": "5330500044293", "Name": "นางตะวัน รัตพันธ์", "ADD": "94 ถ. ซ. ม.3 บ.ตะเคียนกลาง ต.ตะเคียนราม อ.ภูสิงห์ จ.ศรีสะเกษ" }, "geometry": { "type": "MultiPolygon", "coordinates": [ [ [ [ 104.173861944066132, 14.594346224923292, 0.0 ], [ 104.174052250613087, 14.594360751264601, 0.0 ], [ 104.174062438202, 14.594019302126744, 0.0 ], [ 104.173968945911653, 14.594017833692382, 0.0 ], [ 104.173947175114733, 14.594015737843897, 0.0 ], [ 104.173899486551107, 14.594030338787283, 0.0 ], [ 104.173891396117085, 14.594064885939378, 0.0 ], [ 104.173861944066132, 14.594346224923292, 0.0 ] ] ] ] } },
{ "type": "Feature", "properties": { "Plang": "187", "Rawang": "5838III1012-7", "Rai": 0.0, "NGan": 1.0, "Wa": 54.0, "CardID": "3330500214249", "Name": "นางสาวรักษณา ตะเคียนเกลี้ยง", "ADD": "45 ถ. ซ. ม.3 บ.ตะเคียนกลาง ต.ตะเคียนราม อ.ภูสิงห์ จ.ศรีสะเกษ" }, "geometry": { "type": "MultiPolygon", "coordinates": [ [ [ [ 104.174189472208198, 14.594375656963402, 0.0 ], [ 104.17421218597066, 14.594208759933855, 0.0 ], [ 104.174213595915873, 14.594028543659935, 0.0 ], [ 104.174062438202, 14.594019302126744, 0.0 ], [ 104.174052250613087, 14.594360751264601, 0.0 ], [ 104.174189472208198, 14.594375656963402, 0.0 ] ] ] ] } },
{ "type": "Feature", "properties": { "Plang": "186", "Rawang": "5838III1012-7", "Rai": 0.0, "NGan": 1.0, "Wa": 14.0, "CardID": "3330500214231", "Name": "นางสงิด อะกะพงษ์", "ADD": "14 ถ. ซ. ม.3 บ.ตะเคียนกลาง ต.ตะเคียนราม อ.ภูสิงห์ จ.ศรีสะเกษ" }, "geometry": { "type": "MultiPolygon", "coordinates": [ [ [ [ 104.174189472208198, 14.594375656963402, 0.0 ], [ 104.174398592440127, 14.594402002527644, 0.0 ], [ 104.174447262291778, 14.59423276670773, 0.0 ], [ 104.17421218597066, 14.594208759933855, 0.0 ], [ 104.174189472208198, 14.594375656963402, 0.0 ] ] ] ] } },
{ "type": "Feature", "properties": { "Plang": "185", "Rawang": "5838III1012-7", "Rai": 0.0, "NGan": 1.0, "Wa": 60.0, "CardID": "3330500220788", "Name": "นายอำไพ ตะเคียนเกลี้ยง", "ADD": "42 ถ. ซ. ม.3 บ.ตะเคียนกลาง ต.ตะเคียนราม อ.ภูสิงห์ จ.ศรีสะเกษ" }, "geometry": { "type": "MultiPolygon", "coordinates": [ [ [ [ 104.173923900141929, 14.594682101537453, 0.0 ], [ 104.174171776583691, 14.594627432809915, 0.0 ], [ 104.174158174256092, 14.594431891494676, 0.0 ], [ 104.173939696383471, 14.594415859800165, 0.0 ], [ 104.173923900141929, 14.594682101537453, 0.0 ] ] ] ] } },
{ "type": "Feature", "properties": { "Plang": "184", "Rawang": "5838III1012-7", "Rai": 0.0, "NGan": 1.0, "Wa": 51.0, "CardID": "3361200367181", "Name": "นางปราณี ศรีชัยภูมิ", "ADD": "104 ถ. ซ. ม.3 บ.ตะเคียนกลาง ต.ตะเคียนราม อ.ภูสิงห์ จ.ศรีสะเกษ" }, "geometry": { "type": "MultiPolygon", "coordinates": [ [ [ [ 104.173923900141929, 14.594682101537453, 0.0 ], [ 104.173939696383471, 14.594415859800165, 0.0 ], [ 104.173689947232944, 14.59439529071121, 0.0 ], [ 104.173687380643969, 14.594481599335504, 0.0 ], [ 104.173858927976823, 14.594683633377915, 0.0 ], [ 104.173923900141929, 14.594682101537453, 0.0 ] ] ] ] } },
{ "type": "Feature", "properties": { "Plang": "183", "Rawang": "5838III1012-7", "Rai": 0.0, "NGan": 2.0, "Wa": 12.0, "CardID": "3330500214974", "Name": "นางสรินทร์ ตะเคียนราม", "ADD": "43 ถ. ซ. ม.3 บ.ตะเคียนกลาง ต.ตะเคียนราม อ.ภูสิงห์ จ.ศรีสะเกษ" }, "geometry": { "type": "MultiPolygon", "coordinates": [ [ [ [ 104.174140769047042, 14.594951551770716, 0.0 ], [ 104.174382603334678, 14.594924019551293, 0.0 ], [ 104.174362656983988, 14.594628549631455, 0.0 ], [ 104.174116657362049, 14.594668921486685, 0.0 ], [ 104.174140769047042, 14.594951551770716, 0.0 ] ] ] ] } },
{ "type": "Feature", "properties": { "Plang": "182", "Rawang": "5838III1012-7", "Rai": 0.0, "NGan": 1.0, "Wa": 88.0, "CardID": "3330500214826", "Name": "นางปัน แต้มงาม", "ADD": "91 ถ. ซ. ม.3 บ.ตะเคียนกลาง ต.ตะเคียนราม อ.ภูสิงห์ จ.ศรีสะเกษ" }, "geometry": { "type": "MultiPolygon", "coordinates": [ [ [ [ 104.174116657362049, 14.594668921486685, 0.0 ], [ 104.173878304584321, 14.594717554206248, 0.0 ], [ 104.173918073674926, 14.594972111589446, 0.0 ], [ 104.174140769047042, 14.594951551770716, 0.0 ], [ 104.174116657362049, 14.594668921486685, 0.0 ] ] ] ] } },
{ "type": "Feature", "properties": { "Plang": "181", "Rawang": "5838III1212-6", "Rai": 0.0, "NGan": 0.0, "Wa": 45.0, "CardID": "3330500223876", "Name": "นางทอน ตะเคียนราม", "ADD": "13 ถ. ซ. ม.1 บ.ตะเคียนตะวันออก ต.ตะเคียนราม อ.ภูสิงห์ จ.ศรีสะเกษ" }, "geometry": { "type": "MultiPolygon", "coordinates": [ [ [ [ 104.184332083392405, 14.592408745699869, 0.0 ], [ 104.184314695378745, 14.592286346525613, 0.0 ], [ 104.184085685751839, 14.592413451632249, 0.0 ], [ 104.184332083392405, 14.592408745699869, 0.0 ] ] ] ] } },
{ "type": "Feature", "properties": { "Plang": "180", "Rawang": "5838III1212-6", "Rai": 0.0, "NGan": 2.0, "Wa": 8.0, "CardID": "3150600593626", "Name": "นางพรวิภา ใจอ้อม", "ADD": "102 ถ. ซ. ม.1 บ.ตะเคียนตะวันออก ต.ตะเคียนราม อ.ภูสิงห์ จ.ศรีสะเกษ" }, "geometry": { "type": "MultiPolygon", "coordinates": [ [ [ [ 104.185124859845004, 14.591807917451248, 0.0 ], [ 104.185475641842856, 14.591670777744964, 0.0 ], [ 104.185448194505696, 14.591564702489748, 0.0 ], [ 104.185057080817842, 14.591554610945582, 0.0 ], [ 104.185124859845004, 14.591807917451248, 0.0 ] ] ] ] } },
{ "type": "Feature", "properties": { "Plang": "179", "Rawang": "5838III1212-6", "Rai": 0.0, "NGan": 3.0, "Wa": 87.0, "CardID": "3150600593618", "Name": "นางสีนวล กลอยยิ่ง", "ADD": "47 ถ. ซ. ม.1 บ.ตะเคียนตะวันออก ต.ตะเคียนราม อ.ภูสิงห์ จ.ศรีสะเกษ" }, "geometry": { "type": "MultiPolygon", "coordinates": [ [ [ [ 104.185124859845004, 14.591807917451248, 0.0 ], [ 104.185057080817842, 14.591554610945582, 0.0 ], [ 104.18467268175975, 14.591549880280285, 0.0 ], [ 104.184763896940197, 14.591961400815602, 0.0 ], [ 104.185124859845004, 14.591807917451248, 0.0 ] ] ] ] } },
{ "type": "Feature", "properties": { "Plang": "178", "Rawang": "5838III1212-6", "Rai": 1.0, "NGan": 1.0, "Wa": 80.0, "CardID": "3330500224686", "Name": "นางสาคร ทับทิมเล็ก", "ADD": "70 ถ. ซ. ม.1 บ.ตะเคียนตะวันออก ต.ตะเคียนราม อ.ภูสิงห์ จ.ศรีสะเกษ" }, "geometry": { "type": "MultiPolygon", "coordinates": [ [ [ [ 104.184948551563764, 14.592397341686327, 0.0 ], [ 104.185292610338735, 14.592431689972733, 0.0 ], [ 104.185429781979309, 14.591850696061739, 0.0 ], [ 104.184902331712394, 14.592065498449093, 0.0 ], [ 104.184948551563764, 14.592397341686327, 0.0 ] ] ] ] } },
{ "type": "Feature", "properties": { "Plang": "177", "Rawang": "5838III1212-6", "Rai": 0.0, "NGan": 3.0, "Wa": 60.0, "CardID": "3330500224279", "Name": "นางปราณี กลอยยิ่ง", "ADD": "83 ถ. ซ. ม.1 บ.ตะเคียนตะวันออก ต.ตะเคียนราม อ.ภูสิงห์ จ.ศรีสะเกษ" }, "geometry": { "type": "MultiPolygon", "coordinates": [ [ [ [ 104.184902331712394, 14.592065498449093, 0.0 ], [ 104.184459250323499, 14.592225093015816, 0.0 ], [ 104.184499966002676, 14.592418872479273, 0.0 ], [ 104.184573416480347, 14.592414563403965, 0.0 ], [ 104.184948551563764, 14.592397341686327, 0.0 ], [ 104.184902331712394, 14.592065498449093, 0.0 ] ] ] ] } },
{ "type": "Feature", "properties": { "Plang": "176", "Rawang": "5838III1212-6", "Rai": 0.0, "NGan": 0.0, "Wa": 57.0, "CardID": "3330500223914", "Name": "นายเทียน ปรือปรัก", "ADD": "13 ถ. ซ. ม.1 บ.ตะเคียนตะวันออก ต.ตะเคียนราม อ.ภูสิงห์ จ.ศรีสะเกษ" }, "geometry": { "type": "MultiPolygon", "coordinates": [ [ [ [ 104.184499966002676, 14.592418872479273, 0.0 ], [ 104.184459250323499, 14.592225093015816, 0.0 ], [ 104.184364276976908, 14.592267229222903, 0.0 ], [ 104.184378436190869, 14.592416281586036, 0.0 ], [ 104.184499966002676, 14.592418872479273, 0.0 ] ] ] ] } },
{ "type": "Feature", "properties": { "Plang": "175", "Rawang": "5838III1212-6", "Rai": 1.0, "NGan": 3.0, "Wa": 64.0, "CardID": "3330500225577", "Name": "นางบัว ตะเคียนราม", "ADD": "35 ถ. ซ. ม.1 บ.ตะเคียนตะวันออก ต.ตะเคียนราม อ.ภูสิงห์ จ.ศรีสะเกษ" }, "geometry": { "type": "MultiPolygon", "coordinates": [ [ [ [ 104.184752459326006, 14.592783282596773, 0.0 ], [ 104.184925588141112, 14.592782555799689, 0.0 ], [ 104.185202090048705, 14.592810831652116, 0.0 ], [ 104.185292610338735, 14.592431689972733, 0.0 ], [ 104.184948551563764, 14.592397341686327, 0.0 ], [ 104.184573416480347, 14.592414563403965, 0.0 ], [ 104.184579476282295, 14.592786284628497, 0.0 ], [ 104.184752459326006, 14.592783282596773, 0.0 ] ] ] ] } },
{ "type": "Feature", "properties": { "Plang": "174", "Rawang": "5838III1212-6", "Rai": 0.0, "NGan": 2.0, "Wa": 19.0, "CardID": "3330500521419", "Name": "นายประยุทธ์ จันทร์บุญ", "ADD": "27 ถ. ซ. ม.1 บ.ตะเคียนตะวันออก ต.ตะเคียนราม อ.ภูสิงห์ จ.ศรีสะเกษ" }, "geometry": { "type": "MultiPolygon", "coordinates": [ [ [ [ 104.184579476282295, 14.592786284628497, 0.0 ], [ 104.184573416480347, 14.592414563403965, 0.0 ], [ 104.184499966002676, 14.592418872479273, 0.0 ], [ 104.184378436190869, 14.592416281586036, 0.0 ], [ 104.184377070084338, 14.59278712610158, 0.0 ], [ 104.184579476282295, 14.592786284628497, 0.0 ] ] ] ] } },
{ "type": "Feature", "properties": { "Plang": "173", "Rawang": "5838III1212-6", "Rai": 0.0, "NGan": 3.0, "Wa": 2.0, "CardID": "3330500226522", "Name": "นางสระกา พลคำ", "ADD": "50 ถ. ซ. ม.1 บ.ตะเคียนตะวันออก ต.ตะเคียนราม อ.ภูสิงห์ จ.ศรีสะเกษ" }, "geometry": { "type": "MultiPolygon", "coordinates": [ [ [ [ 104.184332083392405, 14.592408745699869, 0.0 ], [ 104.184085685751839, 14.592413451632249, 0.0 ], [ 104.184048277627937, 14.592798583565273, 0.0 ], [ 104.184333691723921, 14.592787261490017, 0.0 ], [ 104.184332083392405, 14.592408745699869, 0.0 ] ] ] ] } },
{ "type": "Feature", "properties": { "Plang": "172", "Rawang": "5838III1212-6", "Rai": 0.0, "NGan": 1.0, "Wa": 36.0, "CardID": "3330500223086", "Name": "นางสาวมะลัน ไชยนรา", "ADD": "02 ถ. ซ. ม.1 บ.ตะเคียนตะวันออก ต.ตะเคียนราม อ.ภูสิงห์ จ.ศรีสะเกษ" }, "geometry": { "type": "MultiPolygon", "coordinates": [ [ [ [ 104.184579476282295, 14.592786284628497, 0.0 ], [ 104.184377070084338, 14.59278712610158, 0.0 ], [ 104.184369803595828, 14.592902084919793, 0.0 ], [ 104.184753840949341, 14.592910872785794, 0.0 ], [ 104.184752459326006, 14.592783282596773, 0.0 ], [ 104.184579476282295, 14.592786284628497, 0.0 ] ] ] ] } },
{ "type": "Feature", "properties": { "Plang": "171", "Rawang": "5838III1212-6", "Rai": 0.0, "NGan": 1.0, "Wa": 40.0, "CardID": "3330500223078", "Name": "นางมะลิ ทิพบำรุง", "ADD": "11 ถ. ซ. ม.1 บ.ตะเคียนตะวันออก ต.ตะเคียนราม อ.ภูสิงห์ จ.ศรีสะเกษ" }, "geometry": { "type": "MultiPolygon", "coordinates": [ [ [ [ 104.184369803595828, 14.592902084919793, 0.0 ], [ 104.184370180816927, 14.593021978139651, 0.0 ], [ 104.184748568356724, 14.593036881022082, 0.0 ], [ 104.184753840949341, 14.592910872785794, 0.0 ], [ 104.184369803595828, 14.592902084919793, 0.0 ] ] ] ] } },
{ "type": "Feature", "properties": { "Plang": "170", "Rawang": "5838III1212-6", "Rai": 0.0, "NGan": 0.0, "Wa": 82.0, "CardID": "3330500226492", "Name": "นางรัชณีย์ บุญศิริ", "ADD": "130 ถ. ซ. ม.1 บ.ตะเคียนตะวันออก ต.ตะเคียนราม อ.ภูสิงห์ จ.ศรีสะเกษ" }, "geometry": { "type": "MultiPolygon", "coordinates": [ [ [ [ 104.185202090048705, 14.592810831652116, 0.0 ], [ 104.184925588141112, 14.592782555799689, 0.0 ], [ 104.18492176526027, 14.592876401957406, 0.0 ], [ 104.185175695750516, 14.592920874008891, 0.0 ], [ 104.185202090048705, 14.592810831652116, 0.0 ] ] ] ] } },
{ "type": "Feature", "properties": { "Plang": "169", "Rawang": "5838III1212-6", "Rai": 0.0, "NGan": 2.0, "Wa": 56.0, "CardID": "3330500226484", "Name": "นางทัศนีย์ บุตะเคียน", "ADD": "108 ถ. ซ. ม.1 บ.ตะเคียนตะวันออก ต.ตะเคียนราม อ.ภูสิงห์ จ.ศรีสะเกษ" }, "geometry": { "type": "MultiPolygon", "coordinates": [ [ [ [ 104.185135074612532, 14.593082889204114, 0.0 ], [ 104.185175695750516, 14.592920874008891, 0.0 ], [ 104.18492176526027, 14.592876401957406, 0.0 ], [ 104.184925588141112, 14.592782555799689, 0.0 ], [ 104.184752459326006, 14.592783282596773, 0.0 ], [ 104.184753840949341, 14.592910872785794, 0.0 ], [ 104.184748568356724, 14.593036881022082, 0.0 ], [ 104.185135074612532, 14.593082889204114, 0.0 ] ] ] ] } },
{ "type": "Feature", "properties": { "Plang": "168", "Rawang": "5838III1212-6", "Rai": 0.0, "NGan": 2.0, "Wa": 20.0, "CardID": "3330500094561", "Name": "นายแสวง สุดสังข์", "ADD": "18 ถ. ซ. ม.1 บ.ตะเคียนตะวันออก ต.ตะเคียนราม อ.ภูสิงห์ จ.ศรีสะเกษ" }, "geometry": { "type": "MultiPolygon", "coordinates": [ [ [ [ 104.185135074612532, 14.593082889204114, 0.0 ], [ 104.184748568356724, 14.593036881022082, 0.0 ], [ 104.184738701106511, 14.593238824108715, 0.0 ], [ 104.184839424350116, 14.593252439040507, 0.0 ], [ 104.18508605103051, 14.593274868669281, 0.0 ], [ 104.185135074612532, 14.593082889204114, 0.0 ] ] ] ] } },
{ "type": "Feature", "properties": { "Plang": "167", "Rawang": "5838III1212-6", "Rai": 0.0, "NGan": 2.0, "Wa": 23.0, "CardID": "3330500223639", "Name": "นางเน็บ บุตะเคียน", "ADD": "09 ถ. ซ. ม.1 บ.ตะเคียนตะวันออก ต.ตะเคียนราม อ.ภูสิงห์ จ.ศรีสะเกษ" }, "geometry": { "type": "MultiPolygon", "coordinates": [ [ [ [ 104.184748568356724, 14.593036881022082, 0.0 ], [ 104.184370180816927, 14.593021978139651, 0.0 ], [ 104.184355611237109, 14.593209562183759, 0.0 ], [ 104.184537992567343, 14.593225553231052, 0.0 ], [ 104.184738701106511, 14.593238824108715, 0.0 ], [ 104.184748568356724, 14.593036881022082, 0.0 ] ] ] ] } },
{ "type": "Feature", "properties": { "Plang": "166", "Rawang": "5838III1212-6", "Rai": 0.0, "NGan": 0.0, "Wa": 65.0, "CardID": "3330500224651", "Name": "นายเฉลย ตะเคียนราม", "ADD": "93 ถ. ซ. ม.1 บ.ตะเคียนตะวันออก ต.ตะเคียนราม อ.ภูสิงห์ จ.ศรีสะเกษ" }, "geometry": { "type": "MultiPolygon", "coordinates": [ [ [ [ 104.18508605103051, 14.593274868669281, 0.0 ], [ 104.184839424350116, 14.593252439040507, 0.0 ], [ 104.184828717070275, 14.593338093967397, 0.0 ], [ 104.185060209854484, 14.593367000706053, 0.0 ], [ 104.18508605103051, 14.593274868669281, 0.0 ] ] ] ] } },
{ "type": "Feature", "properties": { "Plang": "165", "Rawang": "5838III1212-6", "Rai": 1.0, "NGan": 0.0, "Wa": 54.0, "CardID": "3330500224627", "Name": "นางสวิน เคนประจง", "ADD": "68 ถ. ซ. ม.1 บ.ตะเคียนตะวันออก ต.ตะเคียนราม อ.ภูสิงห์ จ.ศรีสะเกษ" }, "geometry": { "type": "MultiPolygon", "coordinates": [ [ [ [ 104.185000971054492, 14.59359862070742, 0.0 ], [ 104.185060209854484, 14.593367000706053, 0.0 ], [ 104.184828717070275, 14.593338093967397, 0.0 ], [ 104.184839424350116, 14.593252439040507, 0.0 ], [ 104.184738701106511, 14.593238824108715, 0.0 ], [ 104.184537992567343, 14.593225553231052, 0.0 ], [ 104.184526960315011, 14.593574885831913, 0.0 ], [ 104.185000971054492, 14.59359862070742, 0.0 ] ] ] ] } },
{ "type": "Feature", "properties": { "Plang": "164", "Rawang": "5838III1212-6", "Rai": 0.0, "NGan": 1.0, "Wa": 96.0, "CardID": "3330500224902", "Name": "นางบรรเทิง สุดสัง", "ADD": "94 ถ. ซ. ม.1 บ.ตะเคียนตะวันออก ต.ตะเคียนราม อ.ภูสิงห์ จ.ศรีสะเกษ" }, "geometry": { "type": "MultiPolygon", "coordinates": [ [ [ [ 104.184526960315011, 14.593574885831913, 0.0 ], [ 104.184537992567343, 14.593225553231052, 0.0 ], [ 104.184355611237109, 14.593209562183759, 0.0 ], [ 104.18433844992326, 14.593570212405291, 0.0 ], [ 104.184526960315011, 14.593574885831913, 0.0 ] ] ] ] } },
{ "type": "Feature", "properties": { "Plang": "163", "Rawang": "5838III1212-6", "Rai": 0.0, "NGan": 3.0, "Wa": 46.0, "CardID": "3330500226786", "Name": "นางนุภาภรณ์ พิกุลศรี", "ADD": "54 ถ. ซ. ม.1 บ.ตะเคียนตะวันออก ต.ตะเคียนราม อ.ภูสิงห์ จ.ศรีสะเกษ" }, "geometry": { "type": "MultiPolygon", "coordinates": [ [ [ [ 104.184526960315011, 14.593574885831913, 0.0 ], [ 104.18433844992326, 14.593570212405291, 0.0 ], [ 104.184336990342416, 14.593744711097724, 0.0 ], [ 104.184960364389795, 14.59378012406717, 0.0 ], [ 104.185000971054492, 14.59359862070742, 0.0 ], [ 104.184526960315011, 14.593574885831913, 0.0 ] ] ] ] } },
{ "type": "Feature", "properties": { "Plang": "162", "Rawang": "5838III1212-6", "Rai": 0.0, "NGan": 3.0, "Wa": 22.0, "CardID": "3330500226786", "Name": "นางนภาภรณ์ พิกุลศรี", "ADD": "54 ถ. ซ. ม.1 บ. ต.ตะเคียนราม อ.ภูสิงห์ จ.ศรีสะเกษ" }, "geometry": { "type": "MultiPolygon", "coordinates": [ [ [ [ 104.184960364389795, 14.59378012406717, 0.0 ], [ 104.184336990342416, 14.593744711097724, 0.0 ], [ 104.184327807909625, 14.593917099687074, 0.0 ], [ 104.18451380713158, 14.593941700103455, 0.0 ], [ 104.184630276442135, 14.593943068089869, 0.0 ], [ 104.184723530977536, 14.593942855123354, 0.0 ], [ 104.184910019249045, 14.593954914487865, 0.0 ], [ 104.184960364389795, 14.59378012406717, 0.0 ] ] ] ] } },
{ "type": "Feature", "properties": { "Plang": "161", "Rawang": "5838III1212-6", "Rai": 0.0, "NGan": 0.0, "Wa": 58.0, "CardID": "4330500006695", "Name": "นางปวด ตะเคียนราม", "ADD": "19 ถ. ซ. ม.1 บ.ตะเคียนตะวันออก ต.ตะเคียนราม อ.ภูสิงห์ จ.ศรีสะเกษ" }, "geometry": { "type": "MultiPolygon", "coordinates": [ [ [ [ 104.184874846548354, 14.594076368287151, 0.0 ], [ 104.184910019249045, 14.593954914487865, 0.0 ], [ 104.184723530977536, 14.593942855123354, 0.0 ], [ 104.184708454214103, 14.594036067109521, 0.0 ], [ 104.184874846548354, 14.594076368287151, 0.0 ] ] ] ] } },
{ "type": "Feature", "properties": { "Plang": "160", "Rawang": "5838III1212-6", "Rai": 0.0, "NGan": 0.0, "Wa": 65.0, "CardID": "3330500224368", "Name": "นางปัญ ปรือปรัง", "ADD": "104 ถ. ซ. ม.1 บ.ตะเคียนตะวันออก ต.ตะเคียนราม อ.ภูสิงห์ จ.ศรีสะเกษ" }, "geometry": { "type": "MultiPolygon", "coordinates": [ [ [ [ 104.184874846548354, 14.594076368287151, 0.0 ], [ 104.184708454214103, 14.594036067109521, 0.0 ], [ 104.184676288951053, 14.594163281781064, 0.0 ], [ 104.184850554073066, 14.594192962180426, 0.0 ], [ 104.184874846548354, 14.594076368287151, 0.0 ] ] ] ] } },
{ "type": "Feature", "properties": { "Plang": "159", "Rawang": "5838III1212-6", "Rai": 0.0, "NGan": 0.0, "Wa": 42.0, "CardID": "3330500079911", "Name": "นางมะลิ คำพินิจ", "ADD": "116 ถ. ซ. ม.1 บ.ตะเคียนตะวันออก ต.ตะเคียนราม อ.ภูสิงห์ จ.ศรีสะเกษ" }, "geometry": { "type": "MultiPolygon", "coordinates": [ [ [ [ 104.184850554073066, 14.594192962180426, 0.0 ], [ 104.184676288951053, 14.594163281781064, 0.0 ], [ 104.184658738993448, 14.594238211257831, 0.0 ], [ 104.184825515263228, 14.594273874593885, 0.0 ], [ 104.184850554073066, 14.594192962180426, 0.0 ] ] ] ] } },
{ "type": "Feature", "properties": { "Plang": "158", "Rawang": "5838III1212-6", "Rai": 0.0, "NGan": 1.0, "Wa": 22.0, "CardID": "3330500225275", "Name": "นางจิตร ตะเคียนราม", "ADD": "74 ถ. ซ. ม.1 บ.ตะเคียนตะวันออก ต.ตะเคียนราม อ.ภูสิงห์ จ.ศรีสะเกษ" }, "geometry": { "type": "MultiPolygon", "coordinates": [ [ [ [ 104.184327807909625, 14.593917099687074, 0.0 ], [ 104.184297980575778, 14.594150318378968, 0.0 ], [ 104.184465113390416, 14.594162707540447, 0.0 ], [ 104.18451380713158, 14.593941700103455, 0.0 ], [ 104.184327807909625, 14.593917099687074, 0.0 ] ] ] ] } },
{ "type": "Feature", "properties": { "Plang": "157", "Rawang": "5838III1212-6", "Rai": 0.0, "NGan": 2.0, "Wa": 84.0, "CardID": "3330500226387", "Name": "นางติม ศรีสิงห์", "ADD": "99 ถ. ซ. ม.1 บ.ตะเคียนตะวันออก ต.ตะเคียนราม อ.ภูสิงห์ จ.ศรีสะเกษ" }, "geometry": { "type": "MultiPolygon", "coordinates": [ [ [ [ 104.184658738993448, 14.594238211257831, 0.0 ], [ 104.184676288951053, 14.594163281781064, 0.0 ], [ 104.184708454214103, 14.594036067109521, 0.0 ], [ 104.184723530977536, 14.593942855123354, 0.0 ], [ 104.184630276442135, 14.593943068089869, 0.0 ], [ 104.18451380713158, 14.593941700103455, 0.0 ], [ 104.184465113390416, 14.594162707540447, 0.0 ], [ 104.184417931289161, 14.594376851361108, 0.0 ], [ 104.184611365439991, 14.594414306698226, 0.0 ], [ 104.184658738993448, 14.594238211257831, 0.0 ] ] ] ] } },
{ "type": "Feature", "properties": { "Plang": "156", "Rawang": "5838III1212-6", "Rai": 0.0, "NGan": 0.0, "Wa": 99.0, "CardID": "3330500223965", "Name": "นายเสือม ตะเคียนราม", "ADD": "74 ถ. ซ. ม.1 บ.ตะเคียนตะวันออก ต.ตะเคียนราม อ.ภูสิงห์ จ.ศรีสะเกษ" }, "geometry": { "type": "MultiPolygon", "coordinates": [ [ [ [ 104.184465113390416, 14.594162707540447, 0.0 ], [ 104.184297980575778, 14.594150318378968, 0.0 ], [ 104.18427239707971, 14.594355569157358, 0.0 ], [ 104.184417931289161, 14.594376851361108, 0.0 ], [ 104.184465113390416, 14.594162707540447, 0.0 ] ] ] ] } },
{ "type": "Feature", "properties": { "Plang": "155", "Rawang": "5838III1212-6", "Rai": 0.0, "NGan": 0.0, "Wa": 77.0, "CardID": "3330500226395", "Name": "นายสมี ตะเคียนราม", "ADD": "46 ถ. ซ. ม.1 บ.ตะเคียนตะวันออก ต.ตะเคียนราม อ.ภูสิงห์ จ.ศรีสะเกษ" }, "geometry": { "type": "MultiPolygon", "coordinates": [ [ [ [ 104.184611365439991, 14.594414306698226, 0.0 ], [ 104.184417931289161, 14.594376851361108, 0.0 ], [ 104.184388497414659, 14.594513159549345, 0.0 ], [ 104.184581718127532, 14.594535710980457, 0.0 ], [ 104.184611365439991, 14.594414306698226, 0.0 ] ] ] ] } },
{ "type": "Feature", "properties": { "Plang": "154", "Rawang": "5838III1212-6", "Rai": 0.0, "NGan": 2.0, "Wa": 49.0, "CardID": "3330500225879", "Name": "นายปิ บุตะเคียน", "ADD": "41 ถ. ซ. ม.1 บ.ตะเคียนตะวันออก ต.ตะเคียนราม อ.ภูสิงห์ จ.ศรีสะเกษ" }, "geometry": { "type": "MultiPolygon", "coordinates": [ [ [ [ 104.184658738993448, 14.594238211257831, 0.0 ], [ 104.184611365439991, 14.594414306698226, 0.0 ], [ 104.184581718127532, 14.594535710980457, 0.0 ], [ 104.184541301274152, 14.5947164499745, 0.0 ], [ 104.184706575000959, 14.594744438223604, 0.0 ], [ 104.184825515263228, 14.594273874593885, 0.0 ], [ 104.184658738993448, 14.594238211257831, 0.0 ] ] ] ] } },
{ "type": "Feature", "properties": { "Plang": "80", "Rawang": "5838III0614-4", "Rai": 0.0, "NGan": 3.0, "Wa": 34.0, "CardID": "3330501439040", "Name": "นางกนกวรรณ เหมือนสวรรค์", "ADD": "104 ถ. ซ. ม.13 บ.นกยูงทอง ต.ห้วยตึ๊กชู อ.ภูสิงห์ จ.ศรีสะเกษ" }, "geometry": { "type": "MultiPolygon", "coordinates": [ [ [ [ 104.140537525343532, 14.61477533848741, 0.0 ], [ 104.140421876741598, 14.614554777233336, 0.0 ], [ 104.139934983495507, 14.614606983459769, 0.0 ], [ 104.139964428093094, 14.614798835637059, 0.0 ], [ 104.140537525343532, 14.61477533848741, 0.0 ] ] ] ] } },
{ "type": "Feature", "properties": { "Plang": "79", "Rawang": "5838III0614-4", "Rai": 1.0, "NGan": 1.0, "Wa": 59.0, "CardID": "1200100579686", "Name": "นางสาวเสาวรส ดวงตะวัน", "ADD": "37 ถ. ซ. ม.13 บ.นกยูงทอง ต.ห้วยตึ๊กชู อ.ภูสิงห์ จ.ศรีสะเกษ" }, "geometry": { "type": "MultiPolygon", "coordinates": [ [ [ [ 104.140449582536107, 14.615006240015406, 0.0 ], [ 104.140468945610792, 14.615912188361424, 0.0 ], [ 104.140508562221086, 14.61564109522714, 0.0 ], [ 104.140905757359647, 14.615324221365553, 0.0 ], [ 104.140634603894512, 14.614996813281325, 0.0 ], [ 104.140449582536107, 14.615006240015406, 0.0 ] ] ] ] } },
{ "type": "Feature", "properties": { "Plang": "78", "Rawang": "5838III0614-4", "Rai": 1.0, "NGan": 0.0, "Wa": 32.0, "CardID": "3101500828592", "Name": "นางชนิดา ง้วนสกุล", "ADD": "76 ถ. ซ.ประชาอุทิศ54 แยก 2 ม. บ. ต.บางมด อ.เขตทุ่งครุ จ.กรุงเทพมหานคร" }, "geometry": { "type": "MultiPolygon", "coordinates": [ [ [ [ 104.14026240623339, 14.615018228250515, 0.0 ], [ 104.140335275744434, 14.615915543612273, 0.0 ], [ 104.140468945610792, 14.615912188361424, 0.0 ], [ 104.140449582536107, 14.615006240015406, 0.0 ], [ 104.14026240623339, 14.615018228250515, 0.0 ] ] ] ] } },
{ "type": "Feature", "properties": { "Plang": "77", "Rawang": "5838III0614-4", "Rai": 1.0, "NGan": 0.0, "Wa": 40.0, "CardID": "3330501438582", "Name": "นางจร ดวงตะวัน", "ADD": "37 ถ. ซ. ม.13 บ.นกยูงทอง ต.ห้วยตึ๊กชู อ.ภูสิงห์ จ.ศรีสะเกษ" }, "geometry": { "type": "MultiPolygon", "coordinates": [ [ [ [ 104.14026240623339, 14.615018228250515, 0.0 ], [ 104.140081987872477, 14.615030977184277, 0.0 ], [ 104.140124243587678, 14.615262665198216, 0.0 ], [ 104.140161027181648, 14.615905288518555, 0.0 ], [ 104.140335275744434, 14.615915543612273, 0.0 ], [ 104.14026240623339, 14.615018228250515, 0.0 ] ] ] ] } },
{ "type": "Feature", "properties": { "Plang": "71", "Rawang": "5838III0614-4", "Rai": 1.0, "NGan": 2.0, "Wa": 17.0, "CardID": "3330501442580", "Name": "นางขวัญใจ สมฤทธิ์", "ADD": "91 ถ. ซ. ม.13 บ.นกยูงทอง ต.ห้วยตึ๊กชู อ.ภูสิงห์ จ.ศรีสะเกษ" }, "geometry": { "type": "MultiPolygon", "coordinates": [ [ [ [ 104.140569496805185, 14.617236381674223, 0.0 ], [ 104.140624787006473, 14.617736735315981, 0.0 ], [ 104.14119536948013, 14.617697540774843, 0.0 ], [ 104.140845766171907, 14.617237634007545, 0.0 ], [ 104.140569496805185, 14.617236381674223, 0.0 ] ] ] ] } },
{ "type": "Feature", "properties": { "Plang": "70", "Rawang": "5838III0614-4", "Rai": 1.0, "NGan": 0.0, "Wa": 56.0, "CardID": "3330501442598", "Name": "นางสาวสง่า ศิริเลิศ", "ADD": "90 ถ. ซ. ม.13 บ.นกยูงทอง ต.ห้วยตึ๊กชู อ.ภูสิงห์ จ.ศรีสะเกษ" }, "geometry": { "type": "MultiPolygon", "coordinates": [ [ [ [ 104.140295322144183, 14.617227284227626, 0.0 ], [ 104.140306148955858, 14.617758621127702, 0.0 ], [ 104.140624787006473, 14.617736735315981, 0.0 ], [ 104.140569496805185, 14.617236381674223, 0.0 ], [ 104.140295322144183, 14.617227284227626, 0.0 ] ] ] ] } },
{ "type": "Feature", "properties": { "Plang": "69", "Rawang": "5838III0614-4", "Rai": 1.0, "NGan": 0.0, "Wa": 61.0, "CardID": "2331700028794", "Name": "นายสุขสันต์ พิมพ์โคตร", "ADD": "89 ถ. ซ. ม.13 บ.นกยูงทอง ต.ห้วยตึ๊กชู อ.ภูสิงห์ จ.ศรีสะเกษ" }, "geometry": { "type": "MultiPolygon", "coordinates": [ [ [ [ 104.140026354913928, 14.617776044715235, 0.0 ], [ 104.140306148955858, 14.617758621127702, 0.0 ], [ 104.140295322144183, 14.617227284227626, 0.0 ], [ 104.140007417691535, 14.617217917106149, 0.0 ], [ 104.140026354913928, 14.617776044715235, 0.0 ] ] ] ] } },
{ "type": "Feature", "properties": { "Plang": "68", "Rawang": "5838III0614-4", "Rai": 2.0, "NGan": 0.0, "Wa": 68.0, "CardID": "3330501442636", "Name": "นายเด่นชัย ศิริเลิศ", "ADD": "1/2 ถ. ซ. ม.4 บ.จอก ต.ห้วยตึ๊กชู อ.ภูสิงห์ จ.ศรีสะเกษ" }, "geometry": { "type": "MultiPolygon", "coordinates": [ [ [ [ 104.140007417691535, 14.617217917106149, 0.0 ], [ 104.139586281710876, 14.61720429584134, 0.0 ], [ 104.139518849779819, 14.617507911388811, 0.0 ], [ 104.139469812836424, 14.617721437011902, 0.0 ], [ 104.13945490606703, 14.617817086677265, 0.0 ], [ 104.140026354913928, 14.617776044715235, 0.0 ], [ 104.140007417691535, 14.617217917106149, 0.0 ] ] ] ] } },
{ "type": "Feature", "properties": { "Plang": "36", "Rawang": "5838III1012-10", "Rai": 0.0, "NGan": 0.0, "Wa": 95.0, "CardID": "2330500003614", "Name": "นางสาวสุพิศ ศรีลาชัย", "ADD": "62 ถ. ซ. ม.12 บ.ห้วยยาง ต.ตะเคียนราม อ.ภูสิงห์ จ.ศรีสะเกษ" }, "geometry": { "type": "MultiPolygon", "coordinates": [ [ [ [ 104.169370766880817, 14.588429254609533, 0.0 ], [ 104.169371221461446, 14.588497443702101, 0.0 ], [ 104.169543766694247, 14.588496933228289, 0.0 ], [ 104.169552686564472, 14.588310565647706, 0.0 ], [ 104.169405770102827, 14.58832229190036, 0.0 ], [ 104.169361863982388, 14.588342398124459, 0.0 ], [ 104.169370766880817, 14.588429254609533, 0.0 ] ] ] ] } },
{ "type": "Feature", "properties": { "Plang": "5", "Rawang": "5838III1012-6", "Rai": 0.0, "NGan": 3.0, "Wa": 23.0, "CardID": "3330500236595", "Name": "นางจำรูญ พรรณพา", "ADD": "65 ถ. ซ. ม.9 บ. ต.ตะเคียนราม อ.ภูสิงห์ จ.ศรีสะเกษ" }, "geometry": { "type": "MultiPolygon", "coordinates": [ [ [ [ 104.169107337171653, 14.59186999080703, 0.0 ], [ 104.168960714600772, 14.591874409608938, 0.0 ], [ 104.168986954928528, 14.592085341870296, 0.0 ], [ 104.169480114533854, 14.592038385341624, 0.0 ], [ 104.169451560734416, 14.591795854532121, 0.0 ], [ 104.169107337171653, 14.59186999080703, 0.0 ] ] ] ] } },
{ "type": "Feature", "properties": { "Plang": "4", "Rawang": "5838III1012-6", "Rai": 0.0, "NGan": 2.0, "Wa": 35.0, "CardID": "3330500236587", "Name": "นายกฤตยคมน์ บุตะเคียน", "ADD": "61 ถ. ซ. ม.9 บ. ต.ตะเคียนราม อ.ภูสิงห์ จ.ศรีสะเกษ" }, "geometry": { "type": "MultiPolygon", "coordinates": [ [ [ [ 104.168986954928528, 14.592085341870296, 0.0 ], [ 104.169003480771963, 14.592218184313666, 0.0 ], [ 104.169209906122447, 14.592219984261796, 0.0 ], [ 104.169501794302462, 14.592222529100962, 0.0 ], [ 104.169480114533854, 14.592038385341624, 0.0 ], [ 104.168986954928528, 14.592085341870296, 0.0 ] ] ] ] } },
{ "type": "Feature", "properties": { "Plang": "3", "Rawang": "5838III1012-6", "Rai": 0.0, "NGan": 1.0, "Wa": 62.0, "CardID": "1331700039011", "Name": "นางสาวธิชารัตน์ โพธิ์มงคล", "ADD": "40 ถ. ซ. ม.9 บ.พยอม ต.ตะเคียนราม อ.ภูสิงห์ จ.ศรีสะเกษ" }, "geometry": { "type": "MultiPolygon", "coordinates": [ [ [ [ 104.169209906122447, 14.592219984261796, 0.0 ], [ 104.169233814908054, 14.592410346404508, 0.0 ], [ 104.16952347409871, 14.592406672857356, 0.0 ], [ 104.169501794302462, 14.592222529100962, 0.0 ], [ 104.169209906122447, 14.592219984261796, 0.0 ] ] ] ] } },
{ "type": "Feature", "properties": { "Plang": "2", "Rawang": "5838III1012-6", "Rai": 0.0, "NGan": 1.0, "Wa": 18.0, "CardID": "1330500137353", "Name": "นางสาวจุฑารัตน์ โพธิ์มงคล", "ADD": "87 ถ. ซ. ม.9 บ.พยอม ต.ตะเคียนราม อ.ภูสิงห์ จ.ศรีสะเกษ" }, "geometry": { "type": "MultiPolygon", "coordinates": [ [ [ [ 104.169003480771963, 14.592218184313666, 0.0 ], [ 104.169027711259517, 14.59241296005546, 0.0 ], [ 104.169233814908054, 14.592410346404508, 0.0 ], [ 104.169209906122447, 14.592219984261796, 0.0 ], [ 104.169003480771963, 14.592218184313666, 0.0 ] ] ] ] } },
{ "type": "Feature", "properties": { "Plang": "38", "Rawang": "5838III1012-11", "Rai": 0.0, "NGan": 0.0, "Wa": 88.0, "CardID": "3330500238296", "Name": "นางติม ใจศรี", "ADD": "86 ถ. ซ. ม.12 บ.ห้วยยาง ต.ตะเคียนราม อ.ภูสิงห์ จ.ศรีสะเกษ" }, "geometry": { "type": "MultiPolygon", "coordinates": [ [ [ [ 104.170243810317345, 14.588253475413696, 0.0 ], [ 104.170251048844037, 14.588318611638389, 0.0 ], [ 104.170429659469463, 14.588254954318499, 0.0 ], [ 104.17040744947461, 14.588145486642507, 0.0 ], [ 104.170227003938649, 14.588102242307839, 0.0 ], [ 104.170243810317345, 14.588253475413696, 0.0 ] ] ] ] } },
{ "type": "Feature", "properties": { "Plang": "37", "Rawang": "5838III1012-11", "Rai": 0.0, "NGan": 0.0, "Wa": 82.0, "CardID": "3330500237770", "Name": "นางตูจ ปลื้มใจ", "ADD": "108 ถ. ซ. ม.12 บ. ต.ตะเคียนราม อ.ภูสิงห์ จ.ศรีสะเกษ" }, "geometry": { "type": "MultiPolygon", "coordinates": [ [ [ [ 104.170227003938649, 14.588102242307839, 0.0 ], [ 104.170079598702657, 14.588066698142551, 0.0 ], [ 104.170072545982364, 14.588105672390585, 0.0 ], [ 104.170016514089099, 14.588165651597514, 0.0 ], [ 104.17014334021539, 14.588244766423191, 0.0 ], [ 104.170243810317345, 14.588253475413696, 0.0 ], [ 104.170227003938649, 14.588102242307839, 0.0 ] ] ] ] } },
{ "type": "Feature", "properties": { "Plang": "36", "Rawang": "5838III1012-11", "Rai": 0.0, "NGan": 1.0, "Wa": 22.0, "CardID": "1330500004914", "Name": "นายเชิดศักดิ์ ศรีลาชัย", "ADD": "56 ถ. ซ. ม.12 บ.ห้วยยาง ต.ตะเคียนราม อ.ภูสิงห์ จ.ศรีสะเกษ" }, "geometry": { "type": "MultiPolygon", "coordinates": [ [ [ [ 104.169825300210036, 14.588268801181471, 0.0 ], [ 104.170016514089099, 14.588165651597514, 0.0 ], [ 104.170072545982364, 14.588105672390585, 0.0 ], [ 104.170079598702657, 14.588066698142551, 0.0 ], [ 104.169878999359696, 14.588015714855402, 0.0 ], [ 104.169875269018362, 14.588076167289612, 0.0 ], [ 104.169798845490888, 14.58807839280159, 0.0 ], [ 104.169800001715799, 14.588145231290692, 0.0 ], [ 104.169811728254317, 14.588205929682838, 0.0 ], [ 104.169825300210036, 14.588268801181471, 0.0 ] ] ] ] } },
{ "type": "Feature", "properties": { "Plang": "35", "Rawang": "5838III1012-11", "Rai": 0.0, "NGan": 2.0, "Wa": 30.0, "CardID": "3330500237753", "Name": "นายกิจ ตะเคียนราม", "ADD": "8 ถ. ซ. ม.12 บ.ห้วยยาง ต.ตะเคียนราม อ.ภูสิงห์ จ.ศรีสะเกษ" }, "geometry": { "type": "MultiPolygon", "coordinates": [ [ [ [ 104.169935068380269, 14.58845846135055, 0.0 ], [ 104.170106544872624, 14.588370113123432, 0.0 ], [ 104.170251048844037, 14.588318611638389, 0.0 ], [ 104.170243810317345, 14.588253475413696, 0.0 ], [ 104.17014334021539, 14.588244766423191, 0.0 ], [ 104.170016514089099, 14.588165651597514, 0.0 ], [ 104.169825300210036, 14.588268801181471, 0.0 ], [ 104.169790580735622, 14.588274908426405, 0.0 ], [ 104.169876918640838, 14.588486727737438, 0.0 ], [ 104.169935068380269, 14.58845846135055, 0.0 ] ] ] ] } },
{ "type": "Feature", "properties": { "Plang": "34", "Rawang": "5838III1012-11", "Rai": 0.0, "NGan": 1.0, "Wa": 48.0, "CardID": "3330500233545", "Name": "นางพะ บุตะเคียน", "ADD": "49 ถ. ซ. ม.12 บ. ต.ตะเคียนราม อ.ภูสิงห์ จ.ศรีสะเกษ" }, "geometry": { "type": "MultiPolygon", "coordinates": [ [ [ [ 104.170470132201444, 14.588402217032044, 0.0 ], [ 104.170429659469463, 14.588254954318499, 0.0 ], [ 104.170251048844037, 14.588318611638389, 0.0 ], [ 104.170106544872624, 14.588370113123432, 0.0 ], [ 104.17013983762547, 14.588503603134807, 0.0 ], [ 104.170470132201444, 14.588402217032044, 0.0 ] ] ] ] } },
{ "type": "Feature", "properties": { "Plang": "32", "Rawang": "5838III1012-11", "Rai": 0.0, "NGan": 1.0, "Wa": 4.0, "CardID": "3330500333329", "Name": "นายบุญรวย ตะเคียนเกลี้ยง", "ADD": "64 ถ. ซ. ม.12 บ.ห้วยยาง ต.ตะเคียนราม อ.ภูสิงห์ จ.ศรีสะเกษ" }, "geometry": { "type": "MultiPolygon", "coordinates": [ [ [ [ 104.170159806609064, 14.588568020698625, 0.0 ], [ 104.17013983762547, 14.588503603134807, 0.0 ], [ 104.170106544872624, 14.588370113123432, 0.0 ], [ 104.169935068380269, 14.58845846135055, 0.0 ], [ 104.170020553246445, 14.588641090825448, 0.0 ], [ 104.170159806609064, 14.588568020698625, 0.0 ] ] ] ] } },
{ "type": "Feature", "properties": { "Plang": "33", "Rawang": "5838III1012-11", "Rai": 0.0, "NGan": 1.0, "Wa": 70.0, "CardID": "3330500230503", "Name": "นางตัด บุตะเคียน", "ADD": "87 ถ. ซ. ม.12 บ. ต.ตะเคียนราม อ.ภูสิงห์ จ.ศรีสะเกษ" }, "geometry": { "type": "MultiPolygon", "coordinates": [ [ [ [ 104.170159806609064, 14.588568020698625, 0.0 ], [ 104.170190325843933, 14.588660716887031, 0.0 ], [ 104.170499079674059, 14.588579612277698, 0.0 ], [ 104.170470132201444, 14.588402217032044, 0.0 ], [ 104.17013983762547, 14.588503603134807, 0.0 ], [ 104.170159806609064, 14.588568020698625, 0.0 ] ] ] ] } },
{ "type": "Feature", "properties": { "Plang": "31", "Rawang": "5838III1012-11", "Rai": 0.0, "NGan": 0.0, "Wa": 51.0, "CardID": "3330500227634", "Name": "นางทอง บุตะเคียน", "ADD": "13 ถ. ซ. ม.12 บ. ต.ตะเคียนราม อ.ภูสิงห์ จ.ศรีสะเกษ" }, "geometry": { "type": "MultiPolygon", "coordinates": [ [ [ [ 104.170020553246445, 14.588641090825448, 0.0 ], [ 104.170066247752288, 14.588741897458009, 0.0 ], [ 104.170147158330778, 14.588709992037574, 0.0 ], [ 104.170190325843933, 14.588660716887031, 0.0 ], [ 104.170159806609064, 14.588568020698625, 0.0 ], [ 104.170020553246445, 14.588641090825448, 0.0 ] ] ] ] } },
{ "type": "Feature", "properties": { "Plang": "30", "Rawang": "5838III1012-11", "Rai": 0.0, "NGan": 0.0, "Wa": 45.0, "CardID": "3330500228541", "Name": "นางอำเพียร นครเขต", "ADD": "61/1 ถ. ซ. ม.12 บ.ห้วยยาง ต.ตะเคียนราม อ.ภูสิงห์ จ.ศรีสะเกษ" }, "geometry": { "type": "MultiPolygon", "coordinates": [ [ [ [ 104.169890006616441, 14.5887512630496, 0.0 ], [ 104.169893428491264, 14.588817970196054, 0.0 ], [ 104.170066247752288, 14.588741897458009, 0.0 ], [ 104.170020553246445, 14.588641090825448, 0.0 ], [ 104.169890006616441, 14.5887512630496, 0.0 ] ] ] ] } },
{ "type": "Feature", "properties": { "Plang": "28", "Rawang": "5838III1012-11", "Rai": 0.0, "NGan": 0.0, "Wa": 80.0, "CardID": "3330500227693", "Name": "นางสาวสุทิศ บุตะเคียน", "ADD": "109 ถ. ซ. ม.12 บ.ห้วยยาง ต.ตะเคียนราม อ.ภูสิงห์ จ.ศรีสะเกษ" }, "geometry": { "type": "MultiPolygon", "coordinates": [ [ [ [ 104.170387194526413, 14.58881794999075, 0.0 ], [ 104.170540414657921, 14.588769206859729, 0.0 ], [ 104.170503104950996, 14.588615029557808, 0.0 ], [ 104.170342943868633, 14.588650074557592, 0.0 ], [ 104.170387194526413, 14.58881794999075, 0.0 ] ] ] ] } },
{ "type": "Feature", "properties": { "Plang": "26", "Rawang": "5838III1012-11", "Rai": 0.0, "NGan": 2.0, "Wa": 40.0, "CardID": "3330500227634", "Name": "นางทอง บุตะเคียน", "ADD": "13 ถ. ซ. ม.12 บ. ต.ตะเคียนราม อ.ภูสิงห์ จ.ศรีสะเกษ" }, "geometry": { "type": "MultiPolygon", "coordinates": [ [ [ [ 104.169993084197145, 14.589097776823282, 0.0 ], [ 104.170188942426677, 14.589032666897307, 0.0 ], [ 104.170138033370137, 14.588875103193278, 0.0 ], [ 104.170290229868684, 14.588841407129717, 0.0 ], [ 104.170387194526413, 14.58881794999075, 0.0 ], [ 104.170342943868633, 14.588650074557592, 0.0 ], [ 104.170199104730727, 14.588695906904919, 0.0 ], [ 104.170160358239158, 14.588730370531984, 0.0 ], [ 104.170079419525578, 14.588760859953556, 0.0 ], [ 104.170120546808803, 14.588827452264988, 0.0 ], [ 104.170092603413707, 14.588867698008334, 0.0 ], [ 104.169929658843515, 14.588930953951801, 0.0 ], [ 104.169993084197145, 14.589097776823282, 0.0 ] ] ] ] } },
{ "type": "Feature", "properties": { "Plang": "25", "Rawang": "5838III1012-11", "Rai": 0.0, "NGan": 0.0, "Wa": 59.0, "CardID": "3330500228576", "Name": "นางสุจิน ฉิมพินิจ", "ADD": "61/2 ถ. ซ. ม.12 บ.ห้วยยาง ต.ตะเคียนราม อ.ภูสิงห์ จ.ศรีสะเกษ" }, "geometry": { "type": "MultiPolygon", "coordinates": [ [ [ [ 104.169904821364369, 14.588839153318768, 0.0 ], [ 104.169929658843515, 14.588930953951801, 0.0 ], [ 104.170092603413707, 14.588867698008334, 0.0 ], [ 104.170120546808803, 14.588827452264988, 0.0 ], [ 104.170079419525578, 14.588760859953556, 0.0 ], [ 104.169904821364369, 14.588839153318768, 0.0 ] ] ] ] } },
{ "type": "Feature", "properties": { "Plang": "24", "Rawang": "5838III1012-11", "Rai": 0.0, "NGan": 0.0, "Wa": 64.0, "CardID": "2330500003355", "Name": "นางสาวแต้ว เสาร์สา", "ADD": "21 ถ. ซ. ม.12 บ.ห้วยยาง ต.ตะเคียนราม อ.ภูสิงห์ จ.ศรีสะเกษ" }, "geometry": { "type": "MultiPolygon", "coordinates": [ [ [ [ 104.169929658843515, 14.588930953951801, 0.0 ], [ 104.169820957964802, 14.588978086299743, 0.0 ], [ 104.169870070071013, 14.589138670790346, 0.0 ], [ 104.169993084197145, 14.589097776823282, 0.0 ], [ 104.169929658843515, 14.588930953951801, 0.0 ] ] ] ] } },
{ "type": "Feature", "properties": { "Plang": "23", "Rawang": "5838III1012-11", "Rai": 0.0, "NGan": 1.0, "Wa": 33.0, "CardID": "1331700001545", "Name": "นางสาวตรีนุช บุตะเคียน", "ADD": "20 ถ. ซ. ม.12 บ.ห้วยยาง ต.ตะเคียนราม อ.ภูสิงห์ จ.ศรีสะเกษ" }, "geometry": { "type": "MultiPolygon", "coordinates": [ [ [ [ 104.170320843106637, 14.589059970755734, 0.0 ], [ 104.170290229868684, 14.588841407129717, 0.0 ], [ 104.170138033370137, 14.588875103193278, 0.0 ], [ 104.170188942426677, 14.589032666897307, 0.0 ], [ 104.170234943046268, 14.589200827940854, 0.0 ], [ 104.17035156504717, 14.589183414266396, 0.0 ], [ 104.170320843106637, 14.589059970755734, 0.0 ] ] ] ] } },
{ "type": "Feature", "properties": { "Plang": "21", "Rawang": "5838III1012-11", "Rai": 0.0, "NGan": 1.0, "Wa": 12.0, "CardID": "3330500236889", "Name": "นางรัศมี บุตะเคียน", "ADD": "25 ถ. ซ. ม.12 บ. ต.ตะเคียนราม อ.ภูสิงห์ จ.ศรีสะเกษ" }, "geometry": { "type": "MultiPolygon", "coordinates": [ [ [ [ 104.170352736399394, 14.589241873709119, 0.0 ], [ 104.170222592253452, 14.589254549592473, 0.0 ], [ 104.170152108302219, 14.589342528682739, 0.0 ], [ 104.170100253153123, 14.589448808121356, 0.0 ], [ 104.170154730939487, 14.589437720971306, 0.0 ], [ 104.170210297408673, 14.589436302165085, 0.0 ], [ 104.170257218775987, 14.589425887708094, 0.0 ], [ 104.170325769161892, 14.589414442354144, 0.0 ], [ 104.170391113635759, 14.589385421070299, 0.0 ], [ 104.170352736399394, 14.589241873709119, 0.0 ] ] ] ] } },
{ "type": "Feature", "properties": { "Plang": "20", "Rawang": "5838III1012-11", "Rai": 0.0, "NGan": 1.0, "Wa": 21.0, "CardID": "1330500253493", "Name": "นางสาวณัฎฐ์วริณท์ จันดาพืช", "ADD": "103 ถ. ซ. ม.12 บ.ห้วยยาง ต.ตะเคียนราม อ.ภูสิงห์ จ.ศรีสะเกษ" }, "geometry": { "type": "MultiPolygon", "coordinates": [ [ [ [ 104.170557522948641, 14.58937180519022, 0.0 ], [ 104.170660220256906, 14.589363402269491, 0.0 ], [ 104.170622046053495, 14.589212684826865, 0.0 ], [ 104.170352736399394, 14.589241873709119, 0.0 ], [ 104.170391113635759, 14.589385421070299, 0.0 ], [ 104.170452176905869, 14.589380424788459, 0.0 ], [ 104.170557522948641, 14.58937180519022, 0.0 ] ] ] ] } },
{ "type": "Feature", "properties": { "Plang": "17", "Rawang": "5838III1012-11", "Rai": 0.0, "NGan": 0.0, "Wa": 55.0, "CardID": "3330500236005", "Name": "นางสาวสนิด บุตะเคียน", "ADD": "9/1 ถ. ซ. ม.2 บ.ตะเคียนรามตะวันตก ต.ตะเคียนราม อ.ภูสิงห์ จ.ศรีสะเกษ" }, "geometry": { "type": "MultiPolygon", "coordinates": [ [ [ [ 104.170557522948641, 14.58937180519022, 0.0 ], [ 104.170589531987545, 14.589571659325923, 0.0 ], [ 104.170674963630759, 14.589545935179432, 0.0 ], [ 104.170660220256906, 14.589363402269491, 0.0 ], [ 104.170557522948641, 14.58937180519022, 0.0 ] ] ] ] } },
{ "type": "Feature", "properties": { "Plang": "16", "Rawang": "5838III1012-11", "Rai": 0.0, "NGan": 0.0, "Wa": 68.0, "CardID": "3330500235980", "Name": "นางนรากร บุตะเคียน", "ADD": "91 ถ. ซ. ม.12 บ.ห้วยยาง ต.ตะเคียนราม อ.ภูสิงห์ จ.ศรีสะเกษ" }, "geometry": { "type": "MultiPolygon", "coordinates": [ [ [ [ 104.170478036497968, 14.589593622897091, 0.0 ], [ 104.170589531987545, 14.589571659325923, 0.0 ], [ 104.170557522948641, 14.58937180519022, 0.0 ], [ 104.170452176905869, 14.589380424788459, 0.0 ], [ 104.170478036497968, 14.589593622897091, 0.0 ] ] ] ] } },
{ "type": "Feature", "properties": { "Plang": "15", "Rawang": "5838III1012-11", "Rai": 0.0, "NGan": 1.0, "Wa": 26.0, "CardID": "3330500235921", "Name": "นางสาวสมิน บุตะเคียน", "ADD": "25/1 ถ. ซ. ม.12 บ.ห้วยยาง ต.ตะเคียนราม อ.ภูสิงห์ จ.ศรีสะเกษ" }, "geometry": { "type": "MultiPolygon", "coordinates": [ [ [ [ 104.170293787640475, 14.589639789406615, 0.0 ], [ 104.170478036497968, 14.589593622897091, 0.0 ], [ 104.170452176905869, 14.589380424788459, 0.0 ], [ 104.170391113635759, 14.589385421070299, 0.0 ], [ 104.170325769161892, 14.589414442354144, 0.0 ], [ 104.170257218775987, 14.589425887708094, 0.0 ], [ 104.170293787640475, 14.589639789406615, 0.0 ] ] ] ] } },
{ "type": "Feature", "properties": { "Plang": "14", "Rawang": "5838III1012-11", "Rai": 0.0, "NGan": 0.0, "Wa": 75.0, "CardID": "1331700029784", "Name": "นายพิทยา ใจสว่าง", "ADD": "1/1 ถ. ซ. ม.12 บ.ห้วยยาง ต.ตะเคียนราม อ.ภูสิงห์ จ.ศรีสะเกษ" }, "geometry": { "type": "MultiPolygon", "coordinates": [ [ [ [ 104.170175033566878, 14.589674103135396, 0.0 ], [ 104.170293787640475, 14.589639789406615, 0.0 ], [ 104.170257218775987, 14.589425887708094, 0.0 ], [ 104.170210297408673, 14.589436302165085, 0.0 ], [ 104.170154730939487, 14.589437720971306, 0.0 ], [ 104.170175033566878, 14.589674103135396, 0.0 ] ] ] ] } },
{ "type": "Feature", "properties": { "Plang": "13", "Rawang": "5838III1012-11", "Rai": 0.0, "NGan": 1.0, "Wa": 20.0, "CardID": "3330500237478", "Name": "นางสุคร ตะเคียนเกลี้ยง", "ADD": "125 ถ. ซ. ม.12 บ.ห้วยยาง ต.ตะเคียนราม อ.ภูสิงห์ จ.ศรีสะเกษ" }, "geometry": { "type": "MultiPolygon", "coordinates": [ [ [ [ 104.170154730939487, 14.589437720971306, 0.0 ], [ 104.170100253153123, 14.589448808121356, 0.0 ], [ 104.169970868391431, 14.589475140050599, 0.0 ], [ 104.170029205085442, 14.589710960897905, 0.0 ], [ 104.170175033566878, 14.589674103135396, 0.0 ], [ 104.170154730939487, 14.589437720971306, 0.0 ] ] ] ] } },
{ "type": "Feature", "properties": { "Plang": "12", "Rawang": "5838III1012-11", "Rai": 0.0, "NGan": 1.0, "Wa": 7.0, "CardID": "3330500225879", "Name": "นายปิ บุตะเคียน", "ADD": "41 ถ. ซ. ม.1 บ. ต.ตะเคียนราม อ.ภูสิงห์ จ.ศรีสะเกษ" }, "geometry": { "type": "MultiPolygon", "coordinates": [ [ [ [ 104.170655827817569, 14.589899779737509, 0.0 ], [ 104.170629790000817, 14.589752851396129, 0.0 ], [ 104.170729802184624, 14.589734137272314, 0.0 ], [ 104.170705986321408, 14.589638907956989, 0.0 ], [ 104.170672715849918, 14.589621943866476, 0.0 ], [ 104.17052394635347, 14.58965599678397, 0.0 ], [ 104.170559312307176, 14.58991748029028, 0.0 ], [ 104.170655827817569, 14.589899779737509, 0.0 ] ] ] ] } },
{ "type": "Feature", "properties": { "Plang": "11", "Rawang": "5838III1012-11", "Rai": 0.0, "NGan": 0.0, "Wa": 25.0, "CardID": "3330500229670", "Name": "นางสาวปริน บุตะเคียน", "ADD": "15 ถ. ซ. ม.2 บ.ตะเคียนรามตะวันตก ต.ตะเคียนราม อ.ภูสิงห์ จ.ศรีสะเกษ" }, "geometry": { "type": "MultiPolygon", "coordinates": [ [ [ [ 104.170102472156216, 14.58983236908478, 0.0 ], [ 104.170215747622635, 14.589814983631461, 0.0 ], [ 104.17020740418063, 14.589735547516739, 0.0 ], [ 104.170103776887032, 14.589756394147615, 0.0 ], [ 104.170102472156216, 14.58983236908478, 0.0 ] ] ] ] } },
{ "type": "Feature", "properties": { "Plang": "10", "Rawang": "5838III1012-11", "Rai": 0.0, "NGan": 0.0, "Wa": 74.0, "CardID": "3330500237486", "Name": "นายคำ ศรีมุม", "ADD": "16 ถ. ซ. ม.2 บ.ตะเคียนรามตะวันตก ต.ตะเคียนราม อ.ภูสิงห์ จ.ศรีสะเกษ" }, "geometry": { "type": "MultiPolygon", "coordinates": [ [ [ [ 104.170215747622635, 14.589814983631461, 0.0 ], [ 104.170102472156216, 14.58983236908478, 0.0 ], [ 104.170022429033608, 14.589842087079669, 0.0 ], [ 104.170037104217514, 14.589967776284016, 0.0 ], [ 104.170229282549045, 14.589943846660892, 0.0 ], [ 104.170215747622635, 14.589814983631461, 0.0 ] ] ] ] } },
{ "type": "Feature", "properties": { "Plang": "8", "Rawang": "5838III1012-11", "Rai": 0.0, "NGan": 0.0, "Wa": 51.0, "CardID": "3330500230686", "Name": "นางสวิง บุตะเคียน", "ADD": "7 ถ. ซ. ม.2 บ.ตะเคียนรามตะวันตก ต.ตะเคียนราม อ.ภูสิงห์ จ.ศรีสะเกษ" }, "geometry": { "type": "MultiPolygon", "coordinates": [ [ [ [ 104.171461689034658, 14.58981108048618, 0.0 ], [ 104.171597503755038, 14.58979883750186, 0.0 ], [ 104.171599755278507, 14.589665737289362, 0.0 ], [ 104.17146255194497, 14.589693804059019, 0.0 ], [ 104.171461689034658, 14.58981108048618, 0.0 ] ] ] ] } },
{ "type": "Feature", "properties": { "Plang": "7", "Rawang": "5838III1012-11", "Rai": 0.0, "NGan": 0.0, "Wa": 45.0, "CardID": "3330500230678", "Name": "นางสาวแสวง อุดรพันธ์", "ADD": "75 ถ. ซ. ม.2 บ.ตะเคียนรามตะวันตก ต.ตะเคียนราม อ.ภูสิงห์ จ.ศรีสะเกษ" }, "geometry": { "type": "MultiPolygon", "coordinates": [ [ [ [ 104.171461689034658, 14.58981108048618, 0.0 ], [ 104.17146255194497, 14.589693804059019, 0.0 ], [ 104.171318664844634, 14.589723237986881, 0.0 ], [ 104.171329504953462, 14.589821878781473, 0.0 ], [ 104.171461689034658, 14.58981108048618, 0.0 ] ] ] ] } },
{ "type": "Feature", "properties": { "Plang": "4", "Rawang": "5838III1012-11", "Rai": 0.0, "NGan": 1.0, "Wa": 74.0, "CardID": "3330500230333", "Name": "นายใบ บุตะเคียน", "ADD": "52 ถ. ซ. ม.2 บ. ต.ตะเคียนราม อ.ภูสิงห์ จ.ศรีสะเกษ" }, "geometry": { "type": "MultiPolygon", "coordinates": [ [ [ [ 104.171689757743891, 14.590255671432821, 0.0 ], [ 104.171672237613961, 14.589987952841565, 0.0 ], [ 104.171440707711966, 14.590025032498268, 0.0 ], [ 104.171497406770726, 14.590296413520553, 0.0 ], [ 104.171689757743891, 14.590255671432821, 0.0 ] ] ] ] } },
{ "type": "Feature", "properties": { "Plang": "2", "Rawang": "5838III1012-11", "Rai": 0.0, "NGan": 0.0, "Wa": 41.0, "CardID": "1330590002703", "Name": "นางสาวรวงข้าว อินทเสย์", "ADD": "25 ถ. ซ. ม.2 บ. ต.ตะเคียนราม อ.ภูสิงห์ จ.ศรีสะเกษ" }, "geometry": { "type": "MultiPolygon", "coordinates": [ [ [ [ 104.171701098840785, 14.590578525970214, 0.0 ], [ 104.171920211899177, 14.590579963193784, 0.0 ], [ 104.171921273924468, 14.590517227116312, 0.0 ], [ 104.171754381818474, 14.590502171765563, 0.0 ], [ 104.171701098840785, 14.590578525970214, 0.0 ] ] ] ] } },
{ "type": "Feature", "properties": { "Plang": "14", "Rawang": "5838III1012-14", "Rai": 0.0, "NGan": 2.0, "Wa": 17.0, "CardID": "3330500332489", "Name": "นางสอน แพงมาก", "ADD": "66 ถ. ซ. ม.12 บ. ต.ตะเคียนราม อ.ภูสิงห์ จ.ศรีสะเกษ" }, "geometry": { "type": "MultiPolygon", "coordinates": [ [ [ [ 104.168498465363243, 14.586360674172102, 0.0 ], [ 104.16875440432888, 14.586276970430989, 0.0 ], [ 104.168696118298058, 14.586064157320694, 0.0 ], [ 104.168358271369328, 14.586132443941844, 0.0 ], [ 104.168498465363243, 14.586360674172102, 0.0 ] ] ] ] } },
{ "type": "Feature", "properties": { "Plang": "13", "Rawang": "5838III1012-14", "Rai": 0.0, "NGan": 0.0, "Wa": 76.0, "CardID": "3330500332349", "Name": "นายสุพรรณ แพงมาก", "ADD": "65 ถ. ซ. ม.12 บ.ห้วยยาง ต.ตะเคียนราม อ.ภูสิงห์ จ.ศรีสะเกษ" }, "geometry": { "type": "MultiPolygon", "coordinates": [ [ [ [ 104.168498465363243, 14.586360674172102, 0.0 ], [ 104.168557566371376, 14.586456888097251, 0.0 ], [ 104.168781619023818, 14.586361549310547, 0.0 ], [ 104.16875440432888, 14.586276970430989, 0.0 ], [ 104.168498465363243, 14.586360674172102, 0.0 ] ] ] ] } },
{ "type": "Feature", "properties": { "Plang": "12", "Rawang": "5838III1012-14", "Rai": 0.0, "NGan": 1.0, "Wa": 96.0, "CardID": "1330500203836", "Name": "นางสาววิไล แพงมาก", "ADD": "77 ถ. ซ. ม.12 บ.ห้วยยาง ต.ตะเคียนราม อ.ภูสิงห์ จ.ศรีสะเกษ" }, "geometry": { "type": "MultiPolygon", "coordinates": [ [ [ [ 104.168520132281998, 14.58647281700496, 0.0 ], [ 104.168557566371376, 14.586456888097251, 0.0 ], [ 104.168498465363243, 14.586360674172102, 0.0 ], [ 104.168358271369328, 14.586132443941844, 0.0 ], [ 104.168218433962139, 14.586166462137761, 0.0 ], [ 104.168303331011899, 14.586369335624454, 0.0 ], [ 104.16837685430292, 14.586533889559551, 0.0 ], [ 104.168520132281998, 14.58647281700496, 0.0 ] ] ] ] } },
{ "type": "Feature", "properties": { "Plang": "11", "Rawang": "5838III1012-14", "Rai": 0.0, "NGan": 1.0, "Wa": 34.0, "CardID": "1330500064976", "Name": "นางสาวจุไรพร บุตะเคียน", "ADD": "124 ถ. ซ. ม.12 บ.ห้วยยาง ต.ตะเคียนราม อ.ภูสิงห์ จ.ศรีสะเกษ" }, "geometry": { "type": "MultiPolygon", "coordinates": [ [ [ [ 104.168303331011899, 14.586369335624454, 0.0 ], [ 104.168218433962139, 14.586166462137761, 0.0 ], [ 104.168051155213504, 14.586176435319329, 0.0 ], [ 104.16803824406945, 14.586221040096829, 0.0 ], [ 104.168136074048959, 14.586432165698252, 0.0 ], [ 104.168303331011899, 14.586369335624454, 0.0 ] ] ] ] } },
{ "type": "Feature", "properties": { "Plang": "10", "Rawang": "5838III1012-14", "Rai": 0.0, "NGan": 0.0, "Wa": 98.0, "CardID": "1331700004633", "Name": "นางสาวสายรุ้ง ตะเคียนเกลี้ยง", "ADD": "122 ถ. ซ. ม.12 บ.ห้วยยาง ต.ตะเคียนราม อ.ภูสิงห์ จ.ศรีสะเกษ" }, "geometry": { "type": "MultiPolygon", "coordinates": [ [ [ [ 104.168213061004195, 14.586603982389812, 0.0 ], [ 104.16837685430292, 14.586533889559551, 0.0 ], [ 104.168303331011899, 14.586369335624454, 0.0 ], [ 104.168136074048959, 14.586432165698252, 0.0 ], [ 104.168213061004195, 14.586603982389812, 0.0 ] ] ] ] } },
{ "type": "Feature", "properties": { "Plang": "9", "Rawang": "5838III1012-14", "Rai": 0.0, "NGan": 2.0, "Wa": 31.0, "CardID": "5330590012981", "Name": "นางอัน บุตะเคียน", "ADD": "57/1 ถ. ซ. ม.12 บ.ห้วยยาง ต.ตะเคียนราม อ.ภูสิงห์ จ.ศรีสะเกษ" }, "geometry": { "type": "MultiPolygon", "coordinates": [ [ [ [ 104.168151389008358, 14.586572598865525, 0.0 ], [ 104.16796281634312, 14.586184180002464, 0.0 ], [ 104.167833645299993, 14.58617055268418, 0.0 ], [ 104.167934251145354, 14.586636520012748, 0.0 ], [ 104.168151389008358, 14.586572598865525, 0.0 ] ] ] ] } },
{ "type": "Feature", "properties": { "Plang": "8", "Rawang": "5838III1012-14", "Rai": 0.0, "NGan": 1.0, "Wa": 74.0, "CardID": "3330500236137", "Name": "นางสังวอน แพงมาก", "ADD": "77 ถ. ซ. ม.12 บ. ต.ตะเคียนราม อ.ภูสิงห์ จ.ศรีสะเกษ" }, "geometry": { "type": "MultiPolygon", "coordinates": [ [ [ [ 104.168579916482784, 14.586656151083906, 0.0 ], [ 104.168872281100732, 14.586536248896145, 0.0 ], [ 104.168781619023818, 14.586361549310547, 0.0 ], [ 104.168557566371376, 14.586456888097251, 0.0 ], [ 104.168520132281998, 14.58647281700496, 0.0 ], [ 104.168579916482784, 14.586656151083906, 0.0 ] ] ] ] } },
{ "type": "Feature", "properties": { "Plang": "7", "Rawang": "5838III1012-14", "Rai": 0.0, "NGan": 1.0, "Wa": 80.0, "CardID": "3330500236129", "Name": "นางการ บุตรเสมียน", "ADD": "116 ถ. ซ. ม.12 บ.ห้วยยาง ต.ตะเคียนราม อ.ภูสิงห์ จ.ศรีสะเกษ" }, "geometry": { "type": "MultiPolygon", "coordinates": [ [ [ [ 104.168535422465737, 14.586674398562129, 0.0 ], [ 104.168579916482784, 14.586656151083906, 0.0 ], [ 104.168520132281998, 14.58647281700496, 0.0 ], [ 104.16837685430292, 14.586533889559551, 0.0 ], [ 104.168213061004195, 14.586603982389812, 0.0 ], [ 104.168301436474067, 14.586770358557899, 0.0 ], [ 104.168535422465737, 14.586674398562129, 0.0 ] ] ] ] } },
{ "type": "Feature", "properties": { "Plang": "6", "Rawang": "5838III1012-14", "Rai": 0.0, "NGan": 0.0, "Wa": 91.0, "CardID": "3330500331938", "Name": "นายรุต บุตะเคียน", "ADD": "70 ถ. ซ. ม.12 บ.ห้วยยาง ต.ตะเคียนราม อ.ภูสิงห์ จ.ศรีสะเกษ" }, "geometry": { "type": "MultiPolygon", "coordinates": [ [ [ [ 104.168209000291228, 14.586693323551573, 0.0 ], [ 104.168151389008358, 14.586572598865525, 0.0 ], [ 104.167934251145354, 14.586636520012748, 0.0 ], [ 104.167977247346016, 14.586759762390946, 0.0 ], [ 104.168209000291228, 14.586693323551573, 0.0 ] ] ] ] } },
{ "type": "Feature", "properties": { "Plang": "5", "Rawang": "5838III1012-14", "Rai": 0.0, "NGan": 2.0, "Wa": 16.0, "CardID": "3330500216438", "Name": "นางคูณ พันธ์จันทร์", "ADD": "94 ถ. ซ. ม.12 บ. ต.ตะเคียนราม อ.ภูสิงห์ จ.ศรีสะเกษ" }, "geometry": { "type": "MultiPolygon", "coordinates": [ [ [ [ 104.168957382011627, 14.586717356326075, 0.0 ], [ 104.168872281100732, 14.586536248896145, 0.0 ], [ 104.168579916482784, 14.586656151083906, 0.0 ], [ 104.168535422465737, 14.586674398562129, 0.0 ], [ 104.16862522695817, 14.586854436007158, 0.0 ], [ 104.168957382011627, 14.586717356326075, 0.0 ] ] ] ] } },
{ "type": "Feature", "properties": { "Plang": "4", "Rawang": "5838III1012-14", "Rai": 0.0, "NGan": 1.0, "Wa": 34.0, "CardID": "2330500018077", "Name": "นางสาวอรยา สาลีวงษ์", "ADD": "170 ถ. ซ. ม.12 บ.ห้วยยาง ต.ตะเคียนราม อ.ภูสิงห์ จ.ศรีสะเกษ" }, "geometry": { "type": "MultiPolygon", "coordinates": [ [ [ [ 104.168435330997212, 14.58692522563541, 0.0 ], [ 104.168608129893627, 14.586861491911414, 0.0 ], [ 104.16862522695817, 14.586854436007158, 0.0 ], [ 104.168535422465737, 14.586674398562129, 0.0 ], [ 104.168301436474067, 14.586770358557899, 0.0 ], [ 104.168435330997212, 14.58692522563541, 0.0 ] ] ] ] } },
{ "type": "Feature", "properties": { "Plang": "2", "Rawang": "5838III1012-14", "Rai": 0.0, "NGan": 3.0, "Wa": 28.0, "CardID": "3330500332349", "Name": "นายสุพรรณ แพงมาก", "ADD": "65 ถ. ซ. ม.12 บ.ห้วยยาง ต.ตะเคียนราม อ.ภูสิงห์ จ.ศรีสะเกษ" }, "geometry": { "type": "MultiPolygon", "coordinates": [ [ [ [ 104.168768277008624, 14.587117202707377, 0.0 ], [ 104.169068031899855, 14.587040676403822, 0.0 ], [ 104.169018938143338, 14.586874210319708, 0.0 ], [ 104.168957382011627, 14.586717356326075, 0.0 ], [ 104.16862522695817, 14.586854436007158, 0.0 ], [ 104.168608129893627, 14.586861491911414, 0.0 ], [ 104.168768277008624, 14.587117202707377, 0.0 ] ] ] ] } },
{ "type": "Feature", "properties": { "Plang": "1", "Rawang": "5838III1012-14", "Rai": 0.0, "NGan": 1.0, "Wa": 34.0, "CardID": "3330500228584", "Name": "นายสวิต ตะเคียนเกลี้ยง", "ADD": "83 ถ. ซ. ม.12 บ.ห้วยยาง ต.ตะเคียนราม อ.ภูสิงห์ จ.ศรีสะเกษ" }, "geometry": { "type": "MultiPolygon", "coordinates": [ [ [ [ 104.168768277008624, 14.587117202707377, 0.0 ], [ 104.168608129893627, 14.586861491911414, 0.0 ], [ 104.168435330997212, 14.58692522563541, 0.0 ], [ 104.1685509345524, 14.587036867031321, 0.0 ], [ 104.168638229259926, 14.587164945670116, 0.0 ], [ 104.168768277008624, 14.587117202707377, 0.0 ] ] ] ] } },
{ "type": "Feature", "properties": { "Plang": "12", "Rawang": "5838III1012-10", "Rai": 0.0, "NGan": 2.0, "Wa": 35.0, "CardID": "3330500227928", "Name": "นางรวน บุญขาว", "ADD": "17 ถ. ซ. ม.12 บ.ห้วยยาง ต.ตะเคียนราม อ.ภูสิงห์ จ.ศรีสะเกษ" }, "geometry": { "type": "MultiPolygon", "coordinates": [ [ [ [ 104.168771294658214, 14.590372736784667, 0.0 ], [ 104.168754000488946, 14.59053048792026, 0.0 ], [ 104.168747192927185, 14.590559380384731, 0.0 ], [ 104.168883768312142, 14.590590978289891, 0.0 ], [ 104.16922887168549, 14.590568024108592, 0.0 ], [ 104.169190771920412, 14.590400596823466, 0.0 ], [ 104.169054268206281, 14.59042661942231, 0.0 ], [ 104.168771294658214, 14.590372736784667, 0.0 ] ] ] ] } },
{ "type": "Feature", "properties": { "Plang": "58", "Rawang": "5838III1012-10", "Rai": 0.0, "NGan": 0.0, "Wa": 93.0, "CardID": "2330500003070", "Name": "นางยัน ระบำบท", "ADD": "4 ถ. ซ. ม.12 บ.ห้วยยาง ต.ตะเคียนราม อ.ภูสิงห์ จ.ศรีสะเกษ" }, "geometry": { "type": "MultiPolygon", "coordinates": [ [ [ [ 104.169397605659995, 14.588104043129087, 0.0 ], [ 104.169400267995641, 14.588205211712955, 0.0 ], [ 104.169405344875173, 14.58829872274513, 0.0 ], [ 104.169554486731869, 14.588285290115376, 0.0 ], [ 104.169577346576389, 14.588100886992226, 0.0 ], [ 104.169397605659995, 14.588104043129087, 0.0 ] ] ] ] } },
{ "type": "Feature", "properties": { "Plang": "57", "Rawang": "5838III1012-10", "Rai": 0.0, "NGan": 0.0, "Wa": 72.0, "CardID": "5331700008399", "Name": "นางอึม บุญขาว", "ADD": "67 ถ. ซ. ม.12 บ.ห้วยยาง ต.ตะเคียนราม อ.ภูสิงห์ จ.ศรีสะเกษ" }, "geometry": { "type": "MultiPolygon", "coordinates": [ [ [ [ 104.169397605659995, 14.588104043129087, 0.0 ], [ 104.169269412216039, 14.588106294040267, 0.0 ], [ 104.169155358374383, 14.588125666366061, 0.0 ], [ 104.16916467571275, 14.588217272246782, 0.0 ], [ 104.169271731023628, 14.588210599907864, 0.0 ], [ 104.169400267995641, 14.588205211712955, 0.0 ], [ 104.169397605659995, 14.588104043129087, 0.0 ] ] ] ] } },
{ "type": "Feature", "properties": { "Plang": "55", "Rawang": "5838III1012-10", "Rai": 0.0, "NGan": 0.0, "Wa": 43.0, "CardID": "1330500011937", "Name": "นางจำลวย บุตะเคียน", "ADD": "18 ถ. ซ. ม.12 บ.ห้วยยาง ต.ตะเคียนราม อ.ภูสิงห์ จ.ศรีสะเกษ" }, "geometry": { "type": "MultiPolygon", "coordinates": [ [ [ [ 104.169271731023628, 14.588210599907864, 0.0 ], [ 104.16916467571275, 14.588217272246782, 0.0 ], [ 104.169172234011015, 14.588360205843065, 0.0 ], [ 104.169202255167619, 14.588350468914163, 0.0 ], [ 104.16927721273494, 14.588342783893976, 0.0 ], [ 104.169271731023628, 14.588210599907864, 0.0 ] ] ] ] } },
{ "type": "Feature", "properties": { "Plang": "56", "Rawang": "5838III1012-10", "Rai": 0.0, "NGan": 0.0, "Wa": 61.0, "CardID": "3330500236366", "Name": "นางแดด ธรรมพร", "ADD": "41 ถ. ซ. ม.12 บ.ห้วยยาง ต.ตะเคียนราม อ.ภูสิงห์ จ.ศรีสะเกษ" }, "geometry": { "type": "MultiPolygon", "coordinates": [ [ [ [ 104.16927721273494, 14.588342783893976, 0.0 ], [ 104.169361863982388, 14.588342398124459, 0.0 ], [ 104.169405770102827, 14.58832229190036, 0.0 ], [ 104.169552686564472, 14.588310565647706, 0.0 ], [ 104.169554486731869, 14.588285290115376, 0.0 ], [ 104.169405344875173, 14.58829872274513, 0.0 ], [ 104.169400267995641, 14.588205211712955, 0.0 ], [ 104.169271731023628, 14.588210599907864, 0.0 ], [ 104.16927721273494, 14.588342783893976, 0.0 ] ] ] ] } },
{ "type": "Feature", "properties": { "Plang": "37", "Rawang": "5838III1012-10", "Rai": 0.0, "NGan": 0.0, "Wa": 44.0, "CardID": "3330500269108", "Name": "นางสาวดา ชูชื่น", "ADD": "88 ถ. ซ. ม.12 บ.ห้วยยาง ต.ตะเคียนราม อ.ภูสิงห์ จ.ศรีสะเกษ" }, "geometry": { "type": "MultiPolygon", "coordinates": [ [ [ [ 104.16927721273494, 14.588342783893976, 0.0 ], [ 104.169269657685589, 14.588496354540409, 0.0 ], [ 104.169371221461446, 14.588497443702101, 0.0 ], [ 104.169370766880817, 14.588429254609533, 0.0 ], [ 104.169361863982388, 14.588342398124459, 0.0 ], [ 104.16927721273494, 14.588342783893976, 0.0 ] ] ] ] } },
{ "type": "Feature", "properties": { "Plang": "38", "Rawang": "5838III1012-10", "Rai": 0.0, "NGan": 0.0, "Wa": 46.0, "CardID": "3330500238121", "Name": "นางตา บุตะเคียน", "ADD": "112 ถ. ซ. ม.12 บ. ต.ตะเคียนราม อ.ภูสิงห์ จ.ศรีสะเกษ" }, "geometry": { "type": "MultiPolygon", "coordinates": [ [ [ [ 104.169161965710117, 14.588493858161934, 0.0 ], [ 104.169269657685589, 14.588496354540409, 0.0 ], [ 104.16927721273494, 14.588342783893976, 0.0 ], [ 104.169202255167619, 14.588350468914163, 0.0 ], [ 104.169172234011015, 14.588360205843065, 0.0 ], [ 104.169161965710117, 14.588493858161934, 0.0 ] ] ] ] } },
{ "type": "Feature", "properties": { "Plang": "39", "Rawang": "5838III1012-10", "Rai": 0.0, "NGan": 0.0, "Wa": 33.0, "CardID": "2330500003045", "Name": "นางสาวมุด บุตะเคียน", "ADD": "18/1 ถ. ซ. ม.12 บ. ต.ตะเคียนราม อ.ภูสิงห์ จ.ศรีสะเกษ" }, "geometry": { "type": "MultiPolygon", "coordinates": [ [ [ [ 104.169272065066551, 14.588493947126722, 0.0 ], [ 104.169257834270411, 14.588592972758754, 0.0 ], [ 104.169371950739716, 14.588603332280025, 0.0 ], [ 104.16937362884093, 14.588495036287723, 0.0 ], [ 104.169272065066551, 14.588493947126722, 0.0 ] ] ] ] } },
{ "type": "Feature", "properties": { "Plang": "40", "Rawang": "5838III1012-10", "Rai": 0.0, "NGan": 0.0, "Wa": 55.0, "CardID": "1330500011937", "Name": "นางจำลวย บุตะเคียน", "ADD": "18 ถ. ซ. ม.12 บ.ห้วยยาง ต.ตะเคียนราม อ.ภูสิงห์ จ.ศรีสะเกษ" }, "geometry": { "type": "MultiPolygon", "coordinates": [ [ [ [ 104.169161965710117, 14.588493858161934, 0.0 ], [ 104.169130307806356, 14.588589372165687, 0.0 ], [ 104.169247471454113, 14.588698414435827, 0.0 ], [ 104.169255426888526, 14.588595380172684, 0.0 ], [ 104.169269657685589, 14.588496354540409, 0.0 ], [ 104.169161965710117, 14.588493858161934, 0.0 ] ] ] ] } },
{ "type": "Feature", "properties": { "Plang": "41", "Rawang": "5838III1012-10", "Rai": 0.0, "NGan": 0.0, "Wa": 55.0, "CardID": "1331700034915", "Name": "นางสาวนิภา วงษ์ขันธ์", "ADD": "52 ถ. ซ. ม.12 บ.ห้วยยาง ต.ตะเคียนราม อ.ภูสิงห์ จ.ศรีสะเกษ" }, "geometry": { "type": "MultiPolygon", "coordinates": [ [ [ [ 104.169172234011015, 14.588360205843065, 0.0 ], [ 104.169103183302511, 14.58839086627251, 0.0 ], [ 104.169111120118302, 14.588413833673449, 0.0 ], [ 104.169016970319603, 14.588449549560098, 0.0 ], [ 104.169130307806356, 14.588589372165687, 0.0 ], [ 104.169161965710117, 14.588493858161934, 0.0 ], [ 104.169172234011015, 14.588360205843065, 0.0 ] ] ] ] } },
{ "type": "Feature", "properties": { "Plang": "51", "Rawang": "5838III1012-10", "Rai": 0.0, "NGan": 0.0, "Wa": 43.0, "CardID": "5331700003443", "Name": "นางสาวสกุล ชูชื่น", "ADD": "96 ถ. ซ. ม.12 บ.ห้วยยาง ต.ตะเคียนราม อ.ภูสิงห์ จ.ศรีสะเกษ" }, "geometry": { "type": "MultiPolygon", "coordinates": [ [ [ [ 104.168950380636005, 14.588221399606569, 0.0 ], [ 104.168829803007981, 14.588219155423408, 0.0 ], [ 104.168843882931512, 14.588315149589963, 0.0 ], [ 104.168898835280089, 14.588365131923029, 0.0 ], [ 104.168950218055173, 14.58835139120824, 0.0 ], [ 104.168950380636005, 14.588221399606569, 0.0 ] ] ] ] } },
{ "type": "Feature", "properties": { "Plang": "53", "Rawang": "5838III1012-10", "Rai": 0.0, "NGan": 0.0, "Wa": 64.0, "CardID": "3330500238113", "Name": "นางสมบูรณ์ ศรีจันทร์", "ADD": "35 ถ. ซ. ม.12 บ. ต.ตะเคียนราม อ.ภูสิงห์ จ.ศรีสะเกษ" }, "geometry": { "type": "MultiPolygon", "coordinates": [ [ [ [ 104.169065922234992, 14.588243019267066, 0.0 ], [ 104.168982831023925, 14.588241845479402, 0.0 ], [ 104.168950380636005, 14.588221399606569, 0.0 ], [ 104.168950218055173, 14.58835139120824, 0.0 ], [ 104.168898835280089, 14.588365131923029, 0.0 ], [ 104.168987083472601, 14.588437125635938, 0.0 ], [ 104.16905076739954, 14.588414140367258, 0.0 ], [ 104.169065922234992, 14.588243019267066, 0.0 ] ] ] ] } },
{ "type": "Feature", "properties": { "Plang": "54", "Rawang": "5838III1012-10", "Rai": 0.0, "NGan": 0.0, "Wa": 78.0, "CardID": "2331700002019", "Name": "นางสมัน ศรีลาชัย", "ADD": "70 ถ. ซ. ม.12 บ.ห้วยยาง ต.ตะเคียนราม อ.ภูสิงห์ จ.ศรีสะเกษ" }, "geometry": { "type": "MultiPolygon", "coordinates": [ [ [ [ 104.169075812808046, 14.588131339491765, 0.0 ], [ 104.169065922234992, 14.588243019267066, 0.0 ], [ 104.16905076739954, 14.588414140367258, 0.0 ], [ 104.169103183302511, 14.58839086627251, 0.0 ], [ 104.169172234011015, 14.588360205843065, 0.0 ], [ 104.16916467571275, 14.588217272246782, 0.0 ], [ 104.169155358374383, 14.588125666366061, 0.0 ], [ 104.169075812808046, 14.588131339491765, 0.0 ] ] ] ] } },
{ "type": "Feature", "properties": { "Plang": "52", "Rawang": "5838III1012-10", "Rai": 0.0, "NGan": 0.0, "Wa": 60.0, "CardID": "3330500239071", "Name": "นายคำ ธรรมพร", "ADD": "53 ถ. ซ. ม.12 บ.ห้วยยาง ต.ตะเคียนราม อ.ภูสิงห์ จ.ศรีสะเกษ" }, "geometry": { "type": "MultiPolygon", "coordinates": [ [ [ [ 104.169007121141988, 14.588150844735759, 0.0 ], [ 104.168822978465698, 14.58814933964082, 0.0 ], [ 104.168829803007981, 14.588219155423408, 0.0 ], [ 104.168950380636005, 14.588221399606569, 0.0 ], [ 104.168982831023925, 14.588241845479402, 0.0 ], [ 104.169065922234992, 14.588243019267066, 0.0 ], [ 104.169075812808046, 14.588131339491765, 0.0 ], [ 104.169007121141988, 14.588150844735759, 0.0 ] ] ] ] } },
{ "type": "Feature", "properties": { "Plang": "65", "Rawang": "5838III1012-10", "Rai": 0.0, "NGan": 0.0, "Wa": 68.0, "CardID": "3330500238253", "Name": "นางสายแก้ว บุตะเคียน", "ADD": "33 ถ. ซ. ม.12 บ. ต.ตะเคียนราม อ.ภูสิงห์ จ.ศรีสะเกษ" }, "geometry": { "type": "MultiPolygon", "coordinates": [ [ [ [ 104.169002585926478, 14.588036342169934, 0.0 ], [ 104.168798972488474, 14.588027782371059, 0.0 ], [ 104.168822978465698, 14.58814933964082, 0.0 ], [ 104.169007121141988, 14.588150844735759, 0.0 ], [ 104.169002585926478, 14.588036342169934, 0.0 ] ] ] ] } },
{ "type": "Feature", "properties": { "Plang": "64", "Rawang": "5838III1012-10", "Rai": 0.0, "NGan": 2.0, "Wa": 30.0, "CardID": "3330500238849", "Name": "นางสาวพัด บุตะเคียน", "ADD": "118 ถ. ซ. ม.12 บ.ห้วยยาง ต.ตะเคียนราม อ.ภูสิงห์ จ.ศรีสะเกษ" }, "geometry": { "type": "MultiPolygon", "coordinates": [ [ [ [ 104.16923814571426, 14.587848740016968, 0.0 ], [ 104.169013148172752, 14.58778153298287, 0.0 ], [ 104.169004461917538, 14.587914823978405, 0.0 ], [ 104.169002585926478, 14.588036342169934, 0.0 ], [ 104.169007121141988, 14.588150844735759, 0.0 ], [ 104.169075812808046, 14.588131339491765, 0.0 ], [ 104.169155358374383, 14.588125666366061, 0.0 ], [ 104.169269412216039, 14.588106294040267, 0.0 ], [ 104.16923814571426, 14.587848740016968, 0.0 ] ] ] ] } },
{ "type": "Feature", "properties": { "Plang": "66", "Rawang": "5838III1012-10", "Rai": 0.0, "NGan": 0.0, "Wa": 77.0, "CardID": "3330500238229", "Name": "นางไสทิน บุญขาว", "ADD": "122 ถ. ซ. ม.12 บ. ต.ตะเคียนราม อ.ภูสิงห์ จ.ศรีสะเกษ" }, "geometry": { "type": "MultiPolygon", "coordinates": [ [ [ [ 104.168798972488474, 14.588027782371059, 0.0 ], [ 104.169002585926478, 14.588036342169934, 0.0 ], [ 104.169004461917538, 14.587914823978405, 0.0 ], [ 104.168784264967613, 14.587905756321039, 0.0 ], [ 104.168798972488474, 14.588027782371059, 0.0 ] ] ] ] } },
{ "type": "Feature", "properties": { "Plang": "67", "Rawang": "5838III1012-10", "Rai": 0.0, "NGan": 1.0, "Wa": 3.0, "CardID": "3330500238245", "Name": "นางอุไร แก่นเกษ", "ADD": "69 ถ. ซ. ม.12 บ. ต.ตะเคียนราม อ.ภูสิงห์ จ.ศรีสะเกษ" }, "geometry": { "type": "MultiPolygon", "coordinates": [ [ [ [ 104.169004461917538, 14.587914823978405, 0.0 ], [ 104.169013148172752, 14.58778153298287, 0.0 ], [ 104.168781258376455, 14.587734028061641, 0.0 ], [ 104.168784264967613, 14.587905756321039, 0.0 ], [ 104.169004461917538, 14.587914823978405, 0.0 ] ] ] ] } },
{ "type": "Feature", "properties": { "Plang": "85", "Rawang": "5838III1012-10", "Rai": 0.0, "NGan": 3.0, "Wa": 69.0, "CardID": "3330500237729", "Name": "นางสาวจันทรา บุตะเคียน", "ADD": "75/1 ถ. ซ. ม.12 บ. ต.ตะเคียนราม อ.ภูสิงห์ จ.ศรีสะเกษ" }, "geometry": { "type": "MultiPolygon", "coordinates": [ [ [ [ 104.169548943433568, 14.587269595171, 0.0 ], [ 104.169548334994118, 14.586965043259683, 0.0 ], [ 104.169125408467664, 14.586966086785694, 0.0 ], [ 104.169148611658201, 14.587263174300841, 0.0 ], [ 104.169548943433568, 14.587269595171, 0.0 ] ] ] ] } },
{ "type": "Feature", "properties": { "Plang": "83", "Rawang": "5838III1012-10", "Rai": 0.0, "NGan": 1.0, "Wa": 88.0, "CardID": "3330500237699", "Name": "นายวีระนิต บุตะเคียน", "ADD": "43 ถ. ซ. ม.5 บ. ต.ห้วยตึ๊กชู อ.ภูสิงห์ จ.ศรีสะเกษ" }, "geometry": { "type": "MultiPolygon", "coordinates": [ [ [ [ 104.169548943433568, 14.587269595171, 0.0 ], [ 104.169148611658201, 14.587263174300841, 0.0 ], [ 104.169138997274629, 14.587418976317743, 0.0 ], [ 104.169527709450463, 14.587433511890755, 0.0 ], [ 104.169548943433568, 14.587269595171, 0.0 ] ] ] ] } },
{ "type": "Feature", "properties": { "Plang": "81", "Rawang": "5838III1012-10", "Rai": 0.0, "NGan": 2.0, "Wa": 0.0, "CardID": "5330500044340", "Name": "นางสำรวย บุตะเคียน", "ADD": "75/1 ถ. ซ. ม.12 บ. ต.ตะเคียนราม อ.ภูสิงห์ จ.ศรีสะเกษ" }, "geometry": { "type": "MultiPolygon", "coordinates": [ [ [ [ 104.169502097451954, 14.587634737409852, 0.0 ], [ 104.169527709450463, 14.587433511890755, 0.0 ], [ 104.169138997274629, 14.587418976317743, 0.0 ], [ 104.169135088586955, 14.587575185565955, 0.0 ], [ 104.169324095838078, 14.587601130096376, 0.0 ], [ 104.169502097451954, 14.587634737409852, 0.0 ] ] ] ] } },
{ "type": "Feature", "properties": { "Plang": "74", "Rawang": "5838III1012-10", "Rai": 0.0, "NGan": 0.0, "Wa": 87.0, "CardID": "3330500331920", "Name": "นางสาวสุบิน บุตะเคียน", "ADD": "70 ถ. ซ. ม.12 บ.ห้วยยาง ต.ตะเคียนราม อ.ภูสิงห์ จ.ศรีสะเกษ" }, "geometry": { "type": "MultiPolygon", "coordinates": [ [ [ [ 104.169324095838078, 14.587601130096376, 0.0 ], [ 104.169135088586955, 14.587575185565955, 0.0 ], [ 104.169139328417728, 14.587729313449358, 0.0 ], [ 104.169302108750003, 14.587775222820818, 0.0 ], [ 104.169324095838078, 14.587601130096376, 0.0 ] ] ] ] } },
{ "type": "Feature", "properties": { "Plang": "75", "Rawang": "5838III1012-10", "Rai": 0.0, "NGan": 0.0, "Wa": 79.0, "CardID": "1330500098838", "Name": "นางสาวพินิจ บุตะเคียน", "ADD": "38 ถ. ซ. ม.12 บ.ห้วยยาง ต.ตะเคียนราม อ.ภูสิงห์ จ.ศรีสะเกษ" }, "geometry": { "type": "MultiPolygon", "coordinates": [ [ [ [ 104.168919328975818, 14.587531186489766, 0.0 ], [ 104.16889390802227, 14.587674420686355, 0.0 ], [ 104.169018704236933, 14.587702420614692, 0.0 ], [ 104.169066207343747, 14.587673075932855, 0.0 ], [ 104.169077802850254, 14.587525284519186, 0.0 ], [ 104.168919328975818, 14.587531186489766, 0.0 ] ] ] ] } },
{ "type": "Feature", "properties": { "Plang": "77", "Rawang": "5838III1012-10", "Rai": 0.0, "NGan": 0.0, "Wa": 69.0, "CardID": "3330500236374", "Name": "นางเมือง พงษ์ละคร", "ADD": "57 ถ. ซ. ม.12 บ.ห้วยยาง ต.ตะเคียนราม อ.ภูสิงห์ จ.ศรีสะเกษ" }, "geometry": { "type": "MultiPolygon", "coordinates": [ [ [ [ 104.169077802850254, 14.587525284519186, 0.0 ], [ 104.169083819008094, 14.587401606937666, 0.0 ], [ 104.168857429654508, 14.587415622098685, 0.0 ], [ 104.168919328975818, 14.587531186489766, 0.0 ], [ 104.169077802850254, 14.587525284519186, 0.0 ] ] ] ] } },
{ "type": "Feature", "properties": { "Plang": "76", "Rawang": "5838III1012-10", "Rai": 0.0, "NGan": 1.0, "Wa": 12.0, "CardID": "1330500210018", "Name": "นางสาวยุพเยาว์ บุตะเคียน", "ADD": "38 ถ. ซ. ม.12 บ.ห้วยยาง ต.ตะเคียนราม อ.ภูสิงห์ จ.ศรีสะเกษ" }, "geometry": { "type": "MultiPolygon", "coordinates": [ [ [ [ 104.168857429654508, 14.587415622098685, 0.0 ], [ 104.168710775548874, 14.587423149983906, 0.0 ], [ 104.168764245901443, 14.587634738936355, 0.0 ], [ 104.16889390802227, 14.587674420686355, 0.0 ], [ 104.168919328975818, 14.587531186489766, 0.0 ], [ 104.168857429654508, 14.587415622098685, 0.0 ] ] ] ] } },
{ "type": "Feature", "properties": { "Plang": "78", "Rawang": "5838III1012-10", "Rai": 0.0, "NGan": 0.0, "Wa": 54.0, "CardID": "3330500269108", "Name": "นางสาวดา ชูชื่น", "ADD": "88 ถ. ซ. ม.12 บ.ห้วยยาง ต.ตะเคียนราม อ.ภูสิงห์ จ.ศรีสะเกษ" }, "geometry": { "type": "MultiPolygon", "coordinates": [ [ [ [ 104.168710775548874, 14.587423149983906, 0.0 ], [ 104.168857429654508, 14.587415622098685, 0.0 ], [ 104.168842289041351, 14.587286024043351, 0.0 ], [ 104.168683875381049, 14.587320018099149, 0.0 ], [ 104.168710775548874, 14.587423149983906, 0.0 ] ] ] ] } },
{ "type": "Feature", "properties": { "Plang": "79", "Rawang": "5838III1012-10", "Rai": 0.0, "NGan": 1.0, "Wa": 91.0, "CardID": "3330500239021", "Name": "นางลำไพ บุตะเคียน", "ADD": "121 ถ. ซ. ม.12 บ.ห้วยยาง ต.ตะเคียนราม อ.ภูสิงห์ จ.ศรีสะเกษ" }, "geometry": { "type": "MultiPolygon", "coordinates": [ [ [ [ 104.169084780453815, 14.587162411320397, 0.0 ], [ 104.168665271581375, 14.587253479686533, 0.0 ], [ 104.168683875381049, 14.587320018099149, 0.0 ], [ 104.168842289041351, 14.587286024043351, 0.0 ], [ 104.168857429654508, 14.587415622098685, 0.0 ], [ 104.169083819008094, 14.587401606937666, 0.0 ], [ 104.169084780453815, 14.587162411320397, 0.0 ] ] ] ] } },
{ "type": "Feature", "properties": { "Plang": "80", "Rawang": "5838III1012-10", "Rai": 0.0, "NGan": 1.0, "Wa": 46.0, "CardID": "2331700003244", "Name": "นางสาวไอ บุตะเคียน", "ADD": "101 ถ. ซ. ม.12 บ.ห้วยยาง ต.ตะเคียนราม อ.ภูสิงห์ จ.ศรีสะเกษ" }, "geometry": { "type": "MultiPolygon", "coordinates": [ [ [ [ 104.169084780453815, 14.587162411320397, 0.0 ], [ 104.169068031899855, 14.587040676403822, 0.0 ], [ 104.168768277008624, 14.587117202707377, 0.0 ], [ 104.168638229259926, 14.587164945670116, 0.0 ], [ 104.168665271581375, 14.587253479686533, 0.0 ], [ 104.169084780453815, 14.587162411320397, 0.0 ] ] ] ] } },
{ "type": "Feature", "properties": { "Plang": "72", "Rawang": "5838III1012-10", "Rai": 0.0, "NGan": 1.0, "Wa": 8.0, "CardID": "3330500333353", "Name": "นางสุดารัตน์ เสดา", "ADD": "89 ถ. ซ. ม.12 บ. ต.ตะเคียนราม อ.ภูสิงห์ จ.ศรีสะเกษ" }, "geometry": { "type": "MultiPolygon", "coordinates": [ [ [ [ 104.169657693454425, 14.587873692021892, 0.0 ], [ 104.169692029719471, 14.58769403933559, 0.0 ], [ 104.169502097451954, 14.587634737409852, 0.0 ], [ 104.169469570500283, 14.587820623383239, 0.0 ], [ 104.169657693454425, 14.587873692021892, 0.0 ] ] ] ] } },
{ "type": "Feature", "properties": { "Plang": "73", "Rawang": "5838III1012-10", "Rai": 0.0, "NGan": 0.0, "Wa": 96.0, "CardID": "2330500003053", "Name": "นางสาวสุริยา บุตะเคียน", "ADD": "106 ถ. ซ. ม.12 บ. ต.ตะเคียนราม อ.ภูสิงห์ จ.ศรีสะเกษ" }, "geometry": { "type": "MultiPolygon", "coordinates": [ [ [ [ 104.169469570500283, 14.587820623383239, 0.0 ], [ 104.169502097451954, 14.587634737409852, 0.0 ], [ 104.169324095838078, 14.587601130096376, 0.0 ], [ 104.169302108750003, 14.587775222820818, 0.0 ], [ 104.169469570500283, 14.587820623383239, 0.0 ] ] ] ] } },
{ "type": "Feature", "properties": { "Plang": "63", "Rawang": "5838III1012-10", "Rai": 0.0, "NGan": 1.0, "Wa": 99.0, "CardID": "3330500238601", "Name": "นายโน้ว คำแมน", "ADD": "37 ถ. ซ. ม.12 บ. ต.ตะเคียนราม อ.ภูสิงห์ จ.ศรีสะเกษ" }, "geometry": { "type": "MultiPolygon", "coordinates": [ [ [ [ 104.169269412216039, 14.588106294040267, 0.0 ], [ 104.169397605659995, 14.588104043129087, 0.0 ], [ 104.169577346576389, 14.588100886992226, 0.0 ], [ 104.169588189390979, 14.587950206808603, 0.0 ], [ 104.16923814571426, 14.587848740016968, 0.0 ], [ 104.169269412216039, 14.588106294040267, 0.0 ] ] ] ] } },
{ "type": "Feature", "properties": { "Plang": "62", "Rawang": "5838III1012-10", "Rai": 0.0, "NGan": 0.0, "Wa": 52.0, "CardID": "3330500238296", "Name": "นางติม ใจศรี", "ADD": "86 ถ. ซ. ม.12 บ.ห้วยยาง ต.ตะเคียนราม อ.ภูสิงห์ จ.ศรีสะเกษ" }, "geometry": { "type": "MultiPolygon", "coordinates": [ [ [ [ 104.169674157844824, 14.588079911744257, 0.0 ], [ 104.169798845490888, 14.58807839280159, 0.0 ], [ 104.169875269018362, 14.588076167289612, 0.0 ], [ 104.169878999359696, 14.588015714855402, 0.0 ], [ 104.169696408220943, 14.587963826946181, 0.0 ], [ 104.169674157844824, 14.588079911744257, 0.0 ] ] ] ] } },
{ "type": "Feature", "properties": { "Plang": "61", "Rawang": "5838III1012-10", "Rai": 0.0, "NGan": 0.0, "Wa": 27.0, "CardID": "2331700002019", "Name": "นางสมัน ศรีลาชัย", "ADD": "70 ถ. ซ. ม.12 บ.ห้วยยาง ต.ตะเคียนราม อ.ภูสิงห์ จ.ศรีสะเกษ" }, "geometry": { "type": "MultiPolygon", "coordinates": [ [ [ [ 104.169654492584812, 14.588145044947229, 0.0 ], [ 104.169800001715799, 14.588145231290692, 0.0 ], [ 104.169798845490888, 14.58807839280159, 0.0 ], [ 104.169674157844824, 14.588079911744257, 0.0 ], [ 104.169654492584812, 14.588145044947229, 0.0 ] ] ] ] } },
{ "type": "Feature", "properties": { "Plang": "60", "Rawang": "5838III1012-10", "Rai": 0.0, "NGan": 0.0, "Wa": 31.0, "CardID": "2330500003606", "Name": "นายประภาส ศรีลาชัย", "ADD": "56 ถ. ซ. ม.1 บ.ตะเคียนรามตะวันออก ต.ตะเคียนราม อ.ภูสิงห์ จ.ศรีสะเกษ" }, "geometry": { "type": "MultiPolygon", "coordinates": [ [ [ [ 104.169649087334761, 14.588220413122936, 0.0 ], [ 104.169811728254317, 14.588205929682838, 0.0 ], [ 104.169800001715799, 14.588145231290692, 0.0 ], [ 104.169654492584812, 14.588145044947229, 0.0 ], [ 104.169649087334761, 14.588220413122936, 0.0 ] ] ] ] } },
{ "type": "Feature", "properties": { "Plang": "59", "Rawang": "5838III1012-10", "Rai": 0.0, "NGan": 0.0, "Wa": 38.0, "CardID": "1330500152247", "Name": "นางสาวพรรณี อุดรพันธ์", "ADD": "62 ถ. ซ. ม.12 บ.ห้วยยาง ต.ตะเคียนราม อ.ภูสิงห์ จ.ศรีสะเกษ" }, "geometry": { "type": "MultiPolygon", "coordinates": [ [ [ [ 104.169635819310628, 14.588302131291989, 0.0 ], [ 104.169790580735622, 14.588274908426405, 0.0 ], [ 104.169825300210036, 14.588268801181471, 0.0 ], [ 104.169811728254317, 14.588205929682838, 0.0 ], [ 104.169649087334761, 14.588220413122936, 0.0 ], [ 104.169635819310628, 14.588302131291989, 0.0 ] ] ] ] } },
{ "type": "Feature", "properties": { "Plang": "35", "Rawang": "5838III1012-10", "Rai": 0.0, "NGan": 1.0, "Wa": 80.0, "CardID": "3330500239225", "Name": "นายพา บุตะเคียน", "ADD": "22 ถ. ซ. ม.12 บ. ต.ตะเคียนราม อ.ภูสิงห์ จ.ศรีสะเกษ" }, "geometry": { "type": "MultiPolygon", "coordinates": [ [ [ [ 104.169790580735622, 14.588274908426405, 0.0 ], [ 104.169635819310628, 14.588302131291989, 0.0 ], [ 104.169605410192048, 14.588598178622597, 0.0 ], [ 104.169705393005927, 14.588597604354657, 0.0 ], [ 104.169733839689982, 14.588567839253365, 0.0 ], [ 104.169876918640838, 14.588486727737438, 0.0 ], [ 104.169790580735622, 14.588274908426405, 0.0 ] ] ] ] } },
{ "type": "Feature", "properties": { "Plang": "34", "Rawang": "5838III1012-10", "Rai": 0.0, "NGan": 1.0, "Wa": 83.0, "CardID": "3330500238318", "Name": "นางสาวสบด เสาร์สา", "ADD": "63 ถ. ซ. ม.12 บ.ห้วยยาง ต.ตะเคียนราม อ.ภูสิงห์ จ.ศรีสะเกษ" }, "geometry": { "type": "MultiPolygon", "coordinates": [ [ [ [ 104.169890006616441, 14.5887512630496, 0.0 ], [ 104.170020553246445, 14.588641090825448, 0.0 ], [ 104.169935068380269, 14.58845846135055, 0.0 ], [ 104.169876918640838, 14.588486727737438, 0.0 ], [ 104.169733839689982, 14.588567839253365, 0.0 ], [ 104.169705393005927, 14.588597604354657, 0.0 ], [ 104.169693982232118, 14.588620529966377, 0.0 ], [ 104.169740271796329, 14.5886735796023, 0.0 ], [ 104.169750082428138, 14.588749454530012, 0.0 ], [ 104.169763061151883, 14.588750151035374, 0.0 ], [ 104.169765493533134, 14.588783706445012, 0.0 ], [ 104.169890006616441, 14.5887512630496, 0.0 ] ] ] ] } },
{ "type": "Feature", "properties": { "Plang": "32", "Rawang": "5838III1012-10", "Rai": 0.0, "NGan": 0.0, "Wa": 81.0, "CardID": "3330500473601", "Name": "นางสาวอ้อย เสาว์สา", "ADD": "78 ถ. ซ. ม.12 บ.ห้วยยาง ต.ตะเคียนราม อ.ภูสิงห์ จ.ศรีสะเกษ" }, "geometry": { "type": "MultiPolygon", "coordinates": [ [ [ [ 104.169750082428138, 14.588749454530012, 0.0 ], [ 104.169578143524006, 14.588740227332071, 0.0 ], [ 104.169518815674891, 14.588873925422519, 0.0 ], [ 104.169640748253087, 14.588901451963736, 0.0 ], [ 104.169681416668766, 14.588853368762424, 0.0 ], [ 104.169754185954304, 14.588839244596727, 0.0 ], [ 104.169765493533134, 14.588783706445012, 0.0 ], [ 104.169763061151883, 14.588750151035374, 0.0 ], [ 104.169750082428138, 14.588749454530012, 0.0 ] ] ] ] } },
{ "type": "Feature", "properties": { "Plang": "31", "Rawang": "5838III1012-10", "Rai": 0.0, "NGan": 0.0, "Wa": 76.0, "CardID": "3330500229581", "Name": "นางวิไล ตะเคียนเกลี้ยง", "ADD": "85 ถ. ซ. ม.12 บ.ห้วยยาง ต.ตะเคียนราม อ.ภูสิงห์ จ.ศรีสะเกษ" }, "geometry": { "type": "MultiPolygon", "coordinates": [ [ [ [ 104.169904821364369, 14.588839153318768, 0.0 ], [ 104.169893428491264, 14.588817970196054, 0.0 ], [ 104.169890006616441, 14.5887512630496, 0.0 ], [ 104.169765493533134, 14.588783706445012, 0.0 ], [ 104.169754185954304, 14.588839244596727, 0.0 ], [ 104.169820957964802, 14.588978086299743, 0.0 ], [ 104.169929658843515, 14.588930953951801, 0.0 ], [ 104.169904821364369, 14.588839153318768, 0.0 ] ] ] ] } },
{ "type": "Feature", "properties": { "Plang": "68", "Rawang": "5838III1012-10", "Rai": 0.0, "NGan": 2.0, "Wa": 14.0, "CardID": "3330500229360", "Name": "นางสุวน ศรชัย", "ADD": "93/1 ถ. ซ. ม.12 บ. ต.ตะเคียนราม อ.ภูสิงห์ จ.ศรีสะเกษ" }, "geometry": { "type": "MultiPolygon", "coordinates": [ [ [ [ 104.168517384901477, 14.588014981091574, 0.0 ], [ 104.168544485197842, 14.588011650737325, 0.0 ], [ 104.168763681657666, 14.588000070463046, 0.0 ], [ 104.168709091645184, 14.587694006234278, 0.0 ], [ 104.168529245534643, 14.587641394823867, 0.0 ], [ 104.168522343063799, 14.587856647952524, 0.0 ], [ 104.168517384901477, 14.588014981091574, 0.0 ] ] ] ] } },
{ "type": "Feature", "properties": { "Plang": "70", "Rawang": "5838III1012-10", "Rai": 0.0, "NGan": 2.0, "Wa": 33.0, "CardID": "3330500229394", "Name": "นางสาวสุฤทธิ์ แก้วมนตรี", "ADD": "55 ถ. ซ. ม.12 บ.ห้วยยาง ต.ตะเคียนราม อ.ภูสิงห์ จ.ศรีสะเกษ" }, "geometry": { "type": "MultiPolygon", "coordinates": [ [ [ [ 104.168522343063799, 14.587856647952524, 0.0 ], [ 104.168529245534643, 14.587641394823867, 0.0 ], [ 104.168198840633949, 14.587622699119978, 0.0 ], [ 104.168162275257657, 14.587661799427247, 0.0 ], [ 104.168193244980941, 14.587857242623272, 0.0 ], [ 104.168522343063799, 14.587856647952524, 0.0 ] ] ] ] } },
{ "type": "Feature", "properties": { "Plang": "69", "Rawang": "5838III1012-10", "Rai": 0.0, "NGan": 1.0, "Wa": 73.0, "CardID": "1330500066723", "Name": "นางสาวสุภาภรณ์ ศรีมุม", "ADD": "127 ถ. ซ. ม.12 บ.ห้วยยาง ต.ตะเคียนราม อ.ภูสิงห์ จ.ศรีสะเกษ" }, "geometry": { "type": "MultiPolygon", "coordinates": [ [ [ [ 104.168517384901477, 14.588014981091574, 0.0 ], [ 104.168522343063799, 14.587856647952524, 0.0 ], [ 104.168193244980941, 14.587857242623272, 0.0 ], [ 104.16824042651379, 14.588077484665861, 0.0 ], [ 104.168517384901477, 14.588014981091574, 0.0 ] ] ] ] } },
{ "type": "Feature", "properties": { "Plang": "50", "Rawang": "5838III1012-10", "Rai": 0.0, "NGan": 1.0, "Wa": 99.0, "CardID": "3330500238938", "Name": "นางเบียน บุตะเคียน", "ADD": "10 ถ. ซ. ม.12 บ.ห้วยยาง ต.ตะเคียนราม อ.ภูสิงห์ จ.ศรีสะเกษ" }, "geometry": { "type": "MultiPolygon", "coordinates": [ [ [ [ 104.168544485197842, 14.588011650737325, 0.0 ], [ 104.168584290148303, 14.588318977001578, 0.0 ], [ 104.168807325994024, 14.588288329202223, 0.0 ], [ 104.168763681657666, 14.588000070463046, 0.0 ], [ 104.168544485197842, 14.588011650737325, 0.0 ] ] ] ] } },
{ "type": "Feature", "properties": { "Plang": "49", "Rawang": "5838III1012-10", "Rai": 0.0, "NGan": 2.0, "Wa": 57.0, "CardID": "3330500229629", "Name": "นางสำเนียง ศรีนาค", "ADD": "10 ถ. ซ. ม.12 บ. ต.ตะเคียนราม อ.ภูสิงห์ จ.ศรีสะเกษ" }, "geometry": { "type": "MultiPolygon", "coordinates": [ [ [ [ 104.168517384901477, 14.588014981091574, 0.0 ], [ 104.16824042651379, 14.588077484665861, 0.0 ], [ 104.168297944810746, 14.588337583218586, 0.0 ], [ 104.168584290148303, 14.588318977001578, 0.0 ], [ 104.168544485197842, 14.588011650737325, 0.0 ], [ 104.168517384901477, 14.588014981091574, 0.0 ] ] ] ] } },
{ "type": "Feature", "properties": { "Plang": "43", "Rawang": "5838III1012-10", "Rai": 0.0, "NGan": 1.0, "Wa": 74.0, "CardID": "3330500237346", "Name": "นายศรีธาตุ บุตะเคียน", "ADD": "39 ถ. ซ. ม.12 บ.ห้วยยาง ต.ตะเคียนราม อ.ภูสิงห์ จ.ศรีสะเกษ" }, "geometry": { "type": "MultiPolygon", "coordinates": [ [ [ [ 104.168388157708563, 14.588600510572775, 0.0 ], [ 104.168665315247551, 14.588550711097882, 0.0 ], [ 104.168639854584882, 14.588359200513237, 0.0 ], [ 104.168340218200342, 14.588399130107991, 0.0 ], [ 104.168388157708563, 14.588600510572775, 0.0 ] ] ] ] } },
{ "type": "Feature", "properties": { "Plang": "47", "Rawang": "5838III1012-10", "Rai": 0.0, "NGan": 1.0, "Wa": 81.0, "CardID": "3330500231941", "Name": "นางสงัด ใจแก้ว", "ADD": "40 ถ. ซ. ม.12 บ. ต.ตะเคียนราม อ.ภูสิงห์ จ.ศรีสะเกษ" }, "geometry": { "type": "MultiPolygon", "coordinates": [ [ [ [ 104.16801726453896, 14.588415472067767, 0.0 ], [ 104.168257238906932, 14.588379009842454, 0.0 ], [ 104.168238099381796, 14.588256687740907, 0.0 ], [ 104.167862463168731, 14.588255366955641, 0.0 ], [ 104.167828634240479, 14.58842391792742, 0.0 ], [ 104.16801726453896, 14.588415472067767, 0.0 ] ] ] ] } },
{ "type": "Feature", "properties": { "Plang": "46", "Rawang": "5838III1012-10", "Rai": 0.0, "NGan": 0.0, "Wa": 91.0, "CardID": "1330500130324", "Name": "นางสาวศรีนวล บุตะเคียน", "ADD": "16 ถ. ซ. ม.12 บ.ห้วยยาง ต.ตะเคียนราม อ.ภูสิงห์ จ.ศรีสะเกษ" }, "geometry": { "type": "MultiPolygon", "coordinates": [ [ [ [ 104.167828634240479, 14.58842391792742, 0.0 ], [ 104.167816071678487, 14.588582500460838, 0.0 ], [ 104.168026731244794, 14.588564038981501, 0.0 ], [ 104.16801726453896, 14.588415472067767, 0.0 ], [ 104.167828634240479, 14.58842391792742, 0.0 ] ] ] ] } },
{ "type": "Feature", "properties": { "Plang": "45", "Rawang": "5838III1012-10", "Rai": 0.0, "NGan": 2.0, "Wa": 91.0, "CardID": "3330500234274", "Name": "นายจำรัส ธรรมพร", "ADD": "60 ถ. ซ. ม.12 บ.ห้วยยาง ต.ตะเคียนราม อ.ภูสิงห์ จ.ศรีสะเกษ" }, "geometry": { "type": "MultiPolygon", "coordinates": [ [ [ [ 104.167769366815023, 14.588751693857558, 0.0 ], [ 104.168176410544689, 14.588712446121017, 0.0 ], [ 104.168163471557008, 14.588527395165359, 0.0 ], [ 104.168288532269898, 14.588500525235585, 0.0 ], [ 104.168257238906932, 14.588379009842454, 0.0 ], [ 104.16801726453896, 14.588415472067767, 0.0 ], [ 104.168026731244794, 14.588564038981501, 0.0 ], [ 104.167816071678487, 14.588582500460838, 0.0 ], [ 104.167769366815023, 14.588751693857558, 0.0 ] ] ] ] } },
{ "type": "Feature", "properties": { "Plang": "44", "Rawang": "5838III1012-10", "Rai": 0.0, "NGan": 0.0, "Wa": 81.0, "CardID": "3330500333078", "Name": "นางสัตย์ บุตะเคียน", "ADD": "40/1 ถ. ซ. ม.12 บ.ห้วยยาง ต.ตะเคียนราม อ.ภูสิงห์ จ.ศรีสะเกษ" }, "geometry": { "type": "MultiPolygon", "coordinates": [ [ [ [ 104.168346424777468, 14.588669478389878, 0.0 ], [ 104.168288532269898, 14.588500525235585, 0.0 ], [ 104.168163471557008, 14.588527395165359, 0.0 ], [ 104.168176410544689, 14.588712446121017, 0.0 ], [ 104.168346424777468, 14.588669478389878, 0.0 ] ] ] ] } },
{ "type": "Feature", "properties": { "Plang": "29", "Rawang": "5838III1012-10", "Rai": 0.0, "NGan": 3.0, "Wa": 37.0, "CardID": "3330500229220", "Name": "นางสาวเตียง ศรีลาชัย", "ADD": "31 ถ. ซ. ม.12 บ.ห้วยยาง ต.ตะเคียนราม อ.ภูสิงห์ จ.ศรีสะเกษ" }, "geometry": { "type": "MultiPolygon", "coordinates": [ [ [ [ 104.168164418676724, 14.58892615778718, 0.0 ], [ 104.16841401024385, 14.588818936283982, 0.0 ], [ 104.168346424777468, 14.588669478389878, 0.0 ], [ 104.168176410544689, 14.588712446121017, 0.0 ], [ 104.167769366815023, 14.588751693857558, 0.0 ], [ 104.167748304756373, 14.588893510291944, 0.0 ], [ 104.168042277502664, 14.58891618838148, 0.0 ], [ 104.168164418676724, 14.58892615778718, 0.0 ] ] ] ] } },
{ "type": "Feature", "properties": { "Plang": "42", "Rawang": "5838III1012-10", "Rai": 0.0, "NGan": 1.0, "Wa": 11.0, "CardID": "3330500229548", "Name": "นางชุม บุตะเคียน", "ADD": "68 ถ. ซ. ม.12 บ. ต.ตะเคียนราม อ.ภูสิงห์ จ.ศรีสะเกษ" }, "geometry": { "type": "MultiPolygon", "coordinates": [ [ [ [ 104.168742572555601, 14.588683931838066, 0.0 ], [ 104.168665315247551, 14.588550711097882, 0.0 ], [ 104.168388157708563, 14.588600510572775, 0.0 ], [ 104.168432791344799, 14.588706910719782, 0.0 ], [ 104.168742572555601, 14.588683931838066, 0.0 ] ] ] ] } },
{ "type": "Feature", "properties": { "Plang": "30", "Rawang": "5838III1012-10", "Rai": 0.0, "NGan": 1.0, "Wa": 11.0, "CardID": "1331700007179", "Name": "นางสาวกัญญารัตน์ ใจแก้ว", "ADD": "40 ถ. ซ. ม.12 บ.ห้วยยาง ต.ตะเคียนราม อ.ภูสิงห์ จ.ศรีสะเกษ" }, "geometry": { "type": "MultiPolygon", "coordinates": [ [ [ [ 104.168432791344799, 14.588706910719782, 0.0 ], [ 104.168484893039746, 14.58883154612343, 0.0 ], [ 104.168792796373836, 14.588790699155906, 0.0 ], [ 104.168742572555601, 14.588683931838066, 0.0 ], [ 104.168432791344799, 14.588706910719782, 0.0 ] ] ] ] } },
{ "type": "Feature", "properties": { "Plang": "28", "Rawang": "5838III1012-10", "Rai": 0.0, "NGan": 1.0, "Wa": 45.0, "CardID": "3330500228991", "Name": "นางสุภาพร บุตะเคียน", "ADD": "120 ถ. ซ. ม.12 บ.ห้วยยาง ต.ตะเคียนราม อ.ภูสิงห์ จ.ศรีสะเกษ" }, "geometry": { "type": "MultiPolygon", "coordinates": [ [ [ [ 104.168490613278607, 14.588995341919512, 0.0 ], [ 104.16841401024385, 14.588818936283982, 0.0 ], [ 104.168164418676724, 14.58892615778718, 0.0 ], [ 104.16818847093289, 14.589066501739232, 0.0 ], [ 104.168334058584165, 14.589036131556515, 0.0 ], [ 104.168490613278607, 14.588995341919512, 0.0 ] ] ] ] } },
{ "type": "Feature", "properties": { "Plang": "27", "Rawang": "5838III1012-10", "Rai": 0.0, "NGan": 0.0, "Wa": 69.0, "CardID": "3330500228908", "Name": "นายลิ บุตะเคียน", "ADD": "05 ถ. ซ. ม.12 บ. ต.ตะเคียนราม อ.ภูสิงห์ จ.ศรีสะเกษ" }, "geometry": { "type": "MultiPolygon", "coordinates": [ [ [ [ 104.168140810083955, 14.589077876532897, 0.0 ], [ 104.16818847093289, 14.589066501739232, 0.0 ], [ 104.168164418676724, 14.58892615778718, 0.0 ], [ 104.168042277502664, 14.58891618838148, 0.0 ], [ 104.168021066471468, 14.589091093581615, 0.0 ], [ 104.168140810083955, 14.589077876532897, 0.0 ] ] ] ] } },
{ "type": "Feature", "properties": { "Plang": "26", "Rawang": "5838III1012-10", "Rai": 0.0, "NGan": 2.0, "Wa": 48.0, "CardID": "3330500228827", "Name": "นายรัด แพงตา", "ADD": "80 ถ. ซ. ม.12 บ.ห้วยยาง ต.ตะเคียนราม อ.ภูสิงห์ จ.ศรีสะเกษ" }, "geometry": { "type": "MultiPolygon", "coordinates": [ [ [ [ 104.167937493068152, 14.58923109465516, 0.0 ], [ 104.168021066471468, 14.589091093581615, 0.0 ], [ 104.168042277502664, 14.58891618838148, 0.0 ], [ 104.167748304756373, 14.588893510291944, 0.0 ], [ 104.167749845263245, 14.589158388362332, 0.0 ], [ 104.167773501785518, 14.589221199612703, 0.0 ], [ 104.167937493068152, 14.58923109465516, 0.0 ] ] ] ] } },
{ "type": "Feature", "properties": { "Plang": "23", "Rawang": "5838III1012-10", "Rai": 0.0, "NGan": 0.0, "Wa": 71.0, "CardID": "3330500228967", "Name": "นายยน แพงตา", "ADD": "143 ถ. ซ. ม.12 บ.ห้วยยาง ต.ตะเคียนราม อ.ภูสิงห์ จ.ศรีสะเกษ" }, "geometry": { "type": "MultiPolygon", "coordinates": [ [ [ [ 104.168151979232761, 14.589227554365181, 0.0 ], [ 104.168140810083955, 14.589077876532897, 0.0 ], [ 104.168021066471468, 14.589091093581615, 0.0 ], [ 104.167937493068152, 14.58923109465516, 0.0 ], [ 104.168151979232761, 14.589227554365181, 0.0 ] ] ] ] } },
{ "type": "Feature", "properties": { "Plang": "24", "Rawang": "5838III1012-10", "Rai": 0.0, "NGan": 1.0, "Wa": 1.0, "CardID": "1331700024499", "Name": "นางสาวอาภาพร บุญขาว", "ADD": "143 ถ. ซ. ม.12 บ.ห้วยยาง ต.ตะเคียนราม อ.ภูสิงห์ จ.ศรีสะเกษ" }, "geometry": { "type": "MultiPolygon", "coordinates": [ [ [ [ 104.168151979232761, 14.589227554365181, 0.0 ], [ 104.168356186973938, 14.589224343530223, 0.0 ], [ 104.168334058584165, 14.589036131556515, 0.0 ], [ 104.16818847093289, 14.589066501739232, 0.0 ], [ 104.168140810083955, 14.589077876532897, 0.0 ], [ 104.168151979232761, 14.589227554365181, 0.0 ] ] ] ] } },
{ "type": "Feature", "properties": { "Plang": "25", "Rawang": "5838III1012-10", "Rai": 0.0, "NGan": 1.0, "Wa": 2.0, "CardID": "3330500228495", "Name": "นางสาวสะใบทอง บุตะเคียน", "ADD": "117 ถ. ซ. ม.12 บ.ห้วยยาง ต.ตะเคียนราม อ.ภูสิงห์ จ.ศรีสะเกษ" }, "geometry": { "type": "MultiPolygon", "coordinates": [ [ [ [ 104.168565827486759, 14.589152655035537, 0.0 ], [ 104.168490613278607, 14.588995341919512, 0.0 ], [ 104.168334058584165, 14.589036131556515, 0.0 ], [ 104.168356186973938, 14.589224343530223, 0.0 ], [ 104.168565827486759, 14.589152655035537, 0.0 ] ] ] ] } },
{ "type": "Feature", "properties": { "Plang": "22", "Rawang": "5838III1012-10", "Rai": 0.0, "NGan": 1.0, "Wa": 29.0, "CardID": "3330500228924", "Name": "นางสาวสนุน บุตะเคียน", "ADD": "11/1 ถ. ซ. ม.12 บ. ต.ตะเคียนราม อ.ภูสิงห์ จ.ศรีสะเกษ" }, "geometry": { "type": "MultiPolygon", "coordinates": [ [ [ [ 104.168376525987256, 14.589393297927776, 0.0 ], [ 104.168645705172509, 14.589313025363765, 0.0 ], [ 104.168565827486759, 14.589152655035537, 0.0 ], [ 104.168356186973938, 14.589224343530223, 0.0 ], [ 104.168376525987256, 14.589393297927776, 0.0 ] ] ] ] } },
{ "type": "Feature", "properties": { "Plang": "21", "Rawang": "5838III1012-10", "Rai": 0.0, "NGan": 1.0, "Wa": 78.0, "CardID": "3330500231747", "Name": "นายสุรัน อุดรพันธ์", "ADD": "06 ถ. ซ. ม.12 บ. ต.ตะเคียนราม อ.ภูสิงห์ จ.ศรีสะเกษ" }, "geometry": { "type": "MultiPolygon", "coordinates": [ [ [ [ 104.168486118169227, 14.589526196354392, 0.0 ], [ 104.168771513187281, 14.58953663522143, 0.0 ], [ 104.168645705172509, 14.589313025363765, 0.0 ], [ 104.168376525987256, 14.589393297927776, 0.0 ], [ 104.168361409751213, 14.589488642231599, 0.0 ], [ 104.168486118169227, 14.589526196354392, 0.0 ] ] ] ] } },
{ "type": "Feature", "properties": { "Plang": "18", "Rawang": "5838III1012-10", "Rai": 0.0, "NGan": 2.0, "Wa": 41.0, "CardID": "3330500231950", "Name": "นางสาวรัณ บุตะเคียน", "ADD": "24 ถ. ซ. ม.12 บ.ห้วยยาง ต.ตะเคียนราม อ.ภูสิงห์ จ.ศรีสะเกษ" }, "geometry": { "type": "MultiPolygon", "coordinates": [ [ [ [ 104.168849272204923, 14.589662349934631, 0.0 ], [ 104.168771513187281, 14.58953663522143, 0.0 ], [ 104.168486118169227, 14.589526196354392, 0.0 ], [ 104.168468273250639, 14.589680248436744, 0.0 ], [ 104.168330736425489, 14.589646821369644, 0.0 ], [ 104.168329865908106, 14.589774049697288, 0.0 ], [ 104.16864282525647, 14.58974096496595, 0.0 ], [ 104.168849272204923, 14.589662349934631, 0.0 ] ] ] ] } },
{ "type": "Feature", "properties": { "Plang": "19", "Rawang": "5838III1012-10", "Rai": 0.0, "NGan": 1.0, "Wa": 13.0, "CardID": "5330500029006", "Name": "นางประทุม ตะเคียนเกลี้ยง", "ADD": "102 ถ. ซ. ม.12 บ.ห้วยยาง ต.ตะเคียนราม อ.ภูสิงห์ จ.ศรีสะเกษ" }, "geometry": { "type": "MultiPolygon", "coordinates": [ [ [ [ 104.168330736425489, 14.589646821369644, 0.0 ], [ 104.168468273250639, 14.589680248436744, 0.0 ], [ 104.168486118169227, 14.589526196354392, 0.0 ], [ 104.168361409751213, 14.589488642231599, 0.0 ], [ 104.168260654484868, 14.589469821450523, 0.0 ], [ 104.168232343514987, 14.589632060355164, 0.0 ], [ 104.168330736425489, 14.589646821369644, 0.0 ] ] ] ] } },
{ "type": "Feature", "properties": { "Plang": "15", "Rawang": "5838III1012-10", "Rai": 0.0, "NGan": 2.0, "Wa": 42.0, "CardID": "1330500176618", "Name": "นางสาววันดี ตะเคียนเกลี้ยง", "ADD": "92 ถ. ซ. ม.12 บ.ห้วยยาง ต.ตะเคียนราม อ.ภูสิงห์ จ.ศรีสะเกษ" }, "geometry": { "type": "MultiPolygon", "coordinates": [ [ [ [ 104.168669416443421, 14.589865588300361, 0.0 ], [ 104.16864282525647, 14.58974096496595, 0.0 ], [ 104.168329865908106, 14.589774049697288, 0.0 ], [ 104.168103308588229, 14.589787885287292, 0.0 ], [ 104.168114300421607, 14.589960832651439, 0.0 ], [ 104.168669416443421, 14.589865588300361, 0.0 ] ] ] ] } },
{ "type": "Feature", "properties": { "Plang": "16", "Rawang": "5838III1012-10", "Rai": 0.0, "NGan": 1.0, "Wa": 19.0, "CardID": "3330500216462", "Name": "นางชิน ทองแพรว", "ADD": "115 ถ. ซ. ม.12 บ.ห้วยยาง ต.ตะเคียนราม อ.ภูสิงห์ จ.ศรีสะเกษ" }, "geometry": { "type": "MultiPolygon", "coordinates": [ [ [ [ 104.168849272204923, 14.589662349934631, 0.0 ], [ 104.16864282525647, 14.58974096496595, 0.0 ], [ 104.168669416443421, 14.589865588300361, 0.0 ], [ 104.168675148979844, 14.589881228863026, 0.0 ], [ 104.168945115755406, 14.589817884514229, 0.0 ], [ 104.168849272204923, 14.589662349934631, 0.0 ] ] ] ] } },
{ "type": "Feature", "properties": { "Plang": "10", "Rawang": "5838III1012-10", "Rai": 0.0, "NGan": 3.0, "Wa": 5.0, "CardID": "2331700001969", "Name": "นางสาวปรียาพร บุตะเคียน", "ADD": "39 ถ. ซ. ม.02 บ.ตะเคียนรามตะวันตก ต.ตะเคียนราม อ.ภูสิงห์ จ.ศรีสะเกษ" }, "geometry": { "type": "MultiPolygon", "coordinates": [ [ [ [ 104.169498940375703, 14.59097921856384, 0.0 ], [ 104.169628629782935, 14.590970236795368, 0.0 ], [ 104.169668668955723, 14.590964618532663, 0.0 ], [ 104.169624002284877, 14.590629830255912, 0.0 ], [ 104.169321661369324, 14.590633485078053, 0.0 ], [ 104.169389108149289, 14.591002359257592, 0.0 ], [ 104.169498940375703, 14.59097921856384, 0.0 ] ] ] ] } },
{ "type": "Feature", "properties": { "Plang": "11", "Rawang": "5838III1012-10", "Rai": 0.0, "NGan": 0.0, "Wa": 81.0, "CardID": "3330500228118", "Name": "นายชิน บุตะเคียน", "ADD": "42/1 ถ. ซ. ม.2 บ. ต.ตะเคียนราม อ.ภูสิงห์ จ.ศรีสะเกษ" }, "geometry": { "type": "MultiPolygon", "coordinates": [ [ [ [ 104.169146721136499, 14.590775139570088, 0.0 ], [ 104.169267786312645, 14.590738257775236, 0.0 ], [ 104.169234423118951, 14.590585604269458, 0.0 ], [ 104.169039206952419, 14.590613197473912, 0.0 ], [ 104.169146721136499, 14.590775139570088, 0.0 ] ] ] ] } },
{ "type": "Feature", "properties": { "Plang": "8", "Rawang": "5838III1012-10", "Rai": 0.0, "NGan": 2.0, "Wa": 43.0, "CardID": "3330500227995", "Name": "นางสมิด จันทิมาร", "ADD": "50 ถ. ซ. ม.2 บ.ตะเคียนรามตะวันตก ต.ตะเคียนราม อ.ภูสิงห์ จ.ศรีสะเกษ" }, "geometry": { "type": "MultiPolygon", "coordinates": [ [ [ [ 104.168955871605647, 14.590968271388329, 0.0 ], [ 104.169183809327336, 14.590924817183232, 0.0 ], [ 104.169161625429282, 14.590856597863242, 0.0 ], [ 104.169146721136499, 14.590775139570088, 0.0 ], [ 104.169039206952419, 14.590613197473912, 0.0 ], [ 104.168873401635011, 14.590613363543124, 0.0 ], [ 104.168835373873463, 14.590804056160534, 0.0 ], [ 104.168906100096152, 14.590804853498989, 0.0 ], [ 104.168955871605647, 14.590968271388329, 0.0 ] ] ] ] } },
{ "type": "Feature", "properties": { "Plang": "7", "Rawang": "5838III1012-10", "Rai": 0.0, "NGan": 0.0, "Wa": 73.0, "CardID": "5330500025728", "Name": "นางสาวกาญจนา บุตะเคียน", "ADD": "20 ถ. ซ. ม.2 บ.ตะเคียนรามตะวันตก ต.ตะเคียนราม อ.ภูสิงห์ จ.ศรีสะเกษ" }, "geometry": { "type": "MultiPolygon", "coordinates": [ [ [ [ 104.168942174584004, 14.591055823354605, 0.0 ], [ 104.168955871605647, 14.590968271388329, 0.0 ], [ 104.168906100096152, 14.590804853498989, 0.0 ], [ 104.168835373873463, 14.590804056160534, 0.0 ], [ 104.168833241731065, 14.59102871237771, 0.0 ], [ 104.168942174584004, 14.591055823354605, 0.0 ] ] ] ] } },
{ "type": "Feature", "properties": { "Plang": "9", "Rawang": "5838III1012-10", "Rai": 0.0, "NGan": 1.0, "Wa": 16.0, "CardID": "2330500016520", "Name": "นางสุทัย เพิ่มฉลาด", "ADD": "80/1 ถ. ซ. ม.2 บ. ต.ตะเคียนราม อ.ภูสิงห์ จ.ศรีสะเกษ" }, "geometry": { "type": "MultiPolygon", "coordinates": [ [ [ [ 104.169267786312645, 14.590738257775236, 0.0 ], [ 104.169146721136499, 14.590775139570088, 0.0 ], [ 104.169161625429282, 14.590856597863242, 0.0 ], [ 104.169183809327336, 14.590924817183232, 0.0 ], [ 104.169195878279154, 14.591074164544869, 0.0 ], [ 104.169324564146066, 14.591064417184771, 0.0 ], [ 104.169267786312645, 14.590738257775236, 0.0 ] ] ] ] } },
{ "type": "Feature", "properties": { "Plang": "6", "Rawang": "5838III1012-10", "Rai": 0.0, "NGan": 1.0, "Wa": 20.0, "CardID": "3330500227804", "Name": "นางต๋อม ตะเคียนเกลี้ยง", "ADD": "221 ถ. ซ. ม.12 บ.ห้วยยาง ต.ตะเคียนราม อ.ภูสิงห์ จ.ศรีสะเกษ" }, "geometry": { "type": "MultiPolygon", "coordinates": [ [ [ [ 104.169423014984531, 14.59118071973009, 0.0 ], [ 104.169518522880423, 14.591169958470742, 0.0 ], [ 104.169570414332384, 14.591139710685367, 0.0 ], [ 104.169600487830536, 14.591116334771217, 0.0 ], [ 104.169640852427449, 14.591117299900285, 0.0 ], [ 104.169628629782935, 14.590970236795368, 0.0 ], [ 104.169498940375703, 14.59097921856384, 0.0 ], [ 104.169389108149289, 14.591002359257592, 0.0 ], [ 104.169423014984531, 14.59118071973009, 0.0 ] ] ] ] } },
{ "type": "Feature", "properties": { "Plang": "5", "Rawang": "5838III1012-10", "Rai": 0.0, "NGan": 1.0, "Wa": 80.0, "CardID": "3330500350649", "Name": "นางสิริ บุญกู่", "ADD": "80 ถ. ซ. ม.2 บ.ตะเคียนรามตะวันตก ต.ตะเคียนราม อ.ภูสิงห์ จ.ศรีสะเกษ" }, "geometry": { "type": "MultiPolygon", "coordinates": [ [ [ [ 104.169518522880423, 14.591169958470742, 0.0 ], [ 104.169423014984531, 14.59118071973009, 0.0 ], [ 104.169446355128755, 14.591295519645712, 0.0 ], [ 104.169487983037584, 14.591309482863078, 0.0 ], [ 104.169788156485509, 14.591307691050368, 0.0 ], [ 104.16977967569774, 14.591102260999229, 0.0 ], [ 104.169640852427449, 14.591117299900285, 0.0 ], [ 104.169600487830536, 14.591116334771217, 0.0 ], [ 104.169570414332384, 14.591139710685367, 0.0 ], [ 104.169518522880423, 14.591169958470742, 0.0 ] ] ] ] } },
{ "type": "Feature", "properties": { "Plang": "4", "Rawang": "5838III1012-10", "Rai": 0.0, "NGan": 0.0, "Wa": 67.0, "CardID": "3330500231160", "Name": "นางสาวสุด บุตะเคียน", "ADD": "95 ถ. ซ. ม.2 บ.ตะเคียนรามตะวันตก ต.ตะเคียนราม อ.ภูสิงห์ จ.ศรีสะเกษ" }, "geometry": { "type": "MultiPolygon", "coordinates": [ [ [ [ 104.169329730167618, 14.591101619701137, 0.0 ], [ 104.169174719774006, 14.591120401007331, 0.0 ], [ 104.169178610077282, 14.591217352623548, 0.0 ], [ 104.169178197698699, 14.591251854521127, 0.0 ], [ 104.169357312050934, 14.591237609030191, 0.0 ], [ 104.169329730167618, 14.591101619701137, 0.0 ] ] ] ] } },
{ "type": "Feature", "properties": { "Plang": "3", "Rawang": "5838III1012-10", "Rai": 0.0, "NGan": 2.0, "Wa": 4.0, "CardID": "3330500350002", "Name": "นางสายุด ตะเคียนเกลี้ยง", "ADD": "80/2 ถ. ซ. ม.2 บ.ตะเคียนรามตะวันตก ต.ตะเคียนราม อ.ภูสิงห์ จ.ศรีสะเกษ" }, "geometry": { "type": "MultiPolygon", "coordinates": [ [ [ [ 104.168955871605647, 14.590968271388329, 0.0 ], [ 104.168942174584004, 14.591055823354605, 0.0 ], [ 104.16896274759786, 14.591214256011179, 0.0 ], [ 104.169178610077282, 14.591217352623548, 0.0 ], [ 104.169174719774006, 14.591120401007331, 0.0 ], [ 104.169329730167618, 14.591101619701137, 0.0 ], [ 104.169324564146066, 14.591064417184771, 0.0 ], [ 104.169195878279154, 14.591074164544869, 0.0 ], [ 104.169183809327336, 14.590924817183232, 0.0 ], [ 104.168955871605647, 14.590968271388329, 0.0 ] ] ] ] } }
]
}
